cell_id,station,target_type,lead_hour,season,weighted_ece,ece_ci_lower,ece_ci_upper,d_effect,effect_size_alert,n_decision_bins,bh_q_value
1,KORD,Max,6,Winter,0.07539648614276952,0.06433397019402823,0.12038217059676556,0.04551119583851915,False,10,0.9163420856772009
2,KORD,Max,6,Spring,0.053805785109468963,0.05004883159324983,0.11519128932936845,0.07208951314173029,False,9,0.9163420856772009
3,KORD,Max,6,Summer,0.07631006561651094,0.06189862799362583,0.12903258141958107,0.054083027828844,False,8,0.9163420856772009
4,KORD,Max,6,Autumn,0.04624154241776261,0.04011809857777921,0.09677194029501984,0.1110828445335939,True,9,0.9163420856772009
5,KORD,Max,12,Winter,0.04822866343091122,0.03471863316911878,0.1067792852059584,0.07197520837508053,False,8,0.9163420856772009
6,KORD,Max,12,Spring,0.04380323256736393,0.03953948420059803,0.09991748808008628,0.09427724528588832,True,9,0.9163420856772009
7,KORD,Max,12,Summer,0.06465131117257815,0.05002109084512113,0.12093145245768462,0.07125972888196885,False,8,0.9163420856772009
8,KORD,Max,12,Autumn,0.05451101620827876,0.04189414499449107,0.10377879636496175,0.1445001134179804,True,8,0.9163420856772009
9,KORD,Max,18,Winter,0.06538563422882003,0.057523020330859174,0.1252998113834502,0.12340693971823852,True,9,0.9163420856772009
10,KORD,Max,18,Spring,0.0784012476210272,0.06778904385470394,0.1240334599605227,0.07320121194009649,False,9,0.9163420856772009
11,KORD,Max,18,Summer,0.04145285949325452,0.04312080641892784,0.09560538813323839,0.10379064204076088,True,8,0.9163420856772009
12,KORD,Max,18,Autumn,0.04065863453343798,0.03990732743345158,0.09446902326356141,0.0984017815719479,True,8,0.9163420856772009
13,KORD,Max,24,Winter,0.06932169241896899,0.05685400778737938,0.12053878018243425,0.11097967006335202,True,9,0.9163420856772009
14,KORD,Max,24,Spring,0.0636305905909139,0.055646219816261576,0.1202544791535617,0.080474647502362,True,9,0.9163420856772009
15,KORD,Max,24,Summer,0.040567591049264023,0.040074588973564126,0.09829692502926375,0.09669777629505057,True,9,0.9163420856772009
16,KORD,Max,24,Autumn,0.05004657253838884,0.04426785954639251,0.1072454004580322,0.08202950554209198,True,9,0.9163420856772009
17,KORD,Max,30,Winter,0.04375883548531463,0.04842874446524837,0.11018899909768913,0.1414919892496619,True,8,0.9163420856772009
18,KORD,Max,30,Spring,0.07094741972358912,0.052458716941503954,0.12693375924094188,0.08844003666625994,True,8,0.9163420856772009
19,KORD,Max,30,Summer,0.049299977711816226,0.042921787194460534,0.10545476560645854,0.11197121981467562,True,9,0.9163420856772009
20,KORD,Max,30,Autumn,0.06095093256527952,0.048963489872868124,0.11778155523368054,0.1004235280641409,True,9,0.9163420856772009
21,KORD,Max,36,Winter,0.035044461478674876,0.03810400325143693,0.09393751421787226,0.0733524711996697,False,7,0.9163420856772009
22,KORD,Max,36,Spring,0.04856523560132214,0.0462868583947477,0.10680633272546211,0.09192061755595063,True,8,0.9163420856772009
23,KORD,Max,36,Summer,0.04570037700504162,0.03583205021212955,0.09448323455935921,0.06221382987457669,False,8,0.9163420856772009
24,KORD,Max,36,Autumn,0.05962065909322382,0.04552902537628551,0.11157157296317297,0.07394007929000002,False,8,0.9163420856772009
25,KORD,Max,42,Winter,0.03535131097360728,0.04069963784045318,0.09682211269280658,0.09541156307355914,True,7,0.9163420856772009
26,KORD,Max,42,Spring,0.04702611796726375,0.0471065619762724,0.09687573061350704,0.07831395576284808,False,8,0.9163420856772009
27,KORD,Max,42,Summer,0.03617423454709544,0.037694458797074594,0.08615119251743854,0.05918276536647482,False,8,0.9163420856772009
28,KORD,Max,42,Autumn,0.04116179495899511,0.04285973780115047,0.11137880967334483,0.122092582987817,True,7,0.9163420856772009
29,KORD,Max,48,Winter,0.06256657633617609,0.0521134446578606,0.11263038510199404,0.08475652580692539,True,7,0.9163420856772009
30,KORD,Max,48,Spring,0.042077965191190926,0.037174369537387474,0.10098641466642443,0.10042755622222628,True,9,0.9163420856772009
31,KORD,Max,48,Summer,0.0346997174929573,0.039662365234955275,0.09624970902746728,0.08847246116406615,True,7,0.9163420856772009
32,KORD,Max,48,Autumn,0.06101492938724115,0.06017964402299028,0.10701411633796074,0.08815538310562276,True,10,0.9163420856772009
33,KORD,Max,54,Winter,0.04276047673047777,0.04102618042210191,0.10529980647206294,0.06486006073922013,False,9,0.9163420856772009
34,KORD,Max,54,Spring,0.038179606839643554,0.03770002173107331,0.10220994107160859,0.061116370332950476,False,7,0.9163420856772009
35,KORD,Max,54,Summer,0.06240363214040164,0.05169483568615986,0.12100506834577979,0.08855266686857638,True,9,0.9163420856772009
36,KORD,Max,54,Autumn,0.05171053894203789,0.04216416139987462,0.10291284913968986,0.07954272039633745,False,8,0.9163420856772009
37,KORD,Max,60,Winter,0.04439257440258055,0.03623385598173299,0.0996100792915632,0.09318203235876127,True,8,0.9163420856772009
38,KORD,Max,60,Spring,0.056991995449069785,0.04673446336598897,0.10320541543071787,0.12575979243801494,True,9,0.9163420856772009
39,KORD,Max,60,Summer,0.044086001984496255,0.03773279389531018,0.09879486251331845,0.064001283220191,False,8,0.9163420856772009
40,KORD,Max,60,Autumn,0.05180806600993464,0.04108165255561756,0.11568110894914602,0.10172106325569541,True,8,0.9163420856772009
41,KORD,Max,66,Winter,0.07710397905504664,0.06339253612630001,0.12936171266364696,0.10499149970347366,True,8,0.9163420856772009
42,KORD,Max,66,Spring,0.06087407033730184,0.04958164861976602,0.10254375625706091,0.09397536786331939,True,8,0.9163420856772009
43,KORD,Max,66,Summer,0.06730149895796152,0.05440651744222811,0.11686805966220853,0.07296361182378816,False,10,0.9163420856772009
44,KORD,Max,66,Autumn,0.03966251334480036,0.03562847277233528,0.09964364432439826,0.08364205019285187,True,7,0.9163420856772009
45,KORD,Max,72,Winter,0.06598850794946094,0.050338261050782644,0.11688147923555921,0.08050697254717698,True,8,0.9163420856772009
46,KORD,Max,72,Spring,0.04924671853329072,0.04711016889955768,0.09754056227810474,0.0816146836160122,True,9,0.9163420856772009
47,KORD,Max,72,Summer,0.045769671583048545,0.03931225875388423,0.10481673039549426,0.10659178538943237,True,9,0.9163420856772009
48,KORD,Max,72,Autumn,0.04834635014804041,0.04607900406968816,0.1077916115695043,0.06421573377764034,False,9,0.9163420856772009
49,KORD,Min,6,Winter,0.07408848344400541,0.06997378712825199,0.12592737225161318,0.049102070869096626,False,9,0.9163420856772009
50,KORD,Min,6,Spring,0.03484301586013542,0.03674219583505048,0.09608750074658304,0.0760151236147869,False,10,0.9163420856772009
51,KORD,Min,6,Summer,0.044454043010680684,0.04159641081726233,0.10628763900984532,0.06140082022283566,False,7,0.9163420856772009
52,KORD,Min,6,Autumn,0.047629273726598545,0.04604663251972195,0.11493972573522959,0.1070320836899018,True,8,0.9163420856772009
53,KORD,Min,12,Winter,0.04091175626422311,0.03672640916320364,0.09314878656328883,0.06784674361875254,False,8,0.9163420856772009
54,KORD,Min,12,Spring,0.03482528169673292,0.03779291309857184,0.08680770405957622,0.10556300914328959,True,8,0.9163420856772009
55,KORD,Min,12,Summer,0.05179412457815959,0.04844012648600608,0.108253684282999,0.08830208863223321,True,8,0.9163420856772009
56,KORD,Min,12,Autumn,0.06066400313795852,0.05456077227115531,0.11022638448444133,0.1319871928560663,True,9,0.9163420856772009
57,KORD,Min,18,Winter,0.045878196698300525,0.03898733509991604,0.10176700045127882,0.0959451452152057,True,10,0.9163420856772009
58,KORD,Min,18,Spring,0.07685668396000606,0.06029198905048451,0.12031949215393567,0.07986791880677047,False,9,0.9163420856772009
59,KORD,Min,18,Summer,0.049284768586963554,0.03955410092575815,0.09537850532644528,0.10759295094521348,True,8,0.9163420856772009
60,KORD,Min,18,Autumn,0.06997455883762886,0.05125724361659954,0.11956835906976868,0.08013454359427596,True,6,0.9163420856772009
61,KORD,Min,24,Winter,0.03754855225926612,0.034868980544596896,0.097510352232994,0.1125576783731409,True,9,0.9163420856772009
62,KORD,Min,24,Spring,0.07314639996985457,0.06171225424102596,0.12370872654763665,0.07244869596610226,False,8,0.9163420856772009
63,KORD,Min,24,Summer,0.07114077603605727,0.05867580985587191,0.11469333548590105,0.06759454866046666,False,9,0.9163420856772009
64,KORD,Min,24,Autumn,0.05424105099716194,0.043027072962149936,0.1171126430147402,0.17830235429446584,True,7,0.9163420856772009
65,KORD,Min,30,Winter,0.04073123446941795,0.03679296710038745,0.09625757234788727,0.08421200856692324,True,9,0.9163420856772009
66,KORD,Min,30,Spring,0.03930033773490382,0.03771260850045545,0.10101724017599578,0.10899315678185739,True,7,0.9163420856772009
67,KORD,Min,30,Summer,0.05614797120080816,0.04852997776526155,0.1052158360932891,0.11395513009579272,True,9,0.9163420856772009
68,KORD,Min,30,Autumn,0.045337112400958154,0.04075441026822635,0.10542080271565388,0.060564009343585745,False,9,0.9163420856772009
69,KORD,Min,36,Winter,0.036707683932999016,0.03822482001656739,0.091247407516967,0.1386674493260427,True,7,0.9163420856772009
70,KORD,Min,36,Spring,0.05674160826550653,0.052767246078293716,0.10669234215307011,0.06087768983766778,False,9,0.9163420856772009
71,KORD,Min,36,Summer,0.052713384573002224,0.04312978777076512,0.10652389171944407,0.06489178022387587,False,9,0.9163420856772009
72,KORD,Min,36,Autumn,0.04910019998217826,0.046433984370351344,0.10869313376919107,0.044408107657368356,False,7,0.9163420856772009
73,KORD,Min,42,Winter,0.05046478774726571,0.04168211876818179,0.1044779551136071,0.06649565561827597,False,8,0.9163420856772009
74,KORD,Min,42,Spring,0.05370479300785137,0.04954978009381478,0.10864790047416871,0.09333971477460762,True,8,0.9163420856772009
75,KORD,Min,42,Summer,0.05656187931842244,0.059069530003646425,0.11416269213862384,0.11501442219636937,True,8,0.9163420856772009
76,KORD,Min,42,Autumn,0.04653279342304472,0.04767650636160183,0.10161127825779517,0.08420011982779418,True,9,0.9163420856772009
77,KORD,Min,48,Winter,0.07980891038866565,0.06022839647864699,0.1289284313295561,0.08689219418938843,True,9,0.9163420856772009
78,KORD,Min,48,Spring,0.038741821492083446,0.03838795343072443,0.09719826705795755,0.08509927478294876,True,8,0.9163420856772009
79,KORD,Min,48,Summer,0.0702364128639599,0.049209054145629164,0.11925196460293842,0.09507054886571129,True,10,0.9163420856772009
80,KORD,Min,48,Autumn,0.0570682126316795,0.048049879773844964,0.11026888813044494,0.07386505096841844,False,8,0.9163420856772009
81,KORD,Min,54,Winter,0.07213859422577412,0.05325370981867066,0.11646697829813223,0.1341527077496114,True,9,0.9163420856772009
82,KORD,Min,54,Spring,0.05139057704651908,0.03992425514984312,0.10966429254400963,0.06987763361474963,False,8,0.9163420856772009
83,KORD,Min,54,Summer,0.04430209741537402,0.042779886856151694,0.10090876358539831,0.06924207209721644,False,9,0.9163420856772009
84,KORD,Min,54,Autumn,0.09597546517031022,0.06744005189041352,0.15392880610655327,0.11860465824368972,True,9,0.9163420856772009
85,KORD,Min,60,Winter,0.04604804635154898,0.040930612838507185,0.10119010468031732,0.07723200926243895,False,8,0.9163420856772009
86,KORD,Min,60,Spring,0.03046551420695429,0.03646115838162646,0.08669201620799058,0.0627912216353601,False,8,0.9163420856772009
87,KORD,Min,60,Summer,0.05298272845123609,0.04747542512175127,0.11263063536074795,0.09049751209369616,True,8,0.9163420856772009
88,KORD,Min,60,Autumn,0.06565138884381236,0.05570240078748184,0.10954892283237863,0.09437376056222757,True,8,0.9163420856772009
89,KORD,Min,66,Winter,0.0525489218016443,0.0386480151463783,0.11147279592493295,0.06441331036527109,False,9,0.9163420856772009
90,KORD,Min,66,Spring,0.05231830482781434,0.043465882132711006,0.10318883050251029,0.08415208249186878,True,7,0.9163420856772009
91,KORD,Min,66,Summer,0.06738850618178806,0.05435842910042217,0.11904951415922424,0.08826529609193162,True,9,0.9163420856772009
92,KORD,Min,66,Autumn,0.05298278399553612,0.05524922460583396,0.10847705798229756,0.06566517744660398,False,9,0.9163420856772009
93,KORD,Min,72,Winter,0.05739154835425693,0.05480323799687709,0.10557628204565057,0.06996069102153171,False,8,0.9163420856772009
94,KORD,Min,72,Spring,0.061813146840093085,0.045716717841115466,0.10924972093621742,0.08291918389825481,True,9,0.9163420856772009
95,KORD,Min,72,Summer,0.08075020200419356,0.06372745587325933,0.12322529564920162,0.061873457096078666,False,9,0.9163420856772009
96,KORD,Min,72,Autumn,0.06583792061343353,0.04727843408611742,0.118938694413522,0.10232255045524397,True,9,0.9163420856772009
97,KMIA,Max,6,Winter,0.039073028002354175,0.04060033370396601,0.09060969607173763,0.053791729600484006,False,10,0.9163420856772009
98,KMIA,Max,6,Spring,0.03341018435454456,0.037870726858862225,0.096514056779155,0.12586289229791592,True,8,0.9163420856772009
99,KMIA,Max,6,Summer,0.041553068410302915,0.04588348610952341,0.10030312857914862,0.111558448323242,True,9,0.9163420856772009
100,KMIA,Max,6,Autumn,0.03998473028903226,0.04307076076568131,0.09411002235004934,0.13427854305574338,True,9,0.9163420856772009
101,KMIA,Max,12,Winter,0.05423216953397176,0.04405046802852095,0.1011225956465388,0.09008785612042236,True,9,0.9163420856772009
102,KMIA,Max,12,Spring,0.04495357997445697,0.04119417930048996,0.09536962370845109,0.053023094467141534,False,8,0.9163420856772009
103,KMIA,Max,12,Summer,0.03350394360283816,0.03964695613456786,0.09888078441170005,0.09846684372811043,True,8,0.9163420856772009
104,KMIA,Max,12,Autumn,0.030100680357265642,0.034867647711279426,0.0867058161025371,0.12285238670059906,True,7,0.9163420856772009
105,KMIA,Max,18,Winter,0.06384599973656485,0.054147205153667666,0.11751321422849531,0.06259080076634,False,8,0.9163420856772009
106,KMIA,Max,18,Spring,0.07412895014813152,0.05941229156906135,0.11800701347755424,0.06515344871102069,False,8,0.9163420856772009
107,KMIA,Max,18,Summer,0.04721298238720822,0.03450358771991865,0.09700039661385901,0.08264613530931764,True,9,0.9163420856772009
108,KMIA,Max,18,Autumn,0.06603076498406438,0.05152177872192339,0.12022710305533568,0.0932975417660945,True,9,0.9163420856772009
109,KMIA,Max,24,Winter,0.04418440165592546,0.04046696877077341,0.09106967116178989,0.09318205345297698,True,9,0.9163420856772009
110,KMIA,Max,24,Spring,0.059641045378753435,0.04641063333552239,0.11267772291430661,0.06915941927719124,False,8,0.9163420856772009
111,KMIA,Max,24,Summer,0.04546781766387516,0.04812955710333026,0.10007624149670981,0.11300740700804845,True,9,0.9163420856772009
112,KMIA,Max,24,Autumn,0.05390440551321911,0.03963062515370234,0.11657282258257233,0.07343288619444227,False,8,0.9163420856772009
113,KMIA,Max,30,Winter,0.05886240348282129,0.044605199830660226,0.11409106455147876,0.07214188081475026,False,8,0.9163420856772009
114,KMIA,Max,30,Spring,0.048608790911272924,0.03997635337084149,0.09176835910738283,0.09224266031210415,True,10,0.9163420856772009
115,KMIA,Max,30,Summer,0.05001852366048217,0.047869207384303364,0.10276418005491135,0.054391588358881915,False,9,0.9163420856772009
116,KMIA,Max,30,Autumn,0.059397961473867014,0.04928175904955383,0.11662133679908185,0.0680587266168523,False,10,0.9163420856772009
117,KMIA,Max,36,Winter,0.06636708071355532,0.05246690896890115,0.11599787694206418,0.07329128622533598,False,10,0.9163420856772009
118,KMIA,Max,36,Spring,0.06428838207461374,0.05733882363108344,0.117616791030062,0.10091396423887788,True,9,0.9163420856772009
119,KMIA,Max,36,Summer,0.03666827492318496,0.03700316497369459,0.09045041420879744,0.05510838739988011,False,8,0.9163420856772009
120,KMIA,Max,36,Autumn,0.06934749866511374,0.049041719308679066,0.1179055043299647,0.11200668631990646,True,9,0.9163420856772009
121,KMIA,Max,42,Winter,0.04631147279814687,0.04210237216729465,0.10215936939106461,0.08676206992569074,True,10,0.9163420856772009
122,KMIA,Max,42,Spring,0.05136154301403004,0.04516607439093975,0.10817296123749592,0.07111691393070568,False,8,0.9163420856772009
123,KMIA,Max,42,Summer,0.053753143936154775,0.04840082033067318,0.11053452848456279,0.06349875765030899,False,9,0.9163420856772009
124,KMIA,Max,42,Autumn,0.03759193785953473,0.03579555139162866,0.09291526125961899,0.07618130920297891,False,9,0.9163420856772009
125,KMIA,Max,48,Winter,0.0712006766323076,0.061121569211504946,0.11089668720011217,0.05694703325846062,False,9,0.9163420856772009
126,KMIA,Max,48,Spring,0.03816212521657598,0.038759476454860255,0.09286194577863921,0.06211628962943966,False,8,0.9163420856772009
127,KMIA,Max,48,Summer,0.046637204084521815,0.0407479935984321,0.0973393355671777,0.07837449349799713,False,9,0.9163420856772009
128,KMIA,Max,48,Autumn,0.06879032188399505,0.04818638707998631,0.10758607778453683,0.056148656201760155,False,9,0.9163420856772009
129,KMIA,Max,54,Winter,0.06455652491103686,0.051381359541466,0.11712989200784499,0.08409600758050051,True,9,0.9163420856772009
130,KMIA,Max,54,Spring,0.032987256660643526,0.041353709277530536,0.09237401546695016,0.1688315490594915,True,9,0.9163420856772009
131,KMIA,Max,54,Summer,0.0368416267290855,0.036778376449653316,0.09797284086022445,0.09168740535936631,True,8,0.9163420856772009
132,KMIA,Max,54,Autumn,0.0656505773580739,0.04471453075231254,0.1172712475302952,0.12153232565111255,True,8,0.9163420856772009
133,KMIA,Max,60,Winter,0.04599001057079276,0.03889324946597859,0.09660083893299977,0.10290831726032246,True,8,0.9163420856772009
134,KMIA,Max,60,Spring,0.06477436781554434,0.058780050384678116,0.11353904696945807,0.05032767790363257,False,9,0.9163420856772009
135,KMIA,Max,60,Summer,0.05500264753840499,0.04695283955068035,0.1057085460504137,0.1076176173269236,True,9,0.9163420856772009
136,KMIA,Max,60,Autumn,0.08870633308864743,0.07143581533607267,0.13470641301211872,0.05652022375343717,False,7,0.9163420856772009
137,KMIA,Max,66,Winter,0.0677754756658559,0.05556830757365492,0.12037196757732818,0.08717985128067236,True,8,0.9163420856772009
138,KMIA,Max,66,Spring,0.04828556988093519,0.04834992350648251,0.10633032198104443,0.07140192206212564,False,8,0.9163420856772009
139,KMIA,Max,66,Summer,0.06296842562352802,0.039906795078623374,0.11081534604163919,0.08022547743367747,True,9,0.9163420856772009
140,KMIA,Max,66,Autumn,0.06846891936207947,0.05260249992602355,0.12167780729102617,0.07468922453883425,False,8,0.9163420856772009
141,KMIA,Max,72,Winter,0.06190638021883867,0.0500070207897408,0.1109119059357489,0.06162750898995384,False,8,0.9163420856772009
142,KMIA,Max,72,Spring,0.0391588677418307,0.037579464422152986,0.10383848285546173,0.0788955943288881,False,8,0.9163420856772009
143,KMIA,Max,72,Summer,0.044127234866279626,0.0339859417744529,0.10003253811910771,0.08222526989412537,True,9,0.9163420856772009
144,KMIA,Max,72,Autumn,0.03371205826548432,0.03692069168425988,0.09209153653688482,0.06732949189345039,False,10,0.9163420856772009
145,KMIA,Min,6,Winter,0.0602307128895692,0.05698815779506091,0.11714705685136981,0.08501475165033623,True,8,0.9163420856772009
146,KMIA,Min,6,Spring,0.029156806768415724,0.036879733952515405,0.08640358305576663,0.09633193762394932,True,9,0.9163420856772009
147,KMIA,Min,6,Summer,0.040452551860856376,0.04537978585758223,0.10040917373761192,0.04469960697076314,False,10,0.9163420856772009
148,KMIA,Min,6,Autumn,0.04546051915442734,0.04242101769244302,0.09689390502641115,0.08034670494068596,True,9,0.9163420856772009
149,KMIA,Min,12,Winter,0.0627737093053229,0.05222121728418302,0.11249562039592254,0.10836465199215262,True,8,0.9163420856772009
150,KMIA,Min,12,Spring,0.042038891028661735,0.04423653003917221,0.09461704865910156,0.09258985982563062,True,8,0.9163420856772009
151,KMIA,Min,12,Summer,0.06743285435912495,0.05484877879213972,0.12957683186178065,0.0643351962900566,False,9,0.9163420856772009
152,KMIA,Min,12,Autumn,0.06565688499669531,0.052971956139767996,0.1154016368514746,0.05300652751194157,False,8,0.9163420856772009
153,KMIA,Min,18,Winter,0.05998913494427111,0.049622102171195025,0.12087484896790957,0.0590574825536575,False,7,0.9163420856772009
154,KMIA,Min,18,Spring,0.059582057732281014,0.04831943875716245,0.11334891888607136,0.06351950747902324,False,9,0.9163420856772009
155,KMIA,Min,18,Summer,0.05228649506000916,0.04110537670300235,0.0996317843916252,0.07819919600306541,False,9,0.9163420856772009
156,KMIA,Min,18,Autumn,0.0772227867085984,0.05484207230734352,0.12894012215136533,0.10572144040175363,True,9,0.9163420856772009
157,KMIA,Min,24,Winter,0.054187851934170035,0.048788001773594804,0.09624330865656901,0.07820000701136565,False,8,0.9163420856772009
158,KMIA,Min,24,Spring,0.06089618331889707,0.04726996259257773,0.10751564796165873,0.048800266678515225,False,8,0.9163420856772009
159,KMIA,Min,24,Summer,0.05148917349720597,0.04550219129753768,0.11258208261734573,0.1040587691890974,True,8,0.9163420856772009
160,KMIA,Min,24,Autumn,0.06101912583768248,0.04220958492628323,0.10497448549970867,0.07202825356422793,False,10,0.9163420856772009
161,KMIA,Min,30,Winter,0.06851760996645645,0.05215958358350401,0.12040167345619247,0.08745450990927353,True,9,0.9163420856772009
162,KMIA,Min,30,Spring,0.04514508641660145,0.037554634692822324,0.09237966545250015,0.05134903970044585,False,9,0.9163420856772009
163,KMIA,Min,30,Summer,0.05436158133555558,0.05094124271987949,0.10703354353884033,0.11398576365932156,True,9,0.9163420856772009
164,KMIA,Min,30,Autumn,0.0678560629589634,0.05400497768905216,0.1171107343622872,0.09601928135016902,True,9,0.9163420856772009
165,KMIA,Min,36,Winter,0.024738832200311305,0.03409315352190697,0.08214775110854787,0.04869379479961705,False,8,0.9163420856772009
166,KMIA,Min,36,Spring,0.037120554588364316,0.03503054442075411,0.09610313582451939,0.047952108195100096,False,9,0.9163420856772009
167,KMIA,Min,36,Summer,0.06013772617255702,0.0561685059194223,0.1143302269653722,0.0764065959863576,False,8,0.9163420856772009
168,KMIA,Min,36,Autumn,0.03433110149123643,0.03480617951655182,0.09293031403681959,0.06792055464598634,False,7,0.9163420856772009
169,KMIA,Min,42,Winter,0.07171607764582826,0.05224617902595151,0.12972362934954865,0.07168307306060606,False,8,0.9163420856772009
170,KMIA,Min,42,Spring,0.056011173512154754,0.04821775169826291,0.10441196199160363,0.04823413981549529,False,8,0.9163420856772009
171,KMIA,Min,42,Summer,0.028584244248342616,0.032119614327302766,0.093787170833736,0.07632557701530737,False,9,0.9163420856772009
172,KMIA,Min,42,Autumn,0.03316838627372516,0.03924579354086271,0.10277345201122585,0.06863182680959135,False,8,0.9163420856772009
173,KMIA,Min,48,Winter,0.06159548968860579,0.045490205302694306,0.11171851733782617,0.09929555245816979,True,9,0.9163420856772009
174,KMIA,Min,48,Spring,0.05902961187363939,0.04941650973008323,0.11658232869899081,0.07158700700252696,False,8,0.9163420856772009
175,KMIA,Min,48,Summer,0.05443732597466356,0.03886569443905824,0.10175859452510377,0.10574881796439761,True,6,0.9163420856772009
176,KMIA,Min,48,Autumn,0.05258536153836466,0.04309510509098833,0.09981568021847066,0.1046552559734929,True,9,0.9163420856772009
177,KMIA,Min,54,Winter,0.061450328634366475,0.05137245471005833,0.1132217303492727,0.059448097758855845,False,9,0.9163420856772009
178,KMIA,Min,54,Spring,0.07453740110613372,0.059988963976051926,0.13001479035758207,0.05986286700644128,False,10,0.9163420856772009
179,KMIA,Min,54,Summer,0.03667653988062183,0.035932475407434016,0.09701843440498747,0.0753255565365211,False,8,0.9163420856772009
180,KMIA,Min,54,Autumn,0.0347947436213253,0.034417730395224395,0.0893827533237324,0.06670510323267231,False,8,0.9163420856772009
181,KMIA,Min,60,Winter,0.02675245285787793,0.030050273931727395,0.09095922633561533,0.11568779533962753,True,9,0.9163420856772009
182,KMIA,Min,60,Spring,0.03399917549215556,0.03456953507907259,0.09007837071069663,0.06503184350900615,False,8,0.9163420856772009
183,KMIA,Min,60,Summer,0.061907264259918125,0.0471334347595989,0.1141428414613144,0.0906378353906741,True,9,0.9163420856772009
184,KMIA,Min,60,Autumn,0.05294339055785725,0.04058020032377522,0.10525959688168648,0.11268755941115222,True,9,0.9163420856772009
185,KMIA,Min,66,Winter,0.04639698777945912,0.040548385088607516,0.10811431670282035,0.10627328466417528,True,9,0.9163420856772009
186,KMIA,Min,66,Spring,0.05399999338154233,0.034761172596824645,0.10434748259867935,0.08552600112653386,True,9,0.9163420856772009
187,KMIA,Min,66,Summer,0.05754960923581819,0.04666394336527222,0.11015729532546666,0.06256343391673691,False,8,0.9163420856772009
188,KMIA,Min,66,Autumn,0.07462831352371833,0.06056208546373429,0.12815360101772777,0.08008800542225922,True,8,0.9163420856772009
189,KMIA,Min,72,Winter,0.04506029306671379,0.04506726154755617,0.10268912668869058,0.07072137377690058,False,9,0.9163420856772009
190,KMIA,Min,72,Spring,0.06336757477925226,0.05137636842913069,0.11856979889708287,0.1003483493770449,True,8,0.9163420856772009
191,KMIA,Min,72,Summer,0.056130888783460134,0.04488567084922133,0.11009360569006786,0.0726666813226502,False,8,0.9163420856772009
192,KMIA,Min,72,Autumn,0.07990296802807971,0.059009764822266914,0.12147452887757008,0.0443019061103756,False,8,0.9163420856772009
193,KSFO,Max,6,Winter,0.06302815163688243,0.047751438252285096,0.11049946790939316,0.09162762679432546,True,9,0.9163420856772009
194,KSFO,Max,6,Spring,0.05049485720667842,0.04568417527822952,0.09977053081125398,0.10442044368762449,True,6,0.9163420856772009
195,KSFO,Max,6,Summer,0.027385730648326903,0.03259215298809764,0.08647123944433702,0.09514347745857232,True,8,0.9163420856772009
196,KSFO,Max,6,Autumn,0.05948491184461483,0.052560246488732226,0.11214703457982837,0.09841554817043086,True,8,0.9163420856772009
197,KSFO,Max,12,Winter,0.05495871138766558,0.050364786755894266,0.11034341379760858,0.13562397858947772,True,9,0.9163420856772009
198,KSFO,Max,12,Spring,0.052122485238739844,0.04978294578266856,0.10679461680915295,0.1029574255239224,True,10,0.9163420856772009
199,KSFO,Max,12,Summer,0.04331542948791987,0.04298758235627478,0.11036533977232715,0.09742507826344932,True,9,0.9163420856772009
200,KSFO,Max,12,Autumn,0.04790570593044475,0.04717874301548533,0.10365396388804536,0.060364233981717585,False,8,0.9163420856772009
201,KSFO,Max,18,Winter,0.05731898254533796,0.05284490303710683,0.12574376970340778,0.12314810239252061,True,8,0.9163420856772009
202,KSFO,Max,18,Spring,0.0456769236341198,0.041331318453369584,0.10270304734177167,0.11256844839256519,True,8,0.9163420856772009
203,KSFO,Max,18,Summer,0.02959214927440977,0.0379177513012897,0.08498559201431044,0.053752730200306686,False,9,0.9163420856772009
204,KSFO,Max,18,Autumn,0.06347534913363262,0.054975553557235234,0.11683261785238087,0.07173306863007078,False,9,0.9163420856772009
205,KSFO,Max,24,Winter,0.0606884744459922,0.04443789626136847,0.11558296188639378,0.05662317874574119,False,9,0.9163420856772009
206,KSFO,Max,24,Spring,0.058892297967913364,0.04532218720037255,0.11095586058189337,0.09125932896230493,True,9,0.9163420856772009
207,KSFO,Max,24,Summer,0.08671275648256867,0.05286520022574038,0.1324717105074534,0.08482605996108741,True,9,0.9163420856772009
208,KSFO,Max,24,Autumn,0.048580894156299355,0.043105212922139785,0.09845992440133418,0.14436876624666883,True,8,0.9163420856772009
209,KSFO,Max,30,Winter,0.03121613726360034,0.03202355221766572,0.08993057691751434,0.07592533925340383,False,8,0.9163420856772009
210,KSFO,Max,30,Spring,0.06215778158237348,0.05641350483889797,0.112488856318762,0.09006473559008599,True,8,0.9163420856772009
211,KSFO,Max,30,Summer,0.04481070207168274,0.04142478403165067,0.09536584932502473,0.07163368498713496,False,8,0.9163420856772009
212,KSFO,Max,30,Autumn,0.0646992701049662,0.05964339187249055,0.12428951080778335,0.08629401853126994,True,8,0.9163420856772009
213,KSFO,Max,36,Winter,0.06255757830702269,0.055620489520171505,0.11158856358433099,0.08560488092168303,True,9,0.9163420856772009
214,KSFO,Max,36,Spring,0.054978429695922905,0.04569323437521568,0.10557227558290308,0.07171902212840575,False,8,0.9163420856772009
215,KSFO,Max,36,Summer,0.06990331806321391,0.051635883813451904,0.11796087874872623,0.07905284592882894,False,8,0.9163420856772009
216,KSFO,Max,36,Autumn,0.05062843244022266,0.04526485973050308,0.10500165594447972,0.06163115830027835,False,9,0.9163420856772009
217,KSFO,Max,42,Winter,0.05740178059593984,0.04827546601017986,0.10774480285972354,0.07784284358192395,False,10,0.9163420856772009
218,KSFO,Max,42,Spring,0.037443136501830426,0.037189522177837615,0.09691106279822033,0.08664424948143212,True,8,0.9163420856772009
219,KSFO,Max,42,Summer,0.05644044342020586,0.04438874525803723,0.10532644747873048,0.09747278090169786,True,9,0.9163420856772009
220,KSFO,Max,42,Autumn,0.05200556007562761,0.04397007846870518,0.10277200452239417,0.0680433952911794,False,9,0.9163420856772009
221,KSFO,Max,48,Winter,0.03632325513264337,0.04227890941363323,0.09518433384923237,0.08805334256037212,True,8,0.9163420856772009
222,KSFO,Max,48,Spring,0.0572592253993876,0.04911483300300805,0.10398310152528056,0.10730703575164402,True,8,0.9163420856772009
223,KSFO,Max,48,Summer,0.04622257648605965,0.047278873381343095,0.09541795078301675,0.0592428384656737,False,7,0.9163420856772009
224,KSFO,Max,48,Autumn,0.07131475349162439,0.05348706301418884,0.1314464518577782,0.11589939609114686,True,8,0.9163420856772009
225,KSFO,Max,54,Winter,0.03237467855885733,0.03540476809460783,0.08839016225905659,0.10798182154834401,True,6,0.9163420856772009
226,KSFO,Max,54,Spring,0.04931179038025289,0.03976023540526061,0.09867837354665542,0.11489398623594493,True,9,0.9163420856772009
227,KSFO,Max,54,Summer,0.048607616318074184,0.04583258631259797,0.10703744337715028,0.06030110337753536,False,9,0.9163420856772009
228,KSFO,Max,54,Autumn,0.049251858984074394,0.043229490158267915,0.11742358495555483,0.08083111857269815,True,7,0.9163420856772009
229,KSFO,Max,60,Winter,0.06209999912145998,0.05215853163907581,0.11438212058940618,0.08337538236455799,True,8,0.9163420856772009
230,KSFO,Max,60,Spring,0.05006255282691764,0.04510082967028843,0.1058736545857637,0.09018845700779143,True,8,0.9163420856772009
231,KSFO,Max,60,Summer,0.04962785620158565,0.04247345892700046,0.10084655396204639,0.0735145294291315,False,7,0.9163420856772009
232,KSFO,Max,60,Autumn,0.046401777567464414,0.04558428895893047,0.09648676200568822,0.12203557259482489,True,8,0.9163420856772009
233,KSFO,Max,66,Winter,0.071257491059873,0.05477153896488222,0.13048243194884251,0.07340456464445977,False,9,0.9163420856772009
234,KSFO,Max,66,Spring,0.038906668659026165,0.0397449206196781,0.09293899854481075,0.06690202099769837,False,9,0.9163420856772009
235,KSFO,Max,66,Summer,0.03280458168685376,0.04169584086765918,0.09285793500826,0.0677506183163551,False,10,0.9163420856772009
236,KSFO,Max,66,Autumn,0.058266438232080074,0.04710354104467099,0.11117985999127714,0.06862554767345186,False,7,0.9163420856772009
237,KSFO,Max,72,Winter,0.06675974333543683,0.05309351388927256,0.11249069506758784,0.08477667113461357,True,9,0.9163420856772009
238,KSFO,Max,72,Spring,0.056684219056964025,0.04987734337724307,0.12126147664604064,0.07299168320674854,False,9,0.9163420856772009
239,KSFO,Max,72,Summer,0.04154100425759339,0.04016963865696687,0.09831446538695669,0.07057610176412127,False,9,0.9163420856772009
240,KSFO,Max,72,Autumn,0.04291410655188827,0.045525236634275594,0.08943604816157245,0.07277966274867387,False,8,0.9163420856772009
241,KSFO,Min,6,Winter,0.06338673793911563,0.04956189736639033,0.11327443469911637,0.07200912497625445,False,8,0.9163420856772009
242,KSFO,Min,6,Spring,0.058013663188281876,0.048943744699354114,0.1023463890581764,0.05741315327475793,False,9,0.9163420856772009
243,KSFO,Min,6,Summer,0.041658648591975586,0.038809774218112846,0.10486598642490143,0.09810633629108778,True,9,0.9163420856772009
244,KSFO,Min,6,Autumn,0.05036053615863556,0.04658338269622115,0.10448315109225483,0.15261469184079773,True,10,0.9163420856772009
245,KSFO,Min,12,Winter,0.07199822394532131,0.054236234263098454,0.13320645551035276,0.05952060744559107,False,9,0.9163420856772009
246,KSFO,Min,12,Spring,0.05380804126318311,0.03781567773674003,0.1112634520142386,0.13530916536238813,True,9,0.9163420856772009
247,KSFO,Min,12,Summer,0.06375124510369765,0.05344424421423041,0.11703051957739631,0.07820042901251417,False,9,0.9163420856772009
248,KSFO,Min,12,Autumn,0.045880082125145265,0.0496256640387828,0.09248724330447787,0.056513829797281645,False,9,0.9163420856772009
249,KSFO,Min,18,Winter,0.041336795276703774,0.04276606429026753,0.09460510371937457,0.07963635317271689,False,10,0.9163420856772009
250,KSFO,Min,18,Spring,0.057710884476192915,0.04981495995639262,0.10859721083814132,0.07894213649489645,False,9,0.9163420856772009
251,KSFO,Min,18,Summer,0.06280183599651015,0.05631122269264166,0.12113689872938238,0.09696553717139689,True,7,0.9163420856772009
252,KSFO,Min,18,Autumn,0.07388131525524268,0.06191286399631211,0.12824962592565314,0.08880987342842817,True,8,0.9163420856772009
253,KSFO,Min,24,Winter,0.03783359388845669,0.03948184922109334,0.09892214680243383,0.10202368467446787,True,7,0.9163420856772009
254,KSFO,Min,24,Spring,0.041558615456643966,0.03890995864278594,0.09953433113960229,0.0823120495945402,True,9,0.9163420856772009
255,KSFO,Min,24,Summer,0.053060008899737554,0.04529262594278139,0.11796277383232762,0.11628041690082147,True,8,0.9163420856772009
256,KSFO,Min,24,Autumn,0.04592234239642178,0.04459393843531426,0.10331600035405061,0.04429289940483638,False,9,0.9163420856772009
257,KSFO,Min,30,Winter,0.054446277874846585,0.044073291061012154,0.11021350679378503,0.06887973802483738,False,8,0.9163420856772009
258,KSFO,Min,30,Spring,0.05796437183518881,0.05047963005545247,0.11143928218317002,0.12259795585494226,True,9,0.9163420856772009
259,KSFO,Min,30,Summer,0.0315304622474601,0.03558187321499913,0.08874988867043444,0.09621235719229726,True,9,0.9163420856772009
260,KSFO,Min,30,Autumn,0.04803447269005517,0.04285931982549844,0.11414621551327096,0.05331213868094148,False,8,0.9163420856772009
261,KSFO,Min,36,Winter,0.06352433071904892,0.05047015159530908,0.11176819892835575,0.04324714215676484,False,9,0.9163693699676191
262,KSFO,Min,36,Spring,0.04258254263470309,0.04000500398604294,0.11262647058009549,0.0607490156932098,False,8,0.9163420856772009
263,KSFO,Min,36,Summer,0.059381654182369334,0.04871293133067587,0.10478531684316278,0.07326498426656591,False,8,0.9163420856772009
264,KSFO,Min,36,Autumn,0.05517518298820143,0.04305605856090698,0.09902735075435731,0.09799532871025773,True,7,0.9163420856772009
265,KSFO,Min,42,Winter,0.04850510362176163,0.037868369569118564,0.09843098363320728,0.07970209996596106,False,10,0.9163420856772009
266,KSFO,Min,42,Spring,0.04706266135651524,0.049109837059478516,0.10153299877377266,0.07440165033259005,False,9,0.9163420856772009
267,KSFO,Min,42,Summer,0.056464127206695795,0.05553043122696302,0.11127547063646481,0.10494901170284854,True,8,0.9163420856772009
268,KSFO,Min,42,Autumn,0.05282338116152035,0.04292185148798028,0.10032416898248826,0.07029381664772844,False,9,0.9163420856772009
269,KSFO,Min,48,Winter,0.05721552961541499,0.04280841819748174,0.10921523728437478,0.08828810379747798,True,9,0.9163420856772009
270,KSFO,Min,48,Spring,0.06635531139609288,0.04535724395552,0.11743767761647425,0.11511965443928013,True,7,0.9163420856772009
271,KSFO,Min,48,Summer,0.041715255522076444,0.035400503883406105,0.09152038245876958,0.08960187459963964,True,8,0.9163420856772009
272,KSFO,Min,48,Autumn,0.05667562291772525,0.05093144796041248,0.10659476297955667,0.10746060962897983,True,9,0.9163420856772009
273,KSFO,Min,54,Winter,0.0518209336984121,0.04692029155277363,0.11365306247094623,0.12540190560110887,True,9,0.9163420856772009
274,KSFO,Min,54,Spring,0.03872356071862939,0.03645513116721418,0.10106100184417162,0.12577020848363973,True,9,0.9163420856772009
275,KSFO,Min,54,Summer,0.04808918231404723,0.042084253470169454,0.1038939387359385,0.07177893582847922,False,8,0.9163420856772009
276,KSFO,Min,54,Autumn,0.047137698813696616,0.04749062523682689,0.11209766581769125,0.07833600344517538,False,8,0.9163420856772009
277,KSFO,Min,60,Winter,0.03360631298713282,0.03395730979230284,0.09153699003438029,0.059243561511223064,False,9,0.9163420856772009
278,KSFO,Min,60,Spring,0.05494765568366205,0.04837435545274394,0.10022480702717197,0.05552253705804838,False,10,0.9163420856772009
279,KSFO,Min,60,Summer,0.04834914743580416,0.03839778778006412,0.10413592960459189,0.08304120037734697,True,8,0.9163420856772009
280,KSFO,Min,60,Autumn,0.07118644659601604,0.051177614953340354,0.12706879420660847,0.09848874580742939,True,9,0.9163420856772009
281,KSFO,Min,66,Winter,0.0364295389336834,0.032634535464160966,0.09255989360941659,0.0646788107236762,False,9,0.9163420856772009
282,KSFO,Min,66,Spring,0.05002514105605145,0.03868941735699852,0.09843293906068712,0.052791626160557104,False,7,0.9163420856772009
283,KSFO,Min,66,Summer,0.04892377473105073,0.046161175903572764,0.10303878395941879,0.07166536128364492,False,10,0.9163420856772009
284,KSFO,Min,66,Autumn,0.04209366853694131,0.043908507200538224,0.10348494528621655,0.10650849485166114,True,8,0.9163420856772009
285,KSFO,Min,72,Winter,0.06083399686364207,0.04933614579016569,0.11825616080571805,0.08083942855291901,True,8,0.9163420856772009
286,KSFO,Min,72,Spring,0.04649602844579689,0.038418935844551576,0.11227190166725501,0.061992912548952006,False,9,0.9163420856772009
287,KSFO,Min,72,Summer,0.05862969843327973,0.04877511953844446,0.10652872165325476,0.07611694892999754,False,7,0.9163420856772009
288,KSFO,Min,72,Autumn,0.06971734402503424,0.05763665465577369,0.11904738960608366,0.0771754453471713,False,8,0.9163420856772009
289,KDFW,Max,6,Winter,0.05352418343341333,0.04932815823227635,0.10594316330455161,0.11157545544182185,True,8,0.9163420856772009
290,KDFW,Max,6,Spring,0.039218609588485095,0.04074380780935201,0.09741407099500872,0.14960245763609903,True,7,0.9163420856772009
291,KDFW,Max,6,Summer,0.05229283908823415,0.04629904482240646,0.10477532837324424,0.07098507343737204,False,10,0.9163420856772009
292,KDFW,Max,6,Autumn,0.02901000937948797,0.03869754657288668,0.09314321928226396,0.05926863674446636,False,8,0.9163420856772009
293,KDFW,Max,12,Winter,0.05358762760351959,0.05013437064217036,0.10843397520343533,0.0920331657935145,True,8,0.9163420856772009
294,KDFW,Max,12,Spring,0.056501183795964686,0.04731488722551058,0.12201036122353301,0.08630951358584815,True,9,0.9163420856772009
295,KDFW,Max,12,Summer,0.046834680350518625,0.04513183723820508,0.0941136073278599,0.08752890108104516,True,9,0.9163420856772009
296,KDFW,Max,12,Autumn,0.05147719061849874,0.05257483494664629,0.11001391985087132,0.1067184669111636,True,8,0.9163420856772009
297,KDFW,Max,18,Winter,0.043715085374517494,0.04342925542859626,0.10332357230245838,0.06912001466440268,False,9,0.9163420856772009
298,KDFW,Max,18,Spring,0.06416616582652905,0.05942733398038398,0.11002099678070199,0.09752298800156345,True,8,0.9163420856772009
299,KDFW,Max,18,Summer,0.049905162217035254,0.0475974080346137,0.10297509465678482,0.1228978425926589,True,9,0.9163420856772009
300,KDFW,Max,18,Autumn,0.07013319900923883,0.05732399742041132,0.12635825087622615,0.11272427906272975,True,9,0.9163420856772009
301,KDFW,Max,24,Winter,0.041296474367622946,0.040420575533480774,0.09099081291691812,0.05427020244161013,False,9,0.9163420856772009
302,KDFW,Max,24,Spring,0.049516146745473374,0.047183917082007094,0.09993252458499706,0.09167399490290473,True,9,0.9163420856772009
303,KDFW,Max,24,Summer,0.046272400492719835,0.034771166284939106,0.10949197657084538,0.09027339268116408,True,8,0.9163420856772009
304,KDFW,Max,24,Autumn,0.05441522067334946,0.049240724096048766,0.10748342555399255,0.13614178702403285,True,8,0.9163420856772009
305,KDFW,Max,30,Winter,0.04797133764273134,0.04205171926970522,0.10736992037823556,0.07684366144291851,False,9,0.9163420856772009
306,KDFW,Max,30,Spring,0.03881960688392688,0.04061225407665032,0.09134298578135867,0.10511573614431574,True,8,0.9163420856772009
307,KDFW,Max,30,Summer,0.053620371862021524,0.03675427239628551,0.10180527947047377,0.08654053941418544,True,9,0.9163420856772009
308,KDFW,Max,30,Autumn,0.05792855250557289,0.047257936436822544,0.112508023234427,0.06100912299192157,False,8,0.9163420856772009
309,KDFW,Max,36,Winter,0.07719000936890266,0.05727191982533173,0.12635112362593354,0.0997206635145258,True,8,0.9163420856772009
310,KDFW,Max,36,Spring,0.03912900446424697,0.0374357441693354,0.09057985460129028,0.09530832895215174,True,9,0.9163420856772009
311,KDFW,Max,36,Summer,0.050628048805146555,0.04310041084717456,0.1061717537713011,0.11512695176298204,True,9,0.9163420856772009
312,KDFW,Max,36,Autumn,0.04359717277962342,0.04111550296509135,0.1031561156850644,0.08545348662613461,True,9,0.9163420856772009
313,KDFW,Max,42,Winter,0.04156421270581254,0.03917950980561494,0.09965631643282212,0.07297716205825971,False,8,0.9163420856772009
314,KDFW,Max,42,Spring,0.05389331506784783,0.04633628160484228,0.113966106150655,0.10446990829762404,True,9,0.9163420856772009
315,KDFW,Max,42,Summer,0.041052895220389976,0.040994799874829506,0.1021213647194662,0.15409771596890676,True,9,0.9163420856772009
316,KDFW,Max,42,Autumn,0.04344443282166663,0.03399723448007955,0.0928956599637417,0.11633607682387109,True,8,0.9163420856772009
317,KDFW,Max,48,Winter,0.02905777450498098,0.034025155261501225,0.08511628630690037,0.11864728820580805,True,8,0.9163420856772009
318,KDFW,Max,48,Spring,0.04404620300375733,0.04261545468077873,0.09990346018174245,0.1003296165920492,True,10,0.9163420856772009
319,KDFW,Max,48,Summer,0.056991267002937766,0.043351467754555055,0.10581309123005772,0.07183119521857245,False,8,0.9163420856772009
320,KDFW,Max,48,Autumn,0.044944002017795553,0.040233425104923594,0.0999746145685642,0.07619737212860567,False,9,0.9163420856772009
321,KDFW,Max,54,Winter,0.06454971117956405,0.046249030205025105,0.11379427145635455,0.052802516588813464,False,9,0.9163420856772009
322,KDFW,Max,54,Spring,0.060152021680081304,0.045911410741339184,0.10961613660080101,0.06624598184755004,False,7,0.9163420856772009
323,KDFW,Max,54,Summer,0.08197811796884906,0.06390396197958184,0.1348054341103965,0.061093198360350986,False,9,0.9163420856772009
324,KDFW,Max,54,Autumn,0.03535628861121013,0.03910462972040039,0.09966096942559532,0.046335690472483204,False,8,0.9163420856772009
325,KDFW,Max,60,Winter,0.04764339201914818,0.04840984746449269,0.10405102166804817,0.09209767819752013,True,10,0.9163420856772009
326,KDFW,Max,60,Spring,0.05636133808486417,0.04272774424409317,0.1043841220372257,0.05360591235570511,False,9,0.9163420856772009
327,KDFW,Max,60,Summer,0.05124429700141391,0.04408698569120896,0.09897126784310542,0.11635773935356203,True,8,0.9163420856772009
328,KDFW,Max,60,Autumn,0.053914501592234876,0.04316778517427569,0.10696724159751561,0.08051937979305634,True,9,0.9163420856772009
329,KDFW,Max,66,Winter,0.0676100735426092,0.05069375657582126,0.12620610648440242,0.05009640241147606,False,8,0.9163420856772009
330,KDFW,Max,66,Spring,0.05691693457470946,0.05187080224502451,0.11381031374758041,0.0578572696241898,False,8,0.9163420856772009
331,KDFW,Max,66,Summer,0.03847486838313439,0.04458920605082632,0.09452587480846326,0.07366613943647146,False,9,0.9163420856772009
332,KDFW,Max,66,Autumn,0.043804573512059464,0.04071870141710536,0.10782658894639387,0.11313339364496805,True,9,0.9163420856772009
333,KDFW,Max,72,Winter,0.06655038617344601,0.04851753569757242,0.12781725208777714,0.1265321767141901,True,9,0.9163420856772009
334,KDFW,Max,72,Spring,0.06540163863346643,0.04864082047270509,0.12520555975420625,0.08086317603492643,True,8,0.9163420856772009
335,KDFW,Max,72,Summer,0.03333893614711765,0.0402696996965648,0.08815866432152328,0.16537920403929818,True,8,0.9163420856772009
336,KDFW,Max,72,Autumn,0.04651850302824753,0.04449646869544237,0.09360802135529094,0.11131888704419668,True,9,0.9163420856772009
337,KDFW,Min,6,Winter,0.05306560650438117,0.044025274362249726,0.1093161421232633,0.10032181608517587,True,8,0.9163420856772009
338,KDFW,Min,6,Spring,0.07450798079510039,0.05142348062627922,0.12390258199828555,0.09751509115165902,True,7,0.9163420856772009
339,KDFW,Min,6,Summer,0.06733288740694357,0.04939401301675107,0.12922622786785207,0.06960672497604148,False,9,0.9163420856772009
340,KDFW,Min,6,Autumn,0.06111359217167006,0.05483449023257265,0.11209786247096816,0.09108694947793347,True,9,0.9163420856772009
341,KDFW,Min,12,Winter,0.08354630726951838,0.06186963298921357,0.12649801227881274,0.0834947752492119,True,9,0.9163420856772009
342,KDFW,Min,12,Spring,0.06195911583772732,0.05341262240393172,0.10911683184397163,0.08625868814402537,True,8,0.9163420856772009
343,KDFW,Min,12,Summer,0.054433959093996245,0.051045502943484145,0.10246213255103502,0.12019019344619619,True,8,0.9163420856772009
344,KDFW,Min,12,Autumn,0.0425760962634349,0.04138033135475785,0.1005254967981187,0.10612793715250812,True,8,0.9163420856772009
345,KDFW,Min,18,Winter,0.04496817415510254,0.041106610546273646,0.09743914861079715,0.05753234732253912,False,8,0.9163420856772009
346,KDFW,Min,18,Spring,0.028971207819614934,0.03686477517063201,0.08456662882393251,0.09303569229646687,True,8,0.9163420856772009
347,KDFW,Min,18,Summer,0.03152433081591176,0.03863084421885042,0.09036578900482498,0.07595388987683527,False,8,0.9163420856772009
348,KDFW,Min,18,Autumn,0.05660351973340788,0.0477253069611095,0.1105870003246109,0.08290437310087917,True,9,0.9163420856772009
349,KDFW,Min,24,Winter,0.05312278920742298,0.04174730544883069,0.10171801287976022,0.12261455383330189,True,8,0.9163420856772009
350,KDFW,Min,24,Spring,0.03901739114774937,0.03360941618451322,0.10315656793416207,0.10764435717086818,True,8,0.9163420856772009
351,KDFW,Min,24,Summer,0.06092242648963025,0.05318818902244321,0.11203454883208447,0.15094086485383795,True,9,0.9163420856772009
352,KDFW,Min,24,Autumn,0.05677795469697383,0.05058452507768399,0.10930200585357268,0.09071319538788758,True,8,0.9163420856772009
353,KDFW,Min,30,Winter,0.04602300385553972,0.046530777602695535,0.09984088127401983,0.0809044396036695,True,9,0.9163420856772009
354,KDFW,Min,30,Spring,0.07067534271594991,0.05454210582386388,0.128975944680093,0.160143156324554,True,7,0.9163420856772009
355,KDFW,Min,30,Summer,0.04678267242706056,0.045142895782530335,0.10945963404167497,0.06586019794309206,False,10,0.9163420856772009
356,KDFW,Min,30,Autumn,0.05670992807550794,0.0474419954615385,0.1061435643920283,0.0850421388076178,True,9,0.9163420856772009
357,KDFW,Min,36,Winter,0.06837897121877963,0.04912668500994018,0.11398231655027674,0.07892767437326587,False,10,0.9163420856772009
358,KDFW,Min,36,Spring,0.03646524062304446,0.03818937247351483,0.08228514104667871,0.14594738590794043,True,8,0.9163420856772009
359,KDFW,Min,36,Summer,0.05348650953865555,0.045016923134274064,0.10673265927484993,0.06812227623680867,False,9,0.9163420856772009
360,KDFW,Min,36,Autumn,0.056026713115709594,0.04445177480684048,0.10453315609386167,0.11372961348609123,True,10,0.9163420856772009
361,KDFW,Min,42,Winter,0.06118637225476482,0.048110434090796794,0.10528671461792469,0.11788258910597871,True,6,0.9163420856772009
362,KDFW,Min,42,Spring,0.05288095409310979,0.052975459091310885,0.11080854521533448,0.10041636733851123,True,9,0.9163420856772009
363,KDFW,Min,42,Summer,0.045404016870527926,0.048597064440478635,0.09798848763563672,0.09156353808369944,True,8,0.9163420856772009
364,KDFW,Min,42,Autumn,0.07262839849879106,0.05675308129934686,0.1258434955799345,0.06666653630196562,False,10,0.9163420856772009
365,KDFW,Min,48,Winter,0.035765433520606474,0.03403574830007283,0.08963873729732527,0.06833906268405976,False,9,0.9163420856772009
366,KDFW,Min,48,Spring,0.05252232933074021,0.04516429897705164,0.10301468998277333,0.05764997740173172,False,8,0.9163420856772009
367,KDFW,Min,48,Summer,0.05970314444608264,0.047123199187506876,0.104846018027059,0.11643153908933601,True,8,0.9163420856772009
368,KDFW,Min,48,Autumn,0.06853733321431892,0.04985696368422272,0.10822267564716101,0.06906699053812504,False,9,0.9163420856772009
369,KDFW,Min,54,Winter,0.03738243321855063,0.034053558419008166,0.09981194414158104,0.13115867315568724,True,8,0.9163420856772009
370,KDFW,Min,54,Spring,0.05195712406853214,0.04677255871459854,0.1079282009533783,0.11600607311368705,True,8,0.9163420856772009
371,KDFW,Min,54,Summer,0.050400326219518246,0.05127083061276619,0.11045391084243154,0.09009201640541478,True,9,0.9163420856772009
372,KDFW,Min,54,Autumn,0.04434974323389797,0.03740356584859964,0.11024921663592344,0.11170143625074852,True,9,0.9163420856772009
373,KDFW,Min,60,Winter,0.07324635332078898,0.05471935778191368,0.11975071806984511,0.12364673921300667,True,8,0.9163420856772009
374,KDFW,Min,60,Spring,0.058657643901249605,0.057794510988179545,0.12014778140467963,0.10337694821362595,True,10,0.9163420856772009
375,KDFW,Min,60,Summer,0.06276945166608383,0.044320526262422937,0.1136240598380169,0.06623392541822914,False,10,0.9163420856772009
376,KDFW,Min,60,Autumn,0.047899726222650096,0.046879144518113786,0.09634808897806675,0.09353128552608486,True,8,0.9163420856772009
377,KDFW,Min,66,Winter,0.07381534129596774,0.05698557912625576,0.12290231325413585,0.05416592276454657,False,9,0.9163420856772009
378,KDFW,Min,66,Spring,0.05362592326841754,0.04788394445652299,0.11381422328448376,0.10123004108756939,True,7,0.9163420856772009
379,KDFW,Min,66,Summer,0.04339085245547956,0.03883586601746519,0.0932727410583661,0.062043425041196976,False,8,0.9163420856772009
380,KDFW,Min,66,Autumn,0.04289292381340764,0.04057652739376252,0.10178562755575729,0.04663063532193479,False,10,0.9163420856772009
381,KDFW,Min,72,Winter,0.03565452648601372,0.0354315801413304,0.09578830047214976,0.09517143219390806,True,9,0.9163420856772009
382,KDFW,Min,72,Spring,0.06361428041191951,0.04901562939968527,0.11051737398990698,0.09328101914641429,True,7,0.9163420856772009
383,KDFW,Min,72,Summer,0.03520642368166055,0.03819714061549669,0.10128557355516497,0.06869165938607558,False,9,0.9163420856772009
384,KDFW,Min,72,Autumn,0.043226535330786985,0.043054502642653196,0.09702980060539045,0.07688088513677772,False,9,0.9163420856772009
385,KDEN,Max,6,Winter,0.03144772033563709,0.037119778297954174,0.08632195199896936,0.07967156055634356,False,8,0.9163420856772009
386,KDEN,Max,6,Spring,0.04316184750140153,0.040118020033541105,0.09473272102010215,0.11723640608724994,True,8,0.9163420856772009
387,KDEN,Max,6,Summer,0.05103307898443457,0.04872598567452768,0.10821662619262405,0.06440936514894058,False,7,0.9163420856772009
388,KDEN,Max,6,Autumn,0.051095370635963464,0.05096599627426799,0.1044579145764966,0.06361328155678969,False,10,0.9163420856772009
389,KDEN,Max,12,Winter,0.04541571026979601,0.041066114078411,0.10892326317780171,0.10166397054849152,True,9,0.9163420856772009
390,KDEN,Max,12,Spring,0.03693688962288841,0.03966581190198557,0.10074836626502315,0.05841299933277097,False,8,0.9163420856772009
391,KDEN,Max,12,Summer,0.05317414585153583,0.04576860703766266,0.10581257449810932,0.10686377779768175,True,8,0.9163420856772009
392,KDEN,Max,12,Autumn,0.04496610144664805,0.045565425726598496,0.0967776012962125,0.08876600441664613,True,8,0.9163420856772009
393,KDEN,Max,18,Winter,0.06744755134988893,0.05560391014369501,0.12286713091827528,0.08453109561948768,True,8,0.9163420856772009
394,KDEN,Max,18,Spring,0.06987973243456808,0.062318480966100445,0.11844739814618539,0.0605224430455481,False,8,0.9163420856772009
395,KDEN,Max,18,Summer,0.0629332739247939,0.04654474504101488,0.11270625760714365,0.10517896674731445,True,8,0.9163420856772009
396,KDEN,Max,18,Autumn,0.06668489882636582,0.052126724122152586,0.12376545052820195,0.10571991105988088,True,8,0.9163420856772009
397,KDEN,Max,24,Winter,0.048202198414000606,0.04320062997043997,0.11256977597548533,0.08084076577268773,True,8,0.9163420856772009
398,KDEN,Max,24,Spring,0.03797127049879544,0.03980694640178344,0.09021644626189104,0.06350437433463713,False,10,0.9163420856772009
399,KDEN,Max,24,Summer,0.05740696250807358,0.04618737662261165,0.11025430498113957,0.08231519021039058,True,8,0.9163420856772009
400,KDEN,Max,24,Autumn,0.049066024851543474,0.039437004382293465,0.10104429478641268,0.08772277393588843,True,9,0.9163420856772009
401,KDEN,Max,30,Winter,0.040242949688134175,0.04011726496556471,0.09318372316971715,0.09585379855617707,True,8,0.9163420856772009
402,KDEN,Max,30,Spring,0.07958399081994971,0.06611884439112543,0.13380771426823213,0.0785452726284388,False,7,0.9163420856772009
403,KDEN,Max,30,Summer,0.03119710277890391,0.03712090453431446,0.0945219621443615,0.08249352707261404,True,8,0.9163420856772009
404,KDEN,Max,30,Autumn,0.056439772313388537,0.04844550018330208,0.11565220358898123,0.06423940089676639,False,9,0.9163420856772009
405,KDEN,Max,36,Winter,0.06964131465654295,0.053731966585356554,0.12559512496681471,0.054731310731709004,False,8,0.9163420856772009
406,KDEN,Max,36,Spring,0.05287917110604118,0.056707586537713565,0.10987990950794786,0.08424042082346717,True,10,0.9163420856772009
407,KDEN,Max,36,Summer,0.0837748724848525,0.06838440880456753,0.13017714656394497,0.0721100881367932,False,7,0.9163420856772009
408,KDEN,Max,36,Autumn,0.03798321279916258,0.04277032545914903,0.0929897839148814,0.08939409415397775,True,8,0.9163420856772009
409,KDEN,Max,42,Winter,0.06584107109236888,0.0445543478693737,0.11856669456144474,0.12883191053441556,True,8,0.9163420856772009
410,KDEN,Max,42,Spring,0.046264045901444215,0.03634678728298633,0.10692165507684796,0.11347457242940584,True,10,0.9163420856772009
411,KDEN,Max,42,Summer,0.09366314483420006,0.08312450096664405,0.1504612851996569,0.0707616610833792,False,8,0.9163420856772009
412,KDEN,Max,42,Autumn,0.034796203209793215,0.035023739458519866,0.08396115080256508,0.06480429958921452,False,9,0.9163420856772009
413,KDEN,Max,48,Winter,0.06394380954644295,0.05758978131731584,0.11156159958761236,0.09105452915865542,True,8,0.9163420856772009
414,KDEN,Max,48,Spring,0.029807704798025293,0.03951340063483636,0.09211733832705957,0.11667860374856276,True,9,0.9163420856772009
415,KDEN,Max,48,Summer,0.060329123169506726,0.055191330034858314,0.10845710106170836,0.05192149134489921,False,7,0.9163420856772009
416,KDEN,Max,48,Autumn,0.06021542878911508,0.04908721433844487,0.11481008588029462,0.13495790135866848,True,9,0.9163420856772009
417,KDEN,Max,54,Winter,0.025642417862529302,0.03804932751015086,0.09630115984648886,0.07902588400923727,False,9,0.9163420856772009
418,KDEN,Max,54,Spring,0.07802125222946345,0.06321669788902155,0.12270024770548943,0.08960676256507957,True,7,0.9163420856772009
419,KDEN,Max,54,Summer,0.04795182794497384,0.04457276749855231,0.0983275686004365,0.08487480927129121,True,10,0.9163420856772009
420,KDEN,Max,54,Autumn,0.07014709714273364,0.05553438702820132,0.1299973054476686,0.06393854052115822,False,9,0.9163420856772009
421,KDEN,Max,60,Winter,0.06894890038670702,0.05756682575140442,0.12112901838101858,0.059637540199283356,False,10,0.9163420856772009
422,KDEN,Max,60,Spring,0.052235957912677225,0.04410852653913122,0.10436014046318585,0.0702232512745144,False,9,0.9163420856772009
423,KDEN,Max,60,Summer,0.0649408094119908,0.05856014011245472,0.11993094348729604,0.09784870771620235,True,10,0.9163420856772009
424,KDEN,Max,60,Autumn,0.06162549031356351,0.05720066777551127,0.11437029512416434,0.0697260764147522,False,9,0.9163420856772009
425,KDEN,Max,66,Winter,0.049181320137914306,0.04772463378748329,0.10858925762485484,0.14192402148493533,True,9,0.9163420856772009
426,KDEN,Max,66,Spring,0.04367595788406036,0.05264419606098241,0.10693540455515675,0.1517293831027744,True,9,0.9163420856772009
427,KDEN,Max,66,Summer,0.0748574270913231,0.05559653197727481,0.11781139656949212,0.06646944656640408,False,8,0.9163420856772009
428,KDEN,Max,66,Autumn,0.053110273742551985,0.048834054801090994,0.11615474458229269,0.05996954133222843,False,10,0.9163420856772009
429,KDEN,Max,72,Winter,0.05283709803560702,0.04797452328507953,0.10776526240356155,0.07789195366650625,False,9,0.9163420856772009
430,KDEN,Max,72,Spring,0.06667595245265125,0.054015279275347,0.11131988456529797,0.08668556676700584,True,8,0.9163420856772009
431,KDEN,Max,72,Summer,0.05982597147390916,0.053223329623566205,0.1031264968973756,0.07475253455614106,False,9,0.9163420856772009
432,KDEN,Max,72,Autumn,0.0484864451716102,0.04186245093416447,0.09750773326640395,0.05305984841962691,False,8,0.9163420856772009
433,KDEN,Min,6,Winter,0.05857063431468862,0.04693324431432562,0.10854944516430293,0.050216035205822185,False,9,0.9163420856772009
434,KDEN,Min,6,Spring,0.051945149583151266,0.04134544111168739,0.0977873040670328,0.10430028066703242,True,8,0.9163420856772009
435,KDEN,Min,6,Summer,0.06688665949995166,0.05322997172295712,0.11154956631447137,0.08319922747012909,True,9,0.9163420856772009
436,KDEN,Min,6,Autumn,0.045139662242887325,0.042610612600947825,0.09821379115481865,0.06922329890191026,False,10,0.9163420856772009
437,KDEN,Min,12,Winter,0.0642982405032422,0.05651861650527425,0.12277432684744947,0.12901926522324791,True,8,0.9163420856772009
438,KDEN,Min,12,Spring,0.05816070240389634,0.051132647686532286,0.10888069032507623,0.1351885270376213,True,9,0.9163420856772009
439,KDEN,Min,12,Summer,0.06043695815418797,0.051338378305151075,0.11340034888411886,0.09884872072763207,True,7,0.9163420856772009
440,KDEN,Min,12,Autumn,0.0571575629160658,0.041806820484142915,0.09976175130114848,0.10000374277034119,True,10,0.9163420856772009
441,KDEN,Min,18,Winter,0.044675681080598176,0.03578510570367847,0.0967440102062303,0.09224509211779769,True,9,0.9163420856772009
442,KDEN,Min,18,Spring,0.05450706273805717,0.04593351202001152,0.1138921698101097,0.06147775457379681,False,9,0.9163420856772009
443,KDEN,Min,18,Summer,0.039830001195805376,0.0419205205246323,0.09725535530790258,0.07334408730179176,False,9,0.9163420856772009
444,KDEN,Min,18,Autumn,0.06857468997702766,0.055652204101722176,0.11016302749262735,0.08270736528503808,True,10,0.9163420856772009
445,KDEN,Min,24,Winter,0.05925897298341338,0.04518232727804992,0.10846674886166954,0.08839665470448088,True,8,0.9163420856772009
446,KDEN,Min,24,Spring,0.05596384542528513,0.04672055202561418,0.11481741557381878,0.04410387561310625,False,8,0.9163420856772009
447,KDEN,Min,24,Summer,0.03658357754031962,0.0342744234178641,0.09152947373416306,0.046170150206129856,False,9,0.9163420856772009
448,KDEN,Min,24,Autumn,0.02551099579802247,0.032866842580799784,0.08814962694782905,0.11453650621194367,True,7,0.9163420856772009
449,KDEN,Min,30,Winter,0.05108782451034102,0.03461162746087859,0.10239819603948991,0.08562119118606859,True,7,0.9163420856772009
450,KDEN,Min,30,Spring,0.06532440737893318,0.05130949875183126,0.12343400504658412,0.06605262972461501,False,8,0.9163420856772009
451,KDEN,Min,30,Summer,0.06085103246232908,0.054586630839298655,0.1128997960602813,0.07550534412437682,False,10,0.9163420856772009
452,KDEN,Min,30,Autumn,0.07372292107427407,0.056013565094764906,0.115944471210662,0.12810395304279693,True,7,0.9163420856772009
453,KDEN,Min,36,Winter,0.03882241242651839,0.04154583889149584,0.09458010294030889,0.09121850320243685,True,7,0.9163420856772009
454,KDEN,Min,36,Spring,0.046443799583625024,0.04693242359066297,0.10531081065704473,0.06845571181225885,False,7,0.9163420856772009
455,KDEN,Min,36,Summer,0.06467551894602103,0.05514583120065673,0.1105857192372006,0.10691538301388959,True,8,0.9163420856772009
456,KDEN,Min,36,Autumn,0.039510164506518515,0.041783138119592576,0.09948082061922923,0.06865422148533845,False,8,0.9163420856772009
457,KDEN,Min,42,Winter,0.056306858497294394,0.04416506450775302,0.11858807587252011,0.05459581844151379,False,9,0.9163420856772009
458,KDEN,Min,42,Spring,0.03324807806757327,0.03562510412109219,0.09183564045831104,0.05806464242250148,False,10,0.9163420856772009
459,KDEN,Min,42,Summer,0.04455366279211557,0.040528391658384594,0.10034028529763678,0.11963508018764085,True,9,0.9163420856772009
460,KDEN,Min,42,Autumn,0.05188756958837816,0.0467413922778527,0.10596739917177549,0.10506429057156869,True,9,0.9163420856772009
461,KDEN,Min,48,Winter,0.07361745764266617,0.05419128447207306,0.12778289684153282,0.08366282590734836,True,7,0.9163420856772009
462,KDEN,Min,48,Spring,0.09145946746386337,0.07242230002096393,0.13776117284307393,0.05521118559362759,False,9,0.9163420856772009
463,KDEN,Min,48,Summer,0.05772050841224297,0.0507799728352577,0.10841247368056288,0.04411059487825787,False,9,0.9163420856772009
464,KDEN,Min,48,Autumn,0.03645869557535822,0.03985744418831885,0.10023713796570805,0.06047859435246783,False,8,0.9163420856772009
465,KDEN,Min,54,Winter,0.05303459244972967,0.042158995354039504,0.10658861428170638,0.0712583898782192,False,8,0.9163420856772009
466,KDEN,Min,54,Spring,0.07326953845121717,0.06120795258987483,0.12868052886382103,0.10045327191520381,True,9,0.9163420856772009
467,KDEN,Min,54,Summer,0.06578059235414432,0.056448121516470495,0.1258067562222959,0.11208329211017909,True,9,0.9163420856772009
468,KDEN,Min,54,Autumn,0.07429742318813219,0.057888548162954336,0.1314731521773837,0.17418076577749464,True,9,0.9163420856772009
469,KDEN,Min,60,Winter,0.08072819378387021,0.06646716693803323,0.11975868450968903,0.1127924810312042,True,7,0.9163420856772009
470,KDEN,Min,60,Spring,0.06053724526938742,0.04766729756322497,0.11502138309375577,0.0716981872858426,False,7,0.9163420856772009
471,KDEN,Min,60,Summer,0.06009545318372917,0.04355990893256394,0.1105132584446635,0.09119652207081297,True,8,0.9163420856772009
472,KDEN,Min,60,Autumn,0.05808352412461871,0.0433963305179917,0.10603357853951453,0.07291556438879154,False,8,0.9163420856772009
473,KDEN,Min,66,Winter,0.0464496282972905,0.03645662836892279,0.10146242782175567,0.09362218844122974,True,8,0.9163420856772009
474,KDEN,Min,66,Spring,0.06719341183473569,0.05678336343960128,0.1180338018551928,0.09169683700032832,True,9,0.9163420856772009
475,KDEN,Min,66,Summer,0.03191195194731643,0.04032384968504532,0.09101531676287261,0.09120121180681423,True,9,0.9163420856772009
476,KDEN,Min,66,Autumn,0.0584039976504066,0.04878338352725878,0.10583335794893632,0.11320350911701105,True,8,0.9163420856772009
477,KDEN,Min,72,Winter,0.0372539540785291,0.03774008530870762,0.09036991054305482,0.05995258039542373,False,9,0.9163420856772009
478,KDEN,Min,72,Spring,0.06246371899448607,0.04864571907033487,0.11686466199679722,0.060553891338196664,False,9,0.9163420856772009
479,KDEN,Min,72,Summer,0.06476147704627233,0.05913240717314138,0.11660670252550094,0.08529214380829786,True,9,0.9163420856772009
480,KDEN,Min,72,Autumn,0.04704167898112915,0.04534538084227581,0.10570887187672152,0.07737881263344448,False,8,0.9163420856772009
481,KBOS,Max,6,Winter,0.062447454776847204,0.04813984350315114,0.10349969792201813,0.1055464819582346,True,10,0.9163420856772009
482,KBOS,Max,6,Spring,0.051062114324035957,0.04153505230416215,0.10989955114778284,0.11986667450771604,True,10,0.9163420856772009
483,KBOS,Max,6,Summer,0.030587022792335238,0.0331928779045998,0.09197343819125876,0.08597319806683595,True,9,0.9163420856772009
484,KBOS,Max,6,Autumn,0.05958912423923527,0.04480885189549694,0.09937553392618416,0.0818091900002621,True,10,0.9163420856772009
485,KBOS,Max,12,Winter,0.072521843131981,0.060074393980312696,0.12509896922405503,0.08415726114462696,True,8,0.9163420856772009
486,KBOS,Max,12,Spring,0.0381827436382032,0.044004005787649715,0.09811953129337789,0.05578143484775355,False,8,0.9163420856772009
487,KBOS,Max,12,Summer,0.05109921436465283,0.039589852160497326,0.10279943650501594,0.10179956074108207,True,9,0.9163420856772009
488,KBOS,Max,12,Autumn,0.08064137190297785,0.06594070610018636,0.12365703382385404,0.07721607883433435,False,8,0.9163420856772009
489,KBOS,Max,18,Winter,0.05317747840746979,0.04524473810405893,0.10695625807361028,0.12123510502339907,True,8,0.9163420856772009
490,KBOS,Max,18,Spring,0.061360738729756066,0.052698404884709955,0.11953422515665689,0.059733485891564075,False,8,0.9163420856772009
491,KBOS,Max,18,Summer,0.040580122489363275,0.03909102110696283,0.10194074508554789,0.07759502945115271,False,10,0.9163420856772009
492,KBOS,Max,18,Autumn,0.05970611470926259,0.04913346721981246,0.10679195112542818,0.09221069937021739,True,8,0.9163420856772009
493,KBOS,Max,24,Winter,0.04119859937873654,0.038701356166855674,0.10105177176012425,0.0647621184999515,False,9,0.9163420856772009
494,KBOS,Max,24,Spring,0.06912691922188215,0.055595294945073155,0.12250179818522011,0.058307148501359096,False,9,0.9163420856772009
495,KBOS,Max,24,Summer,0.08326079280524103,0.06052215722080205,0.125926092020978,0.0556485859980872,False,8,0.9163420856772009
496,KBOS,Max,24,Autumn,0.078109594252385,0.05329699803742803,0.12328790708769449,0.08241730033842004,True,8,0.9163420856772009
497,KBOS,Max,30,Winter,0.08769843693946372,0.07209528760498052,0.13334982533444764,0.09398041511415066,True,7,0.9163420856772009
498,KBOS,Max,30,Spring,0.06159479444138704,0.05857195220082054,0.11294946240381894,0.06326274550101174,False,9,0.9163420856772009
499,KBOS,Max,30,Summer,0.05004407647553798,0.037916631277103735,0.09792575165599211,0.11387639197247446,True,9,0.9163420856772009
500,KBOS,Max,30,Autumn,0.05860720862435161,0.04955720377903884,0.11248973398692294,0.08459171980467228,True,9,0.9163420856772009
501,KBOS,Max,36,Winter,0.056645563545954444,0.052564354616254125,0.11408179337620006,0.08195569469046976,True,8,0.9163420856772009
502,KBOS,Max,36,Spring,0.04175408469900203,0.043500391718147846,0.10357948697820742,0.15009152464557185,True,8,0.9163420856772009
503,KBOS,Max,36,Summer,0.07806300324014842,0.061612693977526896,0.12474718031963819,0.1077475330962519,True,8,0.9163420856772009
504,KBOS,Max,36,Autumn,0.05930022266984804,0.048777831772416944,0.12120443246162674,0.05777081346133006,False,7,0.9163420856772009
505,KBOS,Max,42,Winter,0.06154819915261934,0.047122688254479954,0.10267073453935024,0.11921940261214192,True,10,0.9163420856772009
506,KBOS,Max,42,Spring,0.049230185594946636,0.04447016972814035,0.10859755680097065,0.1132706647312145,True,8,0.9163420856772009
507,KBOS,Max,42,Summer,0.05855525072256305,0.053436809702641475,0.11651401314019719,0.05194037717867939,False,8,0.9163420856772009
508,KBOS,Max,42,Autumn,0.04465614995200936,0.04441166674065055,0.09886286968379958,0.05075029102273709,False,9,0.9163420856772009
509,KBOS,Max,48,Winter,0.05319247852291523,0.05093940526750587,0.10307578932748339,0.039132591900732705,False,9,0.921787144858879
510,KBOS,Max,48,Spring,0.04504414318065099,0.03996000225336086,0.10371314791205787,0.056686640618116624,False,9,0.9163420856772009
511,KBOS,Max,48,Summer,0.030478958750868413,0.038614767109319686,0.09474235819747762,0.05247470247389413,False,9,0.9163420856772009
512,KBOS,Max,48,Autumn,0.06067652608347206,0.05838381303194945,0.12145477113584256,0.10047774802617482,True,8,0.9163420856772009
513,KBOS,Max,54,Winter,0.04572149494673535,0.03893098890210657,0.08956861549123192,0.1402271020745014,True,9,0.9163420856772009
514,KBOS,Max,54,Spring,0.07663015593322876,0.056336427700394744,0.11247412255844262,0.06907575769604835,False,9,0.9163420856772009
515,KBOS,Max,54,Summer,0.0598033994463804,0.051599783678684036,0.13170829747209456,0.05059923871507499,False,7,0.9163420856772009
516,KBOS,Max,54,Autumn,0.05768299575465744,0.03859711320049574,0.11125467785820534,0.09760115083541165,True,10,0.9163420856772009
517,KBOS,Max,60,Winter,0.041166660209279095,0.03591752293669607,0.09339012793292786,0.05681607680013434,False,9,0.9163420856772009
518,KBOS,Max,60,Spring,0.057011401699693015,0.03912386845740905,0.10727653872112027,0.07592351239707573,False,9,0.9163420856772009
519,KBOS,Max,60,Summer,0.044974696998263355,0.044317886876817036,0.10293616179011868,0.08219480623268793,True,9,0.9163420856772009
520,KBOS,Max,60,Autumn,0.051566960761471034,0.042487513687877884,0.10369233577366752,0.08121984015607797,True,8,0.9163420856772009
521,KBOS,Max,66,Winter,0.05380165594735121,0.044681338585244326,0.11060209096153378,0.06763899044460148,False,9,0.9163420856772009
522,KBOS,Max,66,Spring,0.04505159816504779,0.03916121137778189,0.0917162338293786,0.06539428800037406,False,8,0.9163420856772009
523,KBOS,Max,66,Summer,0.04354171466513887,0.038758175862736104,0.09592723026409439,0.15604797518062785,True,7,0.9163420856772009
524,KBOS,Max,66,Autumn,0.056326375162613684,0.04504858077540569,0.10020166646431962,0.1278401455446262,True,10,0.9163420856772009
525,KBOS,Max,72,Winter,0.044212621379320534,0.04174564915902897,0.10462066383676052,0.13021149096733553,True,9,0.9163420856772009
526,KBOS,Max,72,Spring,0.047969081145402076,0.04447329074210703,0.10683438052755309,0.08872195922290918,True,9,0.9163420856772009
527,KBOS,Max,72,Summer,0.04311405084214242,0.03601395344493473,0.09236593818462986,0.12246524954832169,True,8,0.9163420856772009
528,KBOS,Max,72,Autumn,0.06771325608475863,0.0585910481527178,0.11902881633366269,0.06366916062416823,False,9,0.9163420856772009
529,KBOS,Min,6,Winter,0.079072915536661,0.06185380194696062,0.13313557475440008,0.13023617330943696,True,8,0.9163420856772009
530,KBOS,Min,6,Spring,0.07211391582553327,0.05780196153132739,0.1283236527958132,0.14316653811633873,True,8,0.9163420856772009
531,KBOS,Min,6,Summer,0.029099850319015345,0.03215339775695218,0.08650786480143846,0.060631560077204716,False,9,0.9163420856772009
532,KBOS,Min,6,Autumn,0.06930605420494436,0.06252360897851629,0.11698742775598317,0.0825946019443694,True,7,0.9163420856772009
533,KBOS,Min,12,Winter,0.05856653754527119,0.04719966708708129,0.11277513088039111,0.0691244170102352,False,8,0.9163420856772009
534,KBOS,Min,12,Spring,0.05145824459167247,0.047445083495031806,0.11005299839137456,0.07891462614597317,False,8,0.9163420856772009
535,KBOS,Min,12,Summer,0.06075732467712377,0.05269118099088678,0.11622873418549606,0.08228355182556596,True,7,0.9163420856772009
536,KBOS,Min,12,Autumn,0.03369663476681781,0.040658341993606746,0.09531320349452771,0.08484998614414554,True,8,0.9163420856772009
537,KBOS,Min,18,Winter,0.03453099901042668,0.03511390537761308,0.08901121729224765,0.0842798456234477,True,10,0.9163420856772009
538,KBOS,Min,18,Spring,0.07178396170290072,0.053129009915713545,0.12413763993180893,0.05401539431447777,False,10,0.9163420856772009
539,KBOS,Min,18,Summer,0.06812760606918922,0.04906515650769849,0.11059309194590088,0.08399916255503903,True,7,0.9163420856772009
540,KBOS,Min,18,Autumn,0.05618346569199544,0.05548735613665104,0.11983075116823806,0.07345277485044266,False,8,0.9163420856772009
541,KBOS,Min,24,Winter,0.044662537595885,0.04098576239798756,0.10002164020574777,0.08609903716480041,True,8,0.9163420856772009
542,KBOS,Min,24,Spring,0.04645968837880854,0.03844125255023708,0.10406854051714504,0.05749208227492186,False,9,0.9163420856772009
543,KBOS,Min,24,Summer,0.053852095721193774,0.04576095082124291,0.10880882713423923,0.07184675759771708,False,9,0.9163420856772009
544,KBOS,Min,24,Autumn,0.06829765519772645,0.054127014745144905,0.1176369768621412,0.0841578343024332,True,9,0.9163420856772009
545,KBOS,Min,30,Winter,0.08703321383052134,0.07183968335174486,0.14140330122047579,0.04439845776537399,False,8,0.9163420856772009
546,KBOS,Min,30,Spring,0.04232740029130199,0.045454483514817755,0.10177130324841106,0.1285804618048948,True,9,0.9163420856772009
547,KBOS,Min,30,Summer,0.052632109711439425,0.05193729713801512,0.10747594201492618,0.11452179226174697,True,8,0.9163420856772009
548,KBOS,Min,30,Autumn,0.05703376193104652,0.05204543525288113,0.10663676311997335,0.13601205669936278,True,8,0.9163420856772009
549,KBOS,Min,36,Winter,0.039207571723901005,0.040180044508922715,0.09923331773604564,0.07690555983047687,False,8,0.9163420856772009
550,KBOS,Min,36,Spring,0.09375852114442233,0.07232499304667503,0.13948733001907695,0.048190043632389254,False,9,0.9163420856772009
551,KBOS,Min,36,Summer,0.05802554633271984,0.04086333255039401,0.10847428343421275,0.0950807759803709,True,9,0.9163420856772009
552,KBOS,Min,36,Autumn,0.030955138855668685,0.036662721962315556,0.10664835726484152,0.08128202768562087,True,8,0.9163420856772009
553,KBOS,Min,42,Winter,0.04335215671802917,0.042638928604248484,0.09086299475309986,0.08308006514434474,True,9,0.9163420856772009
554,KBOS,Min,42,Spring,0.05138466366264669,0.0511603103892069,0.11060953792756426,0.053621639101818885,False,9,0.9163420856772009
555,KBOS,Min,42,Summer,0.059862607833678194,0.051732817596899905,0.1001830007276064,0.07705469188104996,False,9,0.9163420856772009
556,KBOS,Min,42,Autumn,0.06742456820622215,0.042981923202234,0.11347845534071449,0.11193938121862962,True,8,0.9163420856772009
557,KBOS,Min,48,Winter,0.03221817693362947,0.033946116859012075,0.09088636085895396,0.05988992928331932,False,9,0.9163420856772009
558,KBOS,Min,48,Spring,0.04582372753733388,0.03913111196567691,0.10837349020972001,0.07057460819820294,False,8,0.9163420856772009
559,KBOS,Min,48,Summer,0.051032538843280864,0.04404503211031288,0.10271710813879385,0.10254257534421785,True,8,0.9163420856772009
560,KBOS,Min,48,Autumn,0.04267515363128822,0.0454994068955263,0.10486575958837478,0.10500249049268207,True,8,0.9163420856772009
561,KBOS,Min,54,Winter,0.06435843960167091,0.052958344748642576,0.11806342188242185,0.08141485426384076,True,10,0.9163420856772009
562,KBOS,Min,54,Spring,0.0431897909782061,0.03909722020808831,0.09658418048448912,0.0833423866519403,True,8,0.9163420856772009
563,KBOS,Min,54,Summer,0.05171700434722019,0.04585677635910885,0.10005694636881507,0.10138565706362057,True,9,0.9163420856772009
564,KBOS,Min,54,Autumn,0.06607030473508384,0.046206003706455924,0.11977331341725819,0.08710068996217388,True,9,0.9163420856772009
565,KBOS,Min,60,Winter,0.04855226057901861,0.0454560534937732,0.1085431652577459,0.10758023259215266,True,10,0.9163420856772009
566,KBOS,Min,60,Spring,0.06508435385514492,0.04754559778148179,0.11583911134501551,0.08240869896082931,True,10,0.9163420856772009
567,KBOS,Min,60,Summer,0.0641955635928004,0.05411902272545531,0.11380182733010093,0.10260414082006439,True,8,0.9163420856772009
568,KBOS,Min,60,Autumn,0.03922560599927569,0.03783752163310837,0.10223943337191725,0.11150446239836015,True,10,0.9163420856772009
569,KBOS,Min,66,Winter,0.07587511336325428,0.05568640739061307,0.12853512028498001,0.07097248842238985,False,9,0.9163420856772009
570,KBOS,Min,66,Spring,0.04424371511077171,0.04624261737051057,0.09482987236823275,0.08607236290691844,True,9,0.9163420856772009
571,KBOS,Min,66,Summer,0.04227588694547685,0.0417642536307366,0.10496094918225021,0.053538681117596854,False,9,0.9163420856772009
572,KBOS,Min,66,Autumn,0.03813669842237057,0.039049614949791714,0.09266448946298125,0.12854441810899775,True,8,0.9163420856772009
573,KBOS,Min,72,Winter,0.06921006655440183,0.04533352835665918,0.12068673094161586,0.08216193726560406,True,8,0.9163420856772009
574,KBOS,Min,72,Spring,0.05728844069000921,0.047027227418079125,0.10340494940738654,0.10362926904212544,True,10,0.9163420856772009
575,KBOS,Min,72,Summer,0.0643874404636832,0.06234414151130832,0.11671265144577171,0.06132118208482751,False,10,0.9163420856772009
576,KBOS,Min,72,Autumn,0.03808847183826596,0.032381038191424925,0.10078080242463412,0.11210219561569021,True,7,0.9163420856772009
577,KATL,Max,6,Winter,0.039543335783606956,0.03935362295819236,0.10012387166813297,0.07874623143763243,False,8,0.9163420856772009
578,KATL,Max,6,Spring,0.04174622952590424,0.04242409723184911,0.10461188906140449,0.12760469628365834,True,9,0.9163420856772009
579,KATL,Max,6,Summer,0.07140075247390675,0.056019621736980114,0.11774699187737325,0.15079967232922664,True,8,0.9163420856772009
580,KATL,Max,6,Autumn,0.04304253335523978,0.0389034592426409,0.09642729783027174,0.09471698262203465,True,8,0.9163420856772009
581,KATL,Max,12,Winter,0.0789416103612292,0.06465312369904376,0.12138960194019312,0.07129926274505527,False,9,0.9163420856772009
582,KATL,Max,12,Spring,0.05799242615650393,0.04777895540913877,0.11573903034809827,0.07553169163382101,False,9,0.9163420856772009
583,KATL,Max,12,Summer,0.04894462049603867,0.04170435507104746,0.10667101191195845,0.054411910145355125,False,8,0.9163420856772009
584,KATL,Max,12,Autumn,0.05742648800652075,0.04997765126169936,0.10501602913342539,0.09801160069658066,True,9,0.9163420856772009
585,KATL,Max,18,Winter,0.08704136009363297,0.0638266297876705,0.13150369351960597,0.09113417098405785,True,9,0.9163420856772009
586,KATL,Max,18,Spring,0.05487204787443884,0.0473947435800259,0.11613545529164085,0.08721679091658308,True,7,0.9163420856772009
587,KATL,Max,18,Summer,0.04083691653453427,0.03829983296334547,0.09517323025685327,0.08063155153711887,True,8,0.9163420856772009
588,KATL,Max,18,Autumn,0.05257550573889826,0.04794159186868174,0.10686747160107891,0.06585944285680484,False,8,0.9163420856772009
589,KATL,Max,24,Winter,0.05862836867655163,0.054558294858962235,0.10662068887997152,0.08754085112517468,True,9,0.9163420856772009
590,KATL,Max,24,Spring,0.05603671007157021,0.04336723270867778,0.11601688739595223,0.09501753171422056,True,7,0.9163420856772009
591,KATL,Max,24,Summer,0.0730042913933483,0.058228000090564,0.11743396997523842,0.06252321145103479,False,9,0.9163420856772009
592,KATL,Max,24,Autumn,0.05747905032548371,0.04714876906034604,0.11340750893128444,0.07584930150531155,False,9,0.9163420856772009
593,KATL,Max,30,Winter,0.04191908194738103,0.041844147757961386,0.09339281857811473,0.0816195076417851,True,9,0.9163420856772009
594,KATL,Max,30,Spring,0.07131937085975601,0.04846290999669473,0.12280017461412811,0.09183836377548507,True,8,0.9163420856772009
595,KATL,Max,30,Summer,0.04738962936530801,0.03949352820982045,0.1020125811287336,0.058111617868548016,False,7,0.9163420856772009
596,KATL,Max,30,Autumn,0.051389936024064685,0.04705359246430686,0.11109983759997522,0.08605755971950851,True,7,0.9163420856772009
597,KATL,Max,36,Winter,0.04068723830319261,0.03608535394826852,0.08982539344945581,0.05426483124301007,False,9,0.9163420856772009
598,KATL,Max,36,Spring,0.047994066907435344,0.03960382683782703,0.09923110521890559,0.05790268947974602,False,9,0.9163420856772009
599,KATL,Max,36,Summer,0.06661104820621017,0.04768749694838918,0.10943969062649757,0.05555021497290358,False,9,0.9163420856772009
600,KATL,Max,36,Autumn,0.08301305196633323,0.06568781116356608,0.14404931341274704,0.04656259178015487,False,8,0.9163420856772009
601,KATL,Max,42,Winter,0.051999614982014726,0.04439310419839661,0.10241056065205088,0.06763833122346075,False,8,0.9163420856772009
602,KATL,Max,42,Spring,0.04712170923755726,0.04363384458235256,0.09641656633717792,0.1384529800858687,True,8,0.9163420856772009
603,KATL,Max,42,Summer,0.04000138152826606,0.04076659292182635,0.09565688515543781,0.05798695192394482,False,9,0.9163420856772009
604,KATL,Max,42,Autumn,0.0665515205124993,0.05457432687184354,0.113752830412649,0.06043787961373748,False,9,0.9163420856772009
605,KATL,Max,48,Winter,0.059863779978869575,0.05196592442969506,0.10998390296216834,0.05532654138559698,False,9,0.9163420856772009
606,KATL,Max,48,Spring,0.0589239417934344,0.04873902791623553,0.10127588480536548,0.06709085614005944,False,9,0.9163420856772009
607,KATL,Max,48,Summer,0.052443252417569364,0.0461505594535529,0.09685042799742279,0.1191951085506584,True,8,0.9163420856772009
608,KATL,Max,48,Autumn,0.05265870026073018,0.049910238006206566,0.09849214098846455,0.061175841905456,False,8,0.9163420856772009
609,KATL,Max,54,Winter,0.03637733594236103,0.03458228268591696,0.09720495785815644,0.06793498105839979,False,9,0.9163420856772009
610,KATL,Max,54,Spring,0.049323869388681454,0.041588684395658444,0.1048736592763399,0.12514960551217846,True,9,0.9163420856772009
611,KATL,Max,54,Summer,0.04092226517542453,0.03408126690326092,0.09060487134796036,0.10087051101405237,True,7,0.9163420856772009
612,KATL,Max,54,Autumn,0.06165296772661465,0.05039087747441109,0.12269566633652225,0.11146877582084336,True,7,0.9163420856772009
613,KATL,Max,60,Winter,0.023159827815483695,0.03495916043115979,0.08597816123561942,0.11742110957314578,True,7,0.9163420856772009
614,KATL,Max,60,Spring,0.07449151868855049,0.06063810907214697,0.12050935918880055,0.08492143688462511,True,6,0.9163420856772009
615,KATL,Max,60,Summer,0.0444183087888056,0.044999001662914824,0.10054899691368153,0.10050195668889905,True,8,0.9163420856772009
616,KATL,Max,60,Autumn,0.04973048514907891,0.04271695171054123,0.10573659552567112,0.062361807405491465,False,10,0.9163420856772009
617,KATL,Max,66,Winter,0.050870965673625375,0.04771196821693433,0.10658552354559903,0.1373630363739305,True,9,0.9163420856772009
618,KATL,Max,66,Spring,0.06339912943407476,0.048453978516629054,0.11470827771557647,0.08869535021067793,True,8,0.9163420856772009
619,KATL,Max,66,Summer,0.04803157387190034,0.044582998167136796,0.10761431964241691,0.07307124497246142,False,9,0.9163420856772009
620,KATL,Max,66,Autumn,0.04914422863321785,0.04193007230573701,0.09892056238846844,0.0650381662238032,False,10,0.9163420856772009
621,KATL,Max,72,Winter,0.059536121144770617,0.045429188220322915,0.10674712366051269,0.05155457030610011,False,8,0.9163420856772009
622,KATL,Max,72,Spring,0.0772001665235454,0.06001411792417133,0.1226044828244738,0.05443621995138592,False,9,0.9163420856772009
623,KATL,Max,72,Summer,0.03591305000892998,0.04420959255124984,0.09744559910350672,0.09050446825469793,True,8,0.9163420856772009
624,KATL,Max,72,Autumn,0.07984418828097961,0.06413686402209098,0.12212661802613754,0.05296387723565177,False,9,0.9163420856772009
625,KATL,Min,6,Winter,0.060780657104688794,0.0451788840401435,0.11045366671130526,0.06630690588452631,False,9,0.9163420856772009
626,KATL,Min,6,Spring,0.03800880930121782,0.037252477537321284,0.09621951192701088,0.09340524692133256,True,8,0.9163420856772009
627,KATL,Min,6,Summer,0.06510959039289055,0.051938396365981944,0.11663446667529996,0.06413908125589002,False,7,0.9163420856772009
628,KATL,Min,6,Autumn,0.07118900685175422,0.06178725146046046,0.11728993136338906,0.09077021386383338,True,9,0.9163420856772009
629,KATL,Min,12,Winter,0.07302133224742317,0.057924226484491234,0.11969205875810517,0.08568805782070649,True,8,0.9163420856772009
630,KATL,Min,12,Spring,0.05858369434605912,0.046839159111613314,0.10247175317855224,0.07446432361098476,False,9,0.9163420856772009
631,KATL,Min,12,Summer,0.06289848825433045,0.046705926511494404,0.11635789966473582,0.08369983019073857,True,7,0.9163420856772009
632,KATL,Min,12,Autumn,0.039158948515543045,0.04050417295338065,0.09947543092359995,0.06374613842494714,False,9,0.9163420856772009
633,KATL,Min,18,Winter,0.042318072487297714,0.03828678295350221,0.08745261790012714,0.10515632460238411,True,9,0.9163420856772009
634,KATL,Min,18,Spring,0.06341755438739215,0.04646505125907166,0.1132249362605568,0.11528114244150015,True,8,0.9163420856772009
635,KATL,Min,18,Summer,0.06117690863861153,0.05144176458268569,0.1187134775889009,0.06918291708626811,False,9,0.9163420856772009
636,KATL,Min,18,Autumn,0.07662126409650483,0.05275998923707766,0.12039229497510383,0.07209368158470464,False,9,0.9163420856772009
637,KATL,Min,24,Winter,0.04917856849328611,0.037123645986635555,0.10731351166683,0.10376686192080048,True,8,0.9163420856772009
638,KATL,Min,24,Spring,0.06677713886990885,0.05915019210424293,0.10630481153755195,0.07096005796880978,False,6,0.9163420856772009
639,KATL,Min,24,Summer,0.026599551158193624,0.03599199905443671,0.09269271430237332,0.07820432944801958,False,9,0.9163420856772009
640,KATL,Min,24,Autumn,0.057833958891683364,0.0433120105843199,0.1015657432654917,0.09635633756528678,True,8,0.9163420856772009
641,KATL,Min,30,Winter,0.040354469822488845,0.037762238811335475,0.101642521934426,0.10481001763944764,True,8,0.9163420856772009
642,KATL,Min,30,Spring,0.06345268326328077,0.057358674964731376,0.12073636929591805,0.08304423985156806,True,7,0.9163420856772009
643,KATL,Min,30,Summer,0.055929204620395884,0.05045946139685309,0.11035674351295752,0.0672802643536855,False,9,0.9163420856772009
644,KATL,Min,30,Autumn,0.065792432574418,0.059396050037373097,0.1095801438208249,0.04968425977033242,False,8,0.9163420856772009
645,KATL,Min,36,Winter,0.053082471515559615,0.043656454006177514,0.1066355273930326,0.05869356758398214,False,8,0.9163420856772009
646,KATL,Min,36,Spring,0.050919813314810804,0.04371207001910368,0.10141412243456809,0.09630200563983815,True,9,0.9163420856772009
647,KATL,Min,36,Summer,0.04228528943230478,0.040907890563559146,0.10293768968830692,0.1193822266342934,True,8,0.9163420856772009
648,KATL,Min,36,Autumn,0.03619108584263488,0.04625264203119302,0.09822629044887701,0.06401720597558769,False,9,0.9163420856772009
649,KATL,Min,42,Winter,0.06413263599339603,0.04915306854071196,0.11510941915827633,0.0826272619869407,True,8,0.9163420856772009
650,KATL,Min,42,Spring,0.0585715901072954,0.041364182050415275,0.1132028128257898,0.044078081825080884,False,8,0.9163420856772009
651,KATL,Min,42,Summer,0.07081524085509446,0.054339503791129576,0.12931077449972964,0.06397336588552949,False,9,0.9163420856772009
652,KATL,Min,42,Autumn,0.042301332551824,0.0437080318500844,0.09523488917927309,0.08259401402897792,True,9,0.9163420856772009
653,KATL,Min,48,Winter,0.05396264653306956,0.04826216954984492,0.10887750477232917,0.07471400119461272,False,9,0.9163420856772009
654,KATL,Min,48,Spring,0.05818931155902838,0.047789952501533055,0.11104576767228469,0.05514870769839275,False,9,0.9163420856772009
655,KATL,Min,48,Summer,0.0463162219137776,0.039799052480012975,0.09960465183680581,0.06803721123445317,False,8,0.9163420856772009
656,KATL,Min,48,Autumn,0.05380914071145217,0.04710409876301679,0.10597461855214561,0.07435244522941076,False,8,0.9163420856772009
657,KATL,Min,54,Winter,0.05600623687084956,0.04827324734701062,0.10644164851956386,0.14438765247397406,True,8,0.9163420856772009
658,KATL,Min,54,Spring,0.04110453937890623,0.04195259530088717,0.09764841116920851,0.06743508771216838,False,8,0.9163420856772009
659,KATL,Min,54,Summer,0.0468646049068893,0.04537033352779935,0.10565046632888657,0.05201474118027094,False,8,0.9163420856772009
660,KATL,Min,54,Autumn,0.04984618097432485,0.04715400579419697,0.10601047472012888,0.06991501741697992,False,8,0.9163420856772009
661,KATL,Min,60,Winter,0.06331089515922492,0.055998155138293815,0.11657930370640812,0.07421822549693528,False,9,0.9163420856772009
662,KATL,Min,60,Spring,0.052766578449740545,0.045587667234634664,0.10791249331112517,0.08421344095774891,True,9,0.9163420856772009
663,KATL,Min,60,Summer,0.03994814588195215,0.035023590977495835,0.0956262508502359,0.04724167952876379,False,8,0.9163420856772009
664,KATL,Min,60,Autumn,0.07654998184908367,0.06212273372945914,0.12624012909579527,0.08295806991170995,True,8,0.9163420856772009
665,KATL,Min,66,Winter,0.037368400230141915,0.04057960101539414,0.10030012232393638,0.10785436003001503,True,9,0.9163420856772009
666,KATL,Min,66,Spring,0.055633892740490604,0.04258477118468587,0.10943970525439509,0.13416317673811806,True,9,0.9163420856772009
667,KATL,Min,66,Summer,0.06514003950021298,0.056107365610563786,0.11730068567702377,0.1451279461969326,True,8,0.9163420856772009
668,KATL,Min,66,Autumn,0.027759420335093158,0.03598206449830614,0.0841978527997074,0.12397239044232777,True,7,0.9163420856772009
669,KATL,Min,72,Winter,0.06278204048567941,0.052255849910026596,0.1131664636679376,0.06225960105090417,False,10,0.9163420856772009
670,KATL,Min,72,Spring,0.04230964201516389,0.038984090790334706,0.10041750306688338,0.06843335261366923,False,8,0.9163420856772009
671,KATL,Min,72,Summer,0.04365475612709198,0.041937352861927533,0.09611395553043334,0.1076938841167131,True,7,0.9163420856772009
672,KATL,Min,72,Autumn,0.063627494935013,0.04639419013442537,0.10979844735304972,0.07716587451307422,False,8,0.9163420856772009
673,KPHX,Max,6,Winter,0.05896404695999773,0.04763176461051855,0.10576458024774849,0.09326734048012864,True,8,0.9163420856772009
674,KPHX,Max,6,Spring,0.05416386435723145,0.043374214590225474,0.10694898583242118,0.0992400029100724,True,9,0.9163420856772009
675,KPHX,Max,6,Summer,0.03308912613510783,0.03947552473017228,0.10164627115156215,0.0681783335538193,False,9,0.9163420856772009
676,KPHX,Max,6,Autumn,0.047912149110637625,0.041836928642892006,0.10165102906606002,0.10359384287733032,True,8,0.9163420856772009
677,KPHX,Max,12,Winter,0.06039552137183362,0.04748889256324279,0.11652519795356732,0.10735733190070906,True,9,0.9163420856772009
678,KPHX,Max,12,Spring,0.06788611014984165,0.05536949112398631,0.11785617004119953,0.12217080403627867,True,7,0.9163420856772009
679,KPHX,Max,12,Summer,0.06887247907438596,0.061670498727811676,0.1302214834686757,0.06072993185918063,False,9,0.9163420856772009
680,KPHX,Max,12,Autumn,0.07016697985108371,0.05055390154097364,0.11617656850914852,0.09667932673551022,True,8,0.9163420856772009
681,KPHX,Max,18,Winter,0.061197814941248395,0.04651557378008579,0.11096340256186371,0.10350041244956665,True,9,0.9163420856772009
682,KPHX,Max,18,Spring,0.04523964534477386,0.04021117278102018,0.09978269578755315,0.10560302593826842,True,10,0.9163420856772009
683,KPHX,Max,18,Summer,0.04096987211776153,0.0409562395727692,0.10650381648525091,0.08313105724912034,True,8,0.9163420856772009
684,KPHX,Max,18,Autumn,0.04204258880799433,0.04427875194624262,0.0957213350684029,0.08797175596256601,True,8,0.9163420856772009
685,KPHX,Max,24,Winter,0.04690529194462677,0.04242651059076562,0.10214445037880987,0.1335863041208854,True,9,0.9163420856772009
686,KPHX,Max,24,Spring,0.04623640944854926,0.04302788244594307,0.09968495547226068,0.11413988784689355,True,9,0.9163420856772009
687,KPHX,Max,24,Summer,0.03834647372443665,0.04004376410449292,0.10067563482931124,0.08713424058989332,True,8,0.9163420856772009
688,KPHX,Max,24,Autumn,0.048263499161552585,0.03818741966333834,0.09803036902678883,0.09145599540769311,True,8,0.9163420856772009
689,KPHX,Max,30,Winter,0.05160311974640069,0.0457134178021714,0.10601593180767661,0.06910847287244418,False,8,0.9163420856772009
690,KPHX,Max,30,Spring,0.05098846271583197,0.048561657464502896,0.10747145186254205,0.07406630858392205,False,8,0.9163420856772009
691,KPHX,Max,30,Summer,0.04215391497138429,0.04121303225483629,0.1022710994182483,0.06018941177327411,False,9,0.9163420856772009
692,KPHX,Max,30,Autumn,0.05370960234346241,0.04361225451230021,0.10665455347025533,0.06484840825144242,False,7,0.9163420856772009
693,KPHX,Max,36,Winter,0.05943972977770723,0.05434554344855248,0.10819905837842408,0.0770599042894296,False,10,0.9163420856772009
694,KPHX,Max,36,Spring,0.061734489613699935,0.04986696547493403,0.11776391947006948,0.11443826509849675,True,9,0.9163420856772009
695,KPHX,Max,36,Summer,0.040766249171619834,0.04150319521952082,0.10158347354059248,0.09478458692517161,True,9,0.9163420856772009
696,KPHX,Max,36,Autumn,0.03262749487551196,0.03755904886121305,0.08799311943311955,0.1069294140858651,True,6,0.9163420856772009
697,KPHX,Max,42,Winter,0.04074700497312316,0.03873282617538152,0.09217888634107677,0.09452135793824434,True,8,0.9163420856772009
698,KPHX,Max,42,Spring,0.0693840877756918,0.05634234611214148,0.12283484322074133,0.07024802181183343,False,7,0.9163420856772009
699,KPHX,Max,42,Summer,0.06174471630309141,0.04671418736695181,0.12272558603898324,0.07562984710356366,False,8,0.9163420856772009
700,KPHX,Max,42,Autumn,0.05060709154893729,0.03667142106957281,0.10069410834037515,0.11360584672538543,True,9,0.9163420856772009
701,KPHX,Max,48,Winter,0.08511530302453903,0.06409308919825807,0.14495060784689387,0.08021009577184779,True,10,0.9163420856772009
702,KPHX,Max,48,Spring,0.06382914556775474,0.04899082649499679,0.11598189514594659,0.07742287354628213,False,9,0.9163420856772009
703,KPHX,Max,48,Summer,0.04767447782801168,0.041812067127612366,0.10194232940725162,0.09183946734424886,True,9,0.9163420856772009
704,KPHX,Max,48,Autumn,0.06415437820569378,0.05617621762334732,0.11634521882948191,0.08853814597629428,True,9,0.9163420856772009
705,KPHX,Max,54,Winter,0.05579266087538076,0.04356497877345021,0.1054210882851887,0.12412800723432049,True,8,0.9163420856772009
706,KPHX,Max,54,Spring,0.05917219863443408,0.044192233273242704,0.11373086879795685,0.05063811317600719,False,10,0.9163420856772009
707,KPHX,Max,54,Summer,0.03889009313657128,0.03808938691298143,0.09528240975047064,0.051022943404173016,False,8,0.9163420856772009
708,KPHX,Max,54,Autumn,0.05971496421720322,0.05478829175514315,0.10907058229786722,0.1016583165951429,True,10,0.9163420856772009
709,KPHX,Max,60,Winter,0.033563627682024186,0.043811459915195236,0.09444576239116644,0.09324678722195398,True,8,0.9163420856772009
710,KPHX,Max,60,Spring,0.06289412479124128,0.05403174067335472,0.11473596244503527,0.0952563709184367,True,8,0.9163420856772009
711,KPHX,Max,60,Summer,0.05893739051606142,0.047668846643855504,0.1116967471859154,0.1403909795226279,True,7,0.9163420856772009
712,KPHX,Max,60,Autumn,0.06672116932462271,0.05080205795624966,0.1084828225136072,0.09584109674250674,True,9,0.9163420856772009
713,KPHX,Max,66,Winter,0.06218899454136485,0.04975395221424766,0.11630603965597344,0.11075287656625488,True,9,0.9163420856772009
714,KPHX,Max,66,Spring,0.06678917754818416,0.05386489315978409,0.12338311129617059,0.08682970283908653,True,8,0.9163420856772009
715,KPHX,Max,66,Summer,0.05267420553426955,0.04417436996240073,0.10080183748921316,0.0659274847480753,False,8,0.9163420856772009
716,KPHX,Max,66,Autumn,0.05205545182483663,0.03339204875647634,0.09595303740192028,0.11784647011892452,True,9,0.9163420856772009
717,KPHX,Max,72,Winter,0.04259272090549605,0.03776977724941999,0.10594916035285257,0.07932794711859326,False,7,0.9163420856772009
718,KPHX,Max,72,Spring,0.03749360473196161,0.041731703851391834,0.09375921843852698,0.10700537044560027,True,9,0.9163420856772009
719,KPHX,Max,72,Summer,0.0596684672043427,0.04701305594844886,0.11739252021240265,0.05836203289200148,False,9,0.9163420856772009
720,KPHX,Max,72,Autumn,0.05670136354466877,0.05053160528019361,0.09848210239496374,0.06628123135378147,False,9,0.9163420856772009
721,KPHX,Min,6,Winter,0.04021954085509904,0.04062380673232491,0.09122691647165548,0.11576126639145212,True,8,0.9163420856772009
722,KPHX,Min,6,Spring,0.04884059298191024,0.04851956102190563,0.11120529537259491,0.061115976695721774,False,8,0.9163420856772009
723,KPHX,Min,6,Summer,0.023903985722792655,0.035220662538489454,0.08255082618191342,0.0663945876024794,False,8,0.9163420856772009
724,KPHX,Min,6,Autumn,0.06352275623149033,0.05195886986633729,0.13183939131024322,0.08017763033632658,True,8,0.9163420856772009
725,KPHX,Min,12,Winter,0.054046175712723486,0.046684510924219935,0.1023642006010213,0.07177366920246009,False,8,0.9163420856772009
726,KPHX,Min,12,Spring,0.039817277078125206,0.03330534446685722,0.09767304823106797,0.06048839471846568,False,10,0.9163420856772009
727,KPHX,Min,12,Summer,0.045485151097054886,0.04247100040407952,0.10147811001074489,0.05292687806287791,False,10,0.9163420856772009
728,KPHX,Min,12,Autumn,0.06816532625085658,0.05731585015946109,0.1181546609712337,0.08684480675667716,True,10,0.9163420856772009
729,KPHX,Min,18,Winter,0.03179892190196201,0.03824419728076015,0.09193704705994342,0.06597140833524975,False,9,0.9163420856772009
730,KPHX,Min,18,Spring,0.0478314988601416,0.04551390490433053,0.10747547476581172,0.044990687492707626,False,8,0.9163420856772009
731,KPHX,Min,18,Summer,0.05172593876974659,0.04163998065005643,0.09836359619580251,0.10875846145497786,True,7,0.9163420856772009
732,KPHX,Min,18,Autumn,0.059002944634534565,0.04800293390324481,0.1085726077814798,0.07680515657640688,False,8,0.9163420856772009
733,KPHX,Min,24,Winter,0.04606157179021298,0.04189854892843356,0.10437307141693886,0.08821885306176153,True,9,0.9163420856772009
734,KPHX,Min,24,Spring,0.0711183031857814,0.059788202036301745,0.12075133052779942,0.054879450334382074,False,7,0.9163420856772009
735,KPHX,Min,24,Summer,0.039979275393948834,0.03434588793446407,0.09667092029641508,0.16578270736669276,True,9,0.9163420856772009
736,KPHX,Min,24,Autumn,0.08032915642266465,0.05653227899429483,0.12857668827443144,0.07917532760694224,False,9,0.9163420856772009
737,KPHX,Min,30,Winter,0.09158860528079385,0.06156468251834861,0.15210795486426212,0.12028496789472437,True,8,0.9163420856772009
738,KPHX,Min,30,Spring,0.05603133427758914,0.04634329037245544,0.11143581861871385,0.09464370520739218,True,8,0.9163420856772009
739,KPHX,Min,30,Summer,0.034921333749395655,0.03653051968842385,0.10430497928527019,0.07759473028162289,False,8,0.9163420856772009
740,KPHX,Min,30,Autumn,0.0676159710918618,0.05717969456166945,0.12282033991141261,0.0627508435645614,False,8,0.9163420856772009
741,KPHX,Min,36,Winter,0.04026979563633978,0.03919321796273675,0.10190368273113969,0.11947980340905529,True,9,0.9163420856772009
742,KPHX,Min,36,Spring,0.0413228190026899,0.04065199847986943,0.10110431460503319,0.07537208819898056,False,9,0.9163420856772009
743,KPHX,Min,36,Summer,0.03906698184421015,0.04453068032676958,0.0933401761228881,0.09004900041284081,True,7,0.9163420856772009
744,KPHX,Min,36,Autumn,0.07696149353130032,0.051339280926883966,0.11753063466545469,0.07962051182143925,False,8,0.9163420856772009
745,KPHX,Min,42,Winter,0.07502372594481761,0.05780074495386779,0.1295442727573309,0.09429982153861233,True,9,0.9163420856772009
746,KPHX,Min,42,Spring,0.041070540873121446,0.040859687819550246,0.09683714824053531,0.0977115693006575,True,8,0.9163420856772009
747,KPHX,Min,42,Summer,0.0627849694466954,0.04768977041496953,0.11895944082931302,0.06754144227586167,False,10,0.9163420856772009
748,KPHX,Min,42,Autumn,0.0431706741602491,0.03879119843221995,0.10035586713620716,0.03910642757056049,False,8,0.921787144858879
749,KPHX,Min,48,Winter,0.0445272785312142,0.04369039886222083,0.09352611027869429,0.08822912807398775,True,9,0.9163420856772009
750,KPHX,Min,48,Spring,0.06717998345970534,0.04606227323579098,0.11771054974310581,0.08039763965123958,True,8,0.9163420856772009
751,KPHX,Min,48,Summer,0.03875943288748792,0.03283341441839697,0.10265082281681126,0.06464800676991289,False,6,0.9163420856772009
752,KPHX,Min,48,Autumn,0.05494218651003394,0.05102952711751121,0.11031435201618447,0.09683918254906032,True,8,0.9163420856772009
753,KPHX,Min,54,Winter,0.05590335114999575,0.04839651614661216,0.11285792299205372,0.053503174148057,False,9,0.9163420856772009
754,KPHX,Min,54,Spring,0.04338503196450577,0.035037618270710266,0.09089105372088083,0.0722202696391494,False,7,0.9163420856772009
755,KPHX,Min,54,Summer,0.059230347959601075,0.041973171246572086,0.10626193753881986,0.0990104329981405,True,9,0.9163420856772009
756,KPHX,Min,54,Autumn,0.07355764591350841,0.052420415733920624,0.11516634658275479,0.07123723531864068,False,8,0.9163420856772009
757,KPHX,Min,60,Winter,0.04102716206361509,0.04209003201376365,0.09773888429224319,0.1314064830582271,True,9,0.9163420856772009
758,KPHX,Min,60,Spring,0.0707071102431938,0.06143731650387136,0.11691151530653782,0.05073923427782395,False,8,0.9163420856772009
759,KPHX,Min,60,Summer,0.06281942307564144,0.05021552481979695,0.11394254844941591,0.08188936030306648,True,8,0.9163420856772009
760,KPHX,Min,60,Autumn,0.06672176363040153,0.055015905689909446,0.1144312679714233,0.09768520127675873,True,9,0.9163420856772009
761,KPHX,Min,66,Winter,0.05647563789818585,0.05437476531916607,0.12085831559097625,0.09895035456668724,True,8,0.9163420856772009
762,KPHX,Min,66,Spring,0.055967406803949786,0.04443032333970188,0.1019699668157113,0.051319845351551985,False,10,0.9163420856772009
763,KPHX,Min,66,Summer,0.06742235218209136,0.049391635041518264,0.11178266997983145,0.06201455904940767,False,9,0.9163420856772009
764,KPHX,Min,66,Autumn,0.05681590067986006,0.048562746174236046,0.10661652274076552,0.08677792849571944,True,8,0.9163420856772009
765,KPHX,Min,72,Winter,0.04735273460788741,0.04500761406477355,0.09439647141856151,0.09098627065010712,True,9,0.9163420856772009
766,KPHX,Min,72,Spring,0.044482665295938514,0.048091572084106166,0.09699986718263777,0.06958592131600111,False,8,0.9163420856772009
767,KPHX,Min,72,Summer,0.052873023866155,0.04240876841471608,0.09790696136506126,0.10874945638785616,True,8,0.9163420856772009
768,KPHX,Min,72,Autumn,0.0732119533249668,0.06423029510081495,0.12224335477956948,0.06029205004708538,False,9,0.9163420856772009
769,KSEA,Max,6,Winter,0.055978256657819046,0.04244838615656024,0.10943418881527753,0.047209864059699624,False,10,0.9163420856772009
770,KSEA,Max,6,Spring,0.0614872180997858,0.047596909838106743,0.11043075744367141,0.08370077499915574,True,9,0.9163420856772009
771,KSEA,Max,6,Summer,0.0495005154888375,0.051348093501513335,0.10090398770327355,0.06684616590262188,False,7,0.9163420856772009
772,KSEA,Max,6,Autumn,0.05312623990171332,0.05123354791224189,0.10161531055055883,0.1101615397469834,True,9,0.9163420856772009
773,KSEA,Max,12,Winter,0.03258786945551363,0.04331658028253189,0.08823027647798458,0.0704950564948289,False,8,0.9163420856772009
774,KSEA,Max,12,Spring,0.039942758331525004,0.035832504466582295,0.0895132001947658,0.10761626778251793,True,8,0.9163420856772009
775,KSEA,Max,12,Summer,0.05191648388034827,0.04674114579559952,0.09942726495027587,0.10948454778740174,True,7,0.9163420856772009
776,KSEA,Max,12,Autumn,0.03218239335700938,0.037815928323939756,0.09314565521340123,0.057639929425084,False,8,0.9163420856772009
777,KSEA,Max,18,Winter,0.05851429775990335,0.049008341161240844,0.11661641703971898,0.0970863354197436,True,8,0.9163420856772009
778,KSEA,Max,18,Spring,0.042639630261298155,0.04372988454654868,0.09774908198720035,0.05885009283980963,False,9,0.9163420856772009
779,KSEA,Max,18,Summer,0.057959556187824494,0.05253305517116017,0.11032606429545594,0.06999300857506963,False,8,0.9163420856772009
780,KSEA,Max,18,Autumn,0.06980856204413516,0.05807561062160177,0.11192187376783651,0.13138748977481213,True,7,0.9163420856772009
781,KSEA,Max,24,Winter,0.05251825937834654,0.04527433751216129,0.1095615914940225,0.060804746808637566,False,8,0.9163420856772009
782,KSEA,Max,24,Spring,0.044316173167123184,0.04197270071577364,0.09896863999361885,0.07003268598916035,False,8,0.9163420856772009
783,KSEA,Max,24,Summer,0.0522704590936052,0.04488410125019209,0.10283700068482123,0.08417882693587761,True,9,0.9163420856772009
784,KSEA,Max,24,Autumn,0.051692604791939066,0.05544306711178372,0.1235440884232793,0.09379479881199781,True,7,0.9163420856772009
785,KSEA,Max,30,Winter,0.04361433709673532,0.044758174062096555,0.10286748514219277,0.06568842862452862,False,9,0.9163420856772009
786,KSEA,Max,30,Spring,0.04525634234024933,0.042139291207468704,0.10021063709146132,0.07461657587237147,False,8,0.9163420856772009
787,KSEA,Max,30,Summer,0.05376306489882498,0.043423351879994826,0.09860062984141553,0.11368506208626306,True,10,0.9163420856772009
788,KSEA,Max,30,Autumn,0.07415114905253302,0.05668789816515296,0.12448384609142464,0.08787732442295479,True,10,0.9163420856772009
789,KSEA,Max,36,Winter,0.04481370068313118,0.0460267696544717,0.10899422053409319,0.07492714040858728,False,9,0.9163420856772009
790,KSEA,Max,36,Spring,0.04936249696442184,0.044545176994626616,0.10210142543440015,0.0625660874188656,False,8,0.9163420856772009
791,KSEA,Max,36,Summer,0.03527753920577803,0.039549196823101075,0.08728871206075542,0.07180198266325433,False,9,0.9163420856772009
792,KSEA,Max,36,Autumn,0.03725265941967678,0.03814236714920421,0.09682875179783325,0.09110920899010311,True,8,0.9163420856772009
793,KSEA,Max,42,Winter,0.03715129437302036,0.036433400632957934,0.09493892670108343,0.10619328779415105,True,8,0.9163420856772009
794,KSEA,Max,42,Spring,0.08111615202205123,0.058597276484809405,0.1291532559489842,0.07233070472046253,False,10,0.9163420856772009
795,KSEA,Max,42,Summer,0.05548878828088643,0.04621126382234302,0.10826278010548997,0.05035951071090583,False,8,0.9163420856772009
796,KSEA,Max,42,Autumn,0.048860703959097924,0.04346908835257979,0.09855452511355729,0.06684161960000243,False,7,0.9163420856772009
797,KSEA,Max,48,Winter,0.05884142097831804,0.04844000433833039,0.11445288138980897,0.07923221211415954,False,9,0.9163420856772009
798,KSEA,Max,48,Spring,0.06312909266784165,0.04876387095500696,0.11859831586941066,0.10303955007690113,True,8,0.9163420856772009
799,KSEA,Max,48,Summer,0.05954803472220051,0.054118766248408494,0.11072329811447906,0.08639801746492498,True,10,0.9163420856772009
800,KSEA,Max,48,Autumn,0.0493541795252146,0.03841961934547548,0.10025053822106474,0.04959638845811304,False,8,0.9163420856772009
801,KSEA,Max,54,Winter,0.0644193928918525,0.05276103531918672,0.11354998753480688,0.11395326280734774,True,8,0.9163420856772009
802,KSEA,Max,54,Spring,0.06252159291913963,0.05201070367932875,0.11064065427880167,0.12485458871954269,True,9,0.9163420856772009
803,KSEA,Max,54,Summer,0.08455491584953478,0.06919687907566958,0.14001676417972705,0.05569817310228864,False,10,0.9163420856772009
804,KSEA,Max,54,Autumn,0.03814918593275236,0.03618148465111714,0.08838999171749533,0.06719472758844958,False,8,0.9163420856772009
805,KSEA,Max,60,Winter,0.07086511068670362,0.052322864730217335,0.12025752255131825,0.055034636924967795,False,7,0.9163420856772009
806,KSEA,Max,60,Spring,0.04342280602607213,0.050885072241015294,0.10664701694035579,0.10672872711928827,True,8,0.9163420856772009
807,KSEA,Max,60,Summer,0.05125197617268726,0.045820975469072614,0.0954327568643605,0.07466118608568245,False,9,0.9163420856772009
808,KSEA,Max,60,Autumn,0.08114349296085523,0.06265651323741751,0.13014196838378145,0.10808986189937858,True,6,0.9163420856772009
809,KSEA,Max,66,Winter,0.05006434380686616,0.03816304369669012,0.10355643383263395,0.07217425492280582,False,10,0.9163420856772009
810,KSEA,Max,66,Spring,0.04973750861628968,0.04247435945843211,0.09881036126862476,0.055762945925178,False,9,0.9163420856772009
811,KSEA,Max,66,Summer,0.04542021908492458,0.046684387656246384,0.10199399743858077,0.053910604921962535,False,9,0.9163420856772009
812,KSEA,Max,66,Autumn,0.05808416198737163,0.049030207440685654,0.10273228727368956,0.09541540922690067,True,8,0.9163420856772009
813,KSEA,Max,72,Winter,0.03941447961553656,0.04145506196857449,0.09979428603919038,0.06641648010841206,False,8,0.9163420856772009
814,KSEA,Max,72,Spring,0.05137888697118475,0.04662561311748593,0.1062878790808742,0.14060456921900266,True,8,0.9163420856772009
815,KSEA,Max,72,Summer,0.060140109449632086,0.0475433963879283,0.11066417318450321,0.07458296690452781,False,8,0.9163420856772009
816,KSEA,Max,72,Autumn,0.054765443448719274,0.04543318181526287,0.10701256333709627,0.10804106440535444,True,7,0.9163420856772009
817,KSEA,Min,6,Winter,0.07586319198338708,0.06199248695247269,0.11833905611284408,0.09070418853161566,True,9,0.9163420856772009
818,KSEA,Min,6,Spring,0.04226669640588829,0.03944357849455857,0.0974859324158351,0.09990662544669715,True,9,0.9163420856772009
819,KSEA,Min,6,Summer,0.03212041926316523,0.032656795320303286,0.09727579042851452,0.07235772967603227,False,8,0.9163420856772009
820,KSEA,Min,6,Autumn,0.05586599070607503,0.0427555701579151,0.10202261666641863,0.09404527286936326,True,8,0.9163420856772009
821,KSEA,Min,12,Winter,0.04514124936209444,0.038983025590353736,0.09607223656226459,0.072132597051486,False,9,0.9163420856772009
822,KSEA,Min,12,Spring,0.06207363155945413,0.04797901743036726,0.11591961938102421,0.1034905381505713,True,7,0.9163420856772009
823,KSEA,Min,12,Summer,0.05762352407349814,0.045434502981531184,0.10454583897011407,0.06992086246999207,False,8,0.9163420856772009
824,KSEA,Min,12,Autumn,0.05518741623586253,0.04695231182616835,0.10870323137385164,0.06677051957925757,False,8,0.9163420856772009
825,KSEA,Min,18,Winter,0.058156258735069355,0.04693085786233063,0.10981460900752057,0.097404573475845,True,9,0.9163420856772009
826,KSEA,Min,18,Spring,0.05691959440685081,0.0501171961343975,0.10860703314810995,0.07530671615752982,False,9,0.9163420856772009
827,KSEA,Min,18,Summer,0.041714311926961484,0.03647461296278248,0.09586952822003292,0.06847410972513646,False,9,0.9163420856772009
828,KSEA,Min,18,Autumn,0.0599413880754114,0.046409804624805547,0.11078874621752816,0.06632261033230413,False,9,0.9163420856772009
829,KSEA,Min,24,Winter,0.06518362368627575,0.057584153366322194,0.11992398219777857,0.0567048597106925,False,9,0.9163420856772009
830,KSEA,Min,24,Spring,0.0703476516014396,0.06054452577866791,0.11992297339022445,0.10262345431105735,True,9,0.9163420856772009
831,KSEA,Min,24,Summer,0.055870490713892086,0.05141090077280874,0.10973899561949706,0.12116767555128652,True,10,0.9163420856772009
832,KSEA,Min,24,Autumn,0.05806106227006154,0.04652327576406718,0.12077704001794017,0.10761355840889403,True,9,0.9163420856772009
833,KSEA,Min,30,Winter,0.06517498082596589,0.05127675713414358,0.1096713089273245,0.12249785869982599,True,7,0.9163420856772009
834,KSEA,Min,30,Spring,0.05656036948446213,0.05193361275418004,0.11370359332618372,0.06754355076537177,False,9,0.9163420856772009
835,KSEA,Min,30,Summer,0.04029219555936984,0.0391015960437589,0.10417665611158614,0.0850363018665436,True,7,0.9163420856772009
836,KSEA,Min,30,Autumn,0.05700079770580533,0.049580064047634466,0.11251093437144671,0.09270840229748335,True,8,0.9163420856772009
837,KSEA,Min,36,Winter,0.03904549893295422,0.03796525160447052,0.09908300550409055,0.09236852972049309,True,8,0.9163420856772009
838,KSEA,Min,36,Spring,0.056886905531053134,0.044827606374831415,0.10656990463847152,0.10182321565646799,True,8,0.9163420856772009
839,KSEA,Min,36,Summer,0.04535495436946916,0.03678854168923982,0.09158185680204473,0.06440554738782234,False,8,0.9163420856772009
840,KSEA,Min,36,Autumn,0.07103756679118418,0.053197404131861956,0.12370696899049759,0.07953060568587866,False,8,0.9163420856772009
841,KSEA,Min,42,Winter,0.04647320198632802,0.04300189959820457,0.10391701476482403,0.09521947854583374,True,8,0.9163420856772009
842,KSEA,Min,42,Spring,0.04776206568385366,0.0419401719434526,0.09440860150722521,0.0840635527512073,True,8,0.9163420856772009
843,KSEA,Min,42,Summer,0.0581997829005544,0.04551088847636555,0.10948455964612945,0.061759722726735355,False,9,0.9163420856772009
844,KSEA,Min,42,Autumn,0.026797741273598963,0.03656543521274587,0.09163790506962284,0.04817681610244537,False,8,0.9163420856772009
845,KSEA,Min,48,Winter,0.05029299552096598,0.055183086443988005,0.09962577766148523,0.09202294524820953,True,9,0.9163420856772009
846,KSEA,Min,48,Spring,0.046539329718225816,0.03932882021669631,0.0990054306371411,0.06544681940556873,False,7,0.9163420856772009
847,KSEA,Min,48,Summer,0.04288233297992678,0.03933048188976189,0.10315431954813294,0.10384862339111134,True,8,0.9163420856772009
848,KSEA,Min,48,Autumn,0.04683550891372416,0.04181812610536775,0.10461464322531173,0.081427849066666,True,7,0.9163420856772009
849,KSEA,Min,54,Winter,0.04567000733927693,0.04800965756908206,0.10093090395956056,0.07061384312644114,False,9,0.9163420856772009
850,KSEA,Min,54,Spring,0.038554551344814475,0.03932918021289383,0.09959269006256981,0.10564164067524451,True,10,0.9163420856772009
851,KSEA,Min,54,Summer,0.05852225867442429,0.049914269700625374,0.10909435561221685,0.09361520464651418,True,9,0.9163420856772009
852,KSEA,Min,54,Autumn,0.05630930472576896,0.05039637023517843,0.11467369174405037,0.04807578775205501,False,8,0.9163420856772009
853,KSEA,Min,60,Winter,0.05275060889072249,0.044097555273,0.10617848213107062,0.06643369379412056,False,8,0.9163420856772009
854,KSEA,Min,60,Spring,0.05282969348969484,0.048418516354973115,0.11918456588390632,0.10585321308148526,True,8,0.9163420856772009
855,KSEA,Min,60,Summer,0.05664935230221617,0.044585561539331256,0.10370927578698243,0.05605290583654721,False,9,0.9163420856772009
856,KSEA,Min,60,Autumn,0.06880645837305534,0.05671271280731448,0.12186148046275273,0.07346665067408276,False,7,0.9163420856772009
857,KSEA,Min,66,Winter,0.07290899926312765,0.05462370605744583,0.11750928915033311,0.11510766293753599,True,8,0.9163420856772009
858,KSEA,Min,66,Spring,0.041331165102382814,0.03741862464629225,0.0939088462572912,0.12477887429467088,True,8,0.9163420856772009
859,KSEA,Min,66,Summer,0.05337138321654085,0.04575851192202607,0.10951392889714097,0.09079592144158632,True,9,0.9163420856772009
860,KSEA,Min,66,Autumn,0.057225018485054846,0.046088819240856164,0.10241170693062365,0.1177148213660616,True,9,0.9163420856772009
861,KSEA,Min,72,Winter,0.03459284243860682,0.040979660362946174,0.09992083316002531,0.06460748769616254,False,10,0.9163420856772009
862,KSEA,Min,72,Spring,0.05685692291095295,0.049779154385843745,0.1069354673432258,0.07294197948989978,False,8,0.9163420856772009
863,KSEA,Min,72,Summer,0.051156589521707596,0.048984570146849545,0.10256428752171066,0.10586560579885929,True,10,0.9163420856772009
864,KSEA,Min,72,Autumn,0.04339681909017295,0.04188032504299773,0.0979557409116492,0.08431548444060599,True,9,0.9163420856772009
865,KIAH,Max,6,Winter,0.05736689276830938,0.05052817082631299,0.10805517647226243,0.09664755081025578,True,8,0.9163420856772009
866,KIAH,Max,6,Spring,0.037631974292728465,0.036788804575754314,0.10271819980467992,0.08237085115747761,True,8,0.9163420856772009
867,KIAH,Max,6,Summer,0.0649887990067118,0.051133561243535935,0.1172118120468491,0.06841323220041583,False,9,0.9163420856772009
868,KIAH,Max,6,Autumn,0.05809908166080425,0.04857784374648307,0.11238233742053647,0.08844007226929618,True,8,0.9163420856772009
869,KIAH,Max,12,Winter,0.05440581666938544,0.0485983254931625,0.10459755192864693,0.04896552604108306,False,8,0.9163420856772009
870,KIAH,Max,12,Spring,0.07346200645068471,0.059246371992796254,0.12117488966619096,0.09252417098120169,True,8,0.9163420856772009
871,KIAH,Max,12,Summer,0.03517602039811548,0.03746334643204611,0.08881809330081271,0.07758747780827008,False,9,0.9163420856772009
872,KIAH,Max,12,Autumn,0.06234422006107627,0.04532965190093424,0.1093387761225956,0.06517025097290602,False,10,0.9163420856772009
873,KIAH,Max,18,Winter,0.04957803242112728,0.03873073544685424,0.10336557766456769,0.10480259096181851,True,9,0.9163420856772009
874,KIAH,Max,18,Spring,0.09199289765115576,0.0654005381023055,0.15455689810642276,0.1040628999715757,True,9,0.9163420856772009
875,KIAH,Max,18,Summer,0.07711345480628914,0.052542085751023586,0.12346048072949375,0.07805462975324808,False,7,0.9163420856772009
876,KIAH,Max,18,Autumn,0.05615631906969615,0.045261693052224834,0.10840400543077137,0.0803586164905683,True,9,0.9163420856772009
877,KIAH,Max,24,Winter,0.07276005950510063,0.058288718469656296,0.13014208670927935,0.11843925658630244,True,8,0.9163420856772009
878,KIAH,Max,24,Spring,0.03884549409367038,0.03868395160686929,0.1055677760650809,0.07543414901963785,False,9,0.9163420856772009
879,KIAH,Max,24,Summer,0.03987257986510843,0.041151426676694164,0.09384825355740914,0.09803739656261579,True,9,0.9163420856772009
880,KIAH,Max,24,Autumn,0.06697916092267313,0.05216530382343847,0.1192801889404,0.07960633989802701,False,9,0.9163420856772009
881,KIAH,Max,30,Winter,0.05617642718712103,0.049354322571985666,0.11691488756053463,0.08469282748465579,True,9,0.9163420856772009
882,KIAH,Max,30,Spring,0.04632046316416469,0.04043989621837389,0.09876190308416356,0.12610933134136804,True,10,0.9163420856772009
883,KIAH,Max,30,Summer,0.059982659125175315,0.052861346866517396,0.10113417837421602,0.09532058583325859,True,7,0.9163420856772009
884,KIAH,Max,30,Autumn,0.07839039076303533,0.05874524615504527,0.1288389612491347,0.12859343411621463,True,8,0.9163420856772009
885,KIAH,Max,36,Winter,0.0759099180191987,0.0617351995223896,0.12779183620749102,0.08563216962334774,True,8,0.9163420856772009
886,KIAH,Max,36,Spring,0.07379635627405086,0.06179830091972217,0.12137216095714495,0.14572857421650143,True,7,0.9163420856772009
887,KIAH,Max,36,Summer,0.0673478572307644,0.055542349987545855,0.11921871115363614,0.07362981516198064,False,9,0.9163420856772009
888,KIAH,Max,36,Autumn,0.04509512552480563,0.046731344184943645,0.09867629964293563,0.06430352388892785,False,8,0.9163420856772009
889,KIAH,Max,42,Winter,0.078188420302525,0.06090161506865129,0.13144689337764923,0.08155416017167444,True,8,0.9163420856772009
890,KIAH,Max,42,Spring,0.07244633244633866,0.0630026045255,0.12093904981758392,0.08952376099137932,True,8,0.9163420856772009
891,KIAH,Max,42,Summer,0.055726427318709866,0.04897547846292919,0.11437442948857474,0.09298813751965124,True,8,0.9163420856772009
892,KIAH,Max,42,Autumn,0.04840526545912481,0.038983148070522694,0.09342253035840803,0.14679188332208937,True,8,0.9163420856772009
893,KIAH,Max,48,Winter,0.08258271875167246,0.060968232599775726,0.1279936649451154,0.12952363046720267,True,8,0.9163420856772009
894,KIAH,Max,48,Spring,0.06611466837171191,0.05842851130408256,0.11800327075197566,0.05577932845582423,False,7,0.9163420856772009
895,KIAH,Max,48,Summer,0.06682044072002975,0.04646918049889865,0.11318182573199978,0.07192737197666221,False,8,0.9163420856772009
896,KIAH,Max,48,Autumn,0.06296437339616616,0.05241870454787832,0.11460513185691638,0.06769490867803951,False,9,0.9163420856772009
897,KIAH,Max,54,Winter,0.03730341527327016,0.04114919255738677,0.09510292029925661,0.0869366690105487,True,9,0.9163420856772009
898,KIAH,Max,54,Spring,0.06319082005247577,0.05148463417717092,0.11445852484055462,0.04557424580374925,False,9,0.9163420856772009
899,KIAH,Max,54,Summer,0.05949245501927289,0.045371772188457386,0.11348615056851101,0.09458879690259522,True,8,0.9163420856772009
900,KIAH,Max,54,Autumn,0.056210061466595726,0.04595816468533004,0.1067530034012773,0.07633353416311922,False,9,0.9163420856772009
901,KIAH,Max,60,Winter,0.041751482139987216,0.046436655788610386,0.10258360162889674,0.0514011441637448,False,8,0.9163420856772009
902,KIAH,Max,60,Spring,0.052181300411303914,0.04569201564163742,0.11180339257128269,0.08593735816463766,True,7,0.9163420856772009
903,KIAH,Max,60,Summer,0.03942536435921034,0.040791094211306986,0.09281844016019763,0.09148275778317627,True,8,0.9163420856772009
904,KIAH,Max,60,Autumn,0.06637489765676341,0.054352140504420034,0.11890628861417789,0.09364572177913055,True,9,0.9163420856772009
905,KIAH,Max,66,Winter,0.05261299095907405,0.050376176712861945,0.10462878952853726,0.0677083167593108,False,10,0.9163420856772009
906,KIAH,Max,66,Spring,0.023802862603586723,0.03258486888697089,0.08186640206149585,0.10296246462720174,True,8,0.9163420856772009
907,KIAH,Max,66,Summer,0.04731988517499514,0.04391806561513575,0.10992699504023466,0.09586621291984981,True,8,0.9163420856772009
908,KIAH,Max,66,Autumn,0.04857200671921419,0.04989742894059634,0.1074817112740338,0.09817548124759512,True,8,0.9163420856772009
909,KIAH,Max,72,Winter,0.07076778095808733,0.056690143307488984,0.11586208242547409,0.07785310262465484,False,9,0.9163420856772009
910,KIAH,Max,72,Spring,0.05124102382212792,0.044445954126624235,0.10308151532575377,0.0718978223018854,False,8,0.9163420856772009
911,KIAH,Max,72,Summer,0.055358742094966704,0.04030807789238573,0.10432087660944231,0.05115774195549594,False,9,0.9163420856772009
912,KIAH,Max,72,Autumn,0.03678924048939409,0.03765410679379707,0.09167768301015779,0.0687259863329307,False,7,0.9163420856772009
913,KIAH,Min,6,Winter,0.05848827405764812,0.046373099098232215,0.11117162482384789,0.07948534287895218,False,8,0.9163420856772009
914,KIAH,Min,6,Spring,0.03823976725929843,0.04309044123961788,0.097553844481535,0.11622764145540865,True,8,0.9163420856772009
915,KIAH,Min,6,Summer,0.03916487435626514,0.03824846060445014,0.09738116601634726,0.07342733655919054,False,7,0.9163420856772009
916,KIAH,Min,6,Autumn,0.05298856039840409,0.04349380443025551,0.10780160610975204,0.10806121066589697,True,7,0.9163420856772009
917,KIAH,Min,12,Winter,0.03517495219948846,0.0347487562600656,0.09273671104568725,0.13736365927593686,True,7,0.9163420856772009
918,KIAH,Min,12,Spring,0.05658976350767285,0.04814307287937481,0.10746989769979283,0.09804453011426106,True,8,0.9163420856772009
919,KIAH,Min,12,Summer,0.055427602730816525,0.04950027351083239,0.11437297345123523,0.09499993241503629,True,9,0.9163420856772009
920,KIAH,Min,12,Autumn,0.048123241803826544,0.041394090832155575,0.10692067029997303,0.0826225789636355,True,8,0.9163420856772009
921,KIAH,Min,18,Winter,0.051251774223495285,0.04051258165023152,0.09841116071578539,0.05471118953238818,False,10,0.9163420856772009
922,KIAH,Min,18,Spring,0.051933406922197695,0.04527815372967642,0.10161666640017737,0.04463130316051539,False,9,0.9163420856772009
923,KIAH,Min,18,Summer,0.05447671892759578,0.04624137485636495,0.11128686004767047,0.06291500897343838,False,8,0.9163420856772009
924,KIAH,Min,18,Autumn,0.04864063208671798,0.038117725057321236,0.09316970593637436,0.09135058189114137,True,9,0.9163420856772009
925,KIAH,Min,24,Winter,0.05618198218087324,0.04612705620985283,0.11140100555225309,0.07840944070794964,False,8,0.9163420856772009
926,KIAH,Min,24,Spring,0.06013505278474569,0.04697467235107074,0.11211015996822768,0.10663154014238652,True,8,0.9163420856772009
927,KIAH,Min,24,Summer,0.039603829556949154,0.03956435670772225,0.10506214784735096,0.09438208057417957,True,9,0.9163420856772009
928,KIAH,Min,24,Autumn,0.06641402817118905,0.05405175265117842,0.1183156267042518,0.11078214783982576,True,8,0.9163420856772009
929,KIAH,Min,30,Winter,0.0346830073658558,0.04330503617740717,0.10195277454032894,0.07446479517771164,False,8,0.9163420856772009
930,KIAH,Min,30,Spring,0.04706662296376379,0.038676053886229855,0.1070056774600459,0.08420471174489108,True,8,0.9163420856772009
931,KIAH,Min,30,Summer,0.04751170840610695,0.04277959290023281,0.10103549141579785,0.09915878495118641,True,9,0.9163420856772009
932,KIAH,Min,30,Autumn,0.05709236401610737,0.04446657118616125,0.12093933131599095,0.0750348980858988,False,10,0.9163420856772009
933,KIAH,Min,36,Winter,0.05815117763399223,0.047583948494425495,0.11363663133317448,0.05133555804280021,False,10,0.9163420856772009
934,KIAH,Min,36,Spring,0.03177712956480856,0.036912858435795386,0.09113446633208704,0.08067875465596908,True,9,0.9163420856772009
935,KIAH,Min,36,Summer,0.055785081555895594,0.04583343713868848,0.11539658817942097,0.09634448173969079,True,8,0.9163420856772009
936,KIAH,Min,36,Autumn,0.058249431288037626,0.04518771624603253,0.1030524377405878,0.0806269730753577,True,9,0.9163420856772009
937,KIAH,Min,42,Winter,0.06055627543010029,0.049878853116910545,0.10826700768190048,0.07343485604693945,False,10,0.9163420856772009
938,KIAH,Min,42,Spring,0.072592283830802,0.05820142799249014,0.12165015244938845,0.06755747814794455,False,10,0.9163420856772009
939,KIAH,Min,42,Summer,0.03380180127491808,0.040253623484103065,0.09293274556673042,0.08394812860515043,True,8,0.9163420856772009
940,KIAH,Min,42,Autumn,0.05638239206504164,0.04654872840467563,0.10412204388765764,0.0811540241160274,True,10,0.9163420856772009
941,KIAH,Min,48,Winter,0.06828245358383783,0.054767485543565926,0.12116514331788251,0.0583612541852605,False,8,0.9163420856772009
942,KIAH,Min,48,Spring,0.05500642609957176,0.050760909145445586,0.1085445026713914,0.039644993163009346,False,8,0.921787144858879
943,KIAH,Min,48,Summer,0.0686328332197245,0.05820054927101603,0.1192630146934893,0.07698883497809106,False,9,0.9163420856772009
944,KIAH,Min,48,Autumn,0.03567015243943781,0.03646380698080562,0.09536301334562601,0.1662560709170073,True,8,0.9163420856772009
945,KIAH,Min,54,Winter,0.04800044240057142,0.045305514794806524,0.10134701146975707,0.04837063605971659,False,7,0.9163420856772009
946,KIAH,Min,54,Spring,0.06096272865385827,0.04651806571669052,0.1144278631199983,0.05439518745741942,False,8,0.9163420856772009
947,KIAH,Min,54,Summer,0.03969257808343723,0.037785007589410904,0.09990715300045305,0.07563981793434021,False,8,0.9163420856772009
948,KIAH,Min,54,Autumn,0.05119787708587984,0.043134804279931965,0.107510060434565,0.11056348905650193,True,8,0.9163420856772009
949,KIAH,Min,60,Winter,0.06386632353943211,0.051123188568940575,0.1198812113420693,0.07563942390271544,False,7,0.9163420856772009
950,KIAH,Min,60,Spring,0.05355403832760689,0.05355769370900914,0.11152680015768324,0.04373800317322704,False,8,0.9163420856772009
951,KIAH,Min,60,Summer,0.05481985199107133,0.04573655332558144,0.10463371871556,0.04947019107052503,False,9,0.9163420856772009
952,KIAH,Min,60,Autumn,0.0387683814209685,0.04213767942025312,0.09948967998297013,0.0748283392184752,False,10,0.9163420856772009
953,KIAH,Min,66,Winter,0.06684933491800205,0.050657165731580744,0.11885749397623897,0.11159655905794591,True,8,0.9163420856772009
954,KIAH,Min,66,Spring,0.0662761690710307,0.05304486037386286,0.10894986685971439,0.1235090151505484,True,7,0.9163420856772009
955,KIAH,Min,66,Summer,0.08126805399898097,0.06949958803661535,0.13614030592930323,0.08852910346656773,True,7,0.9163420856772009
956,KIAH,Min,66,Autumn,0.06839820777455638,0.052895711212727334,0.11979848981910697,0.09364415520130176,True,9,0.9163420856772009
957,KIAH,Min,72,Winter,0.04641637208191296,0.03574796905113542,0.09905024767210395,0.11184836789774893,True,8,0.9163420856772009
958,KIAH,Min,72,Spring,0.05074763235434514,0.04513176499845259,0.10046086074216538,0.11349027910435916,True,8,0.9163420856772009
959,KIAH,Min,72,Summer,0.06515509285604626,0.05448089972206773,0.12308164467614881,0.0953667035255864,True,9,0.9163420856772009
960,KIAH,Min,72,Autumn,0.04904547372508043,0.04239786305877994,0.09433430922183775,0.07033884176376776,False,8,0.9163420856772009
