station,target_type,lead_hour,season,model_filename,archived_path,training_window,fitting_script_version,file_sha256,status
KORD,Max,lead6h,Winter,data/models/KORD_Winter_Max_lead6h.pkl,ACTIVE_PRODUCTION_MODEL,2000-2018,"scripts/retrain_p4_active10_matrix.py (spec a3cb9954...4fb3, Statutory Multi-Start)",218c967eb9d91acdc8bf0b093f92b667af1eda45c78c26e20301573d24db4bec,POOLED-FALLBACK
KORD,Max,lead12h,Winter,data/models/KORD_Winter_Max_lead12h.pkl,ACTIVE_PRODUCTION_MODEL,2000-2018,"scripts/retrain_p4_active10_matrix.py (spec a3cb9954...4fb3, Statutory Multi-Start)",f1a401a24032aabcd14d9d092cba3c9d8a055cf5b0049cd65d5f12469a23a2a4,STATUTORY_TRADING_MASTER
KORD,Max,lead18h,Winter,data/models/KORD_Winter_Max_lead18h.pkl,ACTIVE_PRODUCTION_MODEL,2000-2018,"scripts/retrain_p4_active10_matrix.py (spec a3cb9954...4fb3, Statutory Multi-Start)",ad2b43937ab49dc8c6c2e134d0c481a55e614def5af460fb52fbeaf74717a302,STATUTORY_TRADING_MASTER
KORD,Max,lead24h,Winter,data/models/KORD_Winter_Max_lead24h.pkl,ACTIVE_PRODUCTION_MODEL,2000-2018,"scripts/retrain_p4_active10_matrix.py (spec a3cb9954...4fb3, Statutory Multi-Start)",fb7612c5562d62e73c1fb3b40fa761120a793940211c28f4956dc6792852cb39,STATUTORY_TRADING_MASTER
KORD,Max,lead30h,Winter,data/models/KORD_Winter_Max_lead30h.pkl,ACTIVE_PRODUCTION_MODEL,2000-2018,"scripts/retrain_p4_active10_matrix.py (spec a3cb9954...4fb3, Statutory Multi-Start)",75513914a4242d453e1b0260081a8ec4743fa814ec46c5ca2421eae0a0dbac3c,STATUTORY_TRADING_MASTER
KORD,Max,lead36h,Winter,data/models/KORD_Winter_Max_lead36h.pkl,ACTIVE_PRODUCTION_MODEL,2000-2018,"scripts/retrain_p4_active10_matrix.py (spec a3cb9954...4fb3, Statutory Multi-Start)",d28b3b0c443008f115ed9916d50809dcdf43e5dd7cf9814d9bd9cb5009da13fb,STATUTORY_TRADING_MASTER
KORD,Max,lead42h,Winter,data/models/KORD_Winter_Max_lead42h.pkl,ACTIVE_PRODUCTION_MODEL,2000-2018,"scripts/retrain_p4_active10_matrix.py (spec a3cb9954...4fb3, Statutory Multi-Start)",aac4b0151eae747917f0794dfb9433069a4ef166c63066478a75641ea932dc8b,STATUTORY_TRADING_MASTER
KORD,Max,lead48h,Winter,data/models/KORD_Winter_Max_lead48h.pkl,ACTIVE_PRODUCTION_MODEL,2000-2018,"scripts/retrain_p4_active10_matrix.py (spec a3cb9954...4fb3, Statutory Multi-Start)",d548bb8c4ea60a556cc27665cb463d035dd4bfe6e36a2d35a0ee2287d74fc491,STATUTORY_TRADING_MASTER
KORD,Max,lead54h,Winter,data/models/KORD_Winter_Max_lead54h.pkl,ACTIVE_PRODUCTION_MODEL,2000-2018,"scripts/retrain_p4_active10_matrix.py (spec a3cb9954...4fb3, Statutory Multi-Start)",060d75cee0984c851b09de5ff28e25b17d77f179c9a379a63780bd2d670430fa,STATUTORY_TRADING_MASTER
KORD,Max,lead60h,Winter,data/models/KORD_Winter_Max_lead60h.pkl,ACTIVE_PRODUCTION_MODEL,2000-2018,"scripts/retrain_p4_active10_matrix.py (spec a3cb9954...4fb3, Statutory Multi-Start)",8980cd59e642e93b4a03641a2e8e9b2503f251aa3e03253d0868e8ff2dbb61da,AUXILIARY_POOLED_FALLBACK
KORD,Max,lead66h,Winter,data/models/KORD_Winter_Max_lead66h.pkl,ACTIVE_PRODUCTION_MODEL,2000-2018,"scripts/retrain_p4_active10_matrix.py (spec a3cb9954...4fb3, Statutory Multi-Start)",b62edf2e35b118a8a98549a5127b399b8be79f93168790d40185b736abcf7798,AUXILIARY_POOLED_FALLBACK
KORD,Max,lead72h,Winter,data/models/KORD_Winter_Max_lead72h.pkl,ACTIVE_PRODUCTION_MODEL,2000-2018,"scripts/retrain_p4_active10_matrix.py (spec a3cb9954...4fb3, Statutory Multi-Start)",c76daedd3c7aaa0539e579d28a79097e17afe65b7501cefba08a56379edbb331,STATUTORY_TRADING_MASTER
KORD,Min,lead6h,Winter,data/models/KORD_Winter_Min_lead6h.pkl,ACTIVE_PRODUCTION_MODEL,2000-2018,"scripts/retrain_p4_active10_matrix.py (spec a3cb9954...4fb3, Statutory Multi-Start)",028ea63f23a4c7a93c8f37644127876928bd0486560c98916e87cbcdd396cad0,POOLED-FALLBACK
KORD,Min,lead12h,Winter,data/models/KORD_Winter_Min_lead12h.pkl,ACTIVE_PRODUCTION_MODEL,2000-2018,"scripts/retrain_p4_active10_matrix.py (spec a3cb9954...4fb3, Statutory Multi-Start)",8bed0ff85fc86ab81986d910d38afb516d6df1cebca00d348cfc32918e1f4675,STATUTORY_TRADING_MASTER
KORD,Min,lead18h,Winter,data/models/KORD_Winter_Min_lead18h.pkl,ACTIVE_PRODUCTION_MODEL,2000-2018,"scripts/retrain_p4_active10_matrix.py (spec a3cb9954...4fb3, Statutory Multi-Start)",f77d380fb16cbae46e8411b06910e5e32a196b28714a980c90217c298b27900a,STATUTORY_TRADING_MASTER
KORD,Min,lead24h,Winter,data/models/KORD_Winter_Min_lead24h.pkl,ACTIVE_PRODUCTION_MODEL,2000-2018,"scripts/retrain_p4_active10_matrix.py (spec a3cb9954...4fb3, Statutory Multi-Start)",e16438829a10fcdea166f4d2cc0183971e06fd2ed696048280d2176940a897ed,STATUTORY_TRADING_MASTER
KORD,Min,lead30h,Winter,data/models/KORD_Winter_Min_lead30h.pkl,ACTIVE_PRODUCTION_MODEL,2000-2018,"scripts/retrain_p4_active10_matrix.py (spec a3cb9954...4fb3, Statutory Multi-Start)",e225451f9b674d32198413aa12f2c7ef88041f55f40bba8ff492dc968500c3b7,STATUTORY_TRADING_MASTER
KORD,Min,lead36h,Winter,data/models/KORD_Winter_Min_lead36h.pkl,ACTIVE_PRODUCTION_MODEL,2000-2018,"scripts/retrain_p4_active10_matrix.py (spec a3cb9954...4fb3, Statutory Multi-Start)",351fdc0141a7400a47d86aae6d253f97c1d5b48dd6dc673299d2c01356aaf79a,STATUTORY_TRADING_MASTER
KORD,Min,lead42h,Winter,data/models/KORD_Winter_Min_lead42h.pkl,ACTIVE_PRODUCTION_MODEL,2000-2018,"scripts/retrain_p4_active10_matrix.py (spec a3cb9954...4fb3, Statutory Multi-Start)",0f164d6c2a90618d2d51cc9d7685777f2d010b6a6432895035e2ef91fb099fc4,STATUTORY_TRADING_MASTER
KORD,Min,lead48h,Winter,data/models/KORD_Winter_Min_lead48h.pkl,ACTIVE_PRODUCTION_MODEL,2000-2018,"scripts/retrain_p4_active10_matrix.py (spec a3cb9954...4fb3, Statutory Multi-Start)",09847966e791553d62c2d2ceac6d256a8cfc32383be3cacf80c13e56ee689452,STATUTORY_TRADING_MASTER
KORD,Min,lead54h,Winter,data/models/KORD_Winter_Min_lead54h.pkl,ACTIVE_PRODUCTION_MODEL,2000-2018,"scripts/retrain_p4_active10_matrix.py (spec a3cb9954...4fb3, Statutory Multi-Start)",f71bdb7c012e81ec71a13ef30bd87408bd30171837bf12d9e77eff41b1da5cc6,STATUTORY_TRADING_MASTER
KORD,Min,lead60h,Winter,data/models/KORD_Winter_Min_lead60h.pkl,ACTIVE_PRODUCTION_MODEL,2000-2018,"scripts/retrain_p4_active10_matrix.py (spec a3cb9954...4fb3, Statutory Multi-Start)",e4e217196b7b75f239e5d32f98c2567dcbaf5670025e07511f5e59de60efd17f,STATUTORY_TRADING_MASTER
KORD,Min,lead66h,Winter,data/models/KORD_Winter_Min_lead66h.pkl,ACTIVE_PRODUCTION_MODEL,2000-2018,"scripts/retrain_p4_active10_matrix.py (spec a3cb9954...4fb3, Statutory Multi-Start)",615026c27ef520c523ec0fa6d68977b8a5ac7e3a58fb99e44dd4341cf393f2da,AUXILIARY_POOLED_FALLBACK
KORD,Min,lead72h,Winter,data/models/KORD_Winter_Min_lead72h.pkl,ACTIVE_PRODUCTION_MODEL,2000-2018,"scripts/retrain_p4_active10_matrix.py (spec a3cb9954...4fb3, Statutory Multi-Start)",e98a670e26cfdf98e6b553a6fe7615080ac15554cf9dbe63d95208abf9979e09,AUXILIARY_POOLED_FALLBACK
KORD,Max,lead6h,Spring,data/models/KORD_Spring_Max_lead6h.pkl,ACTIVE_PRODUCTION_MODEL,2000-2018,"scripts/retrain_p4_active10_matrix.py (spec a3cb9954...4fb3, Statutory Multi-Start)",f3e5f36ac18b48529abda4f86dc46babc7ca3f79264fdf904b5c65cb78986ac5,POOLED-FALLBACK
KORD,Max,lead12h,Spring,data/models/KORD_Spring_Max_lead12h.pkl,ACTIVE_PRODUCTION_MODEL,2000-2018,"scripts/retrain_p4_active10_matrix.py (spec a3cb9954...4fb3, Statutory Multi-Start)",a7f01b01efd353e03785ab7fe7392c31053fb2cbf1835db4bb545a18b7c1b985,STATUTORY_TRADING_MASTER
KORD,Max,lead18h,Spring,data/models/KORD_Spring_Max_lead18h.pkl,ACTIVE_PRODUCTION_MODEL,2000-2018,"scripts/retrain_p4_active10_matrix.py (spec a3cb9954...4fb3, Statutory Multi-Start)",49bf2317d45e59918d4812b159d9fef550d587859d85e9ac561f274acc31ee5e,STATUTORY_TRADING_MASTER
KORD,Max,lead24h,Spring,data/models/KORD_Spring_Max_lead24h.pkl,ACTIVE_PRODUCTION_MODEL,2000-2018,"scripts/retrain_p4_active10_matrix.py (spec a3cb9954...4fb3, Statutory Multi-Start)",c6bf12eb033a408947b3e80366694ab032cd93ae2b904b48d26136ce5168b40b,STATUTORY_TRADING_MASTER
KORD,Max,lead30h,Spring,data/models/KORD_Spring_Max_lead30h.pkl,ACTIVE_PRODUCTION_MODEL,2000-2018,"scripts/retrain_p4_active10_matrix.py (spec a3cb9954...4fb3, Statutory Multi-Start)",9296a1ea3a4eb86e3144926fc4dabeaa92e56acb27a6d787e4b528019688cc06,STATUTORY_TRADING_MASTER
KORD,Max,lead36h,Spring,data/models/KORD_Spring_Max_lead36h.pkl,ACTIVE_PRODUCTION_MODEL,2000-2018,"scripts/retrain_p4_active10_matrix.py (spec a3cb9954...4fb3, Statutory Multi-Start)",862bb3867919fd4292fbb365241e4c2735639b5175c3b371578935b58b6370b9,STATUTORY_TRADING_MASTER
KORD,Max,lead42h,Spring,data/models/KORD_Spring_Max_lead42h.pkl,ACTIVE_PRODUCTION_MODEL,2000-2018,"scripts/retrain_p4_active10_matrix.py (spec a3cb9954...4fb3, Statutory Multi-Start)",e3d50a840bd8e10b51ce17da56bc5209fb8d5ea799ef3ddf3ee6489cb3a04d3b,STATUTORY_TRADING_MASTER
KORD,Max,lead48h,Spring,data/models/KORD_Spring_Max_lead48h.pkl,ACTIVE_PRODUCTION_MODEL,2000-2018,"scripts/retrain_p4_active10_matrix.py (spec a3cb9954...4fb3, Statutory Multi-Start)",24bfd5cb910c274add497997d163dbc0a337922120e54b5dab27ce336847ed28,STATUTORY_TRADING_MASTER
KORD,Max,lead54h,Spring,data/models/KORD_Spring_Max_lead54h.pkl,ACTIVE_PRODUCTION_MODEL,2000-2018,"scripts/retrain_p4_active10_matrix.py (spec a3cb9954...4fb3, Statutory Multi-Start)",c0717085cc473a4dc7930710f1584fa4942f72bdc3ec3f3e29359a0a7aa1fe9e,STATUTORY_TRADING_MASTER
KORD,Max,lead60h,Spring,data/models/KORD_Spring_Max_lead60h.pkl,ACTIVE_PRODUCTION_MODEL,2000-2018,"scripts/retrain_p4_active10_matrix.py (spec a3cb9954...4fb3, Statutory Multi-Start)",4d9480b46253b6d123e26eac495312f80f78507efd998b7fb6cc06cb85aceb82,AUXILIARY_POOLED_FALLBACK
KORD,Max,lead66h,Spring,data/models/KORD_Spring_Max_lead66h.pkl,ACTIVE_PRODUCTION_MODEL,2000-2018,"scripts/retrain_p4_active10_matrix.py (spec a3cb9954...4fb3, Statutory Multi-Start)",4e1e50e60544c5f258b81b5a899d3f59ee8a99d91e0066ae8fa7ae4f3ab29202,STATUTORY_TRADING_MASTER
KORD,Max,lead72h,Spring,data/models/KORD_Spring_Max_lead72h.pkl,ACTIVE_PRODUCTION_MODEL,2000-2018,"scripts/retrain_p4_active10_matrix.py (spec a3cb9954...4fb3, Statutory Multi-Start)",a17c21e1a79906a36ecd66f0eb4342c0ec264e12364fb97dfae380e2c72b3c17,AUXILIARY_POOLED_FALLBACK
KORD,Min,lead6h,Spring,data/models/KORD_Spring_Min_lead6h.pkl,ACTIVE_PRODUCTION_MODEL,2000-2018,"scripts/retrain_p4_active10_matrix.py (spec a3cb9954...4fb3, Statutory Multi-Start)",b1a891b662fe362399049c44645d5c5096926f0bb4a67818c1f97ee138276fbe,POOLED-FALLBACK
KORD,Min,lead12h,Spring,data/models/KORD_Spring_Min_lead12h.pkl,ACTIVE_PRODUCTION_MODEL,2000-2018,"scripts/retrain_p4_active10_matrix.py (spec a3cb9954...4fb3, Statutory Multi-Start)",7b3947566e3632288972418ca546f3ed5afce53dc69309a2a612ae4dff4922e6,STATUTORY_TRADING_MASTER
KORD,Min,lead18h,Spring,data/models/KORD_Spring_Min_lead18h.pkl,ACTIVE_PRODUCTION_MODEL,2000-2018,"scripts/retrain_p4_active10_matrix.py (spec a3cb9954...4fb3, Statutory Multi-Start)",192c95c0650446cf838b22c9c9b185485ab82729c307090ce00d9353595648ad,STATUTORY_TRADING_MASTER
KORD,Min,lead24h,Spring,data/models/KORD_Spring_Min_lead24h.pkl,ACTIVE_PRODUCTION_MODEL,2000-2018,"scripts/retrain_p4_active10_matrix.py (spec a3cb9954...4fb3, Statutory Multi-Start)",03f88a8ccb9f3ef6f240fa617b36c8d57f93c9c62ae89c7f3c1d9fd30a7d223b,STATUTORY_TRADING_MASTER
KORD,Min,lead30h,Spring,data/models/KORD_Spring_Min_lead30h.pkl,ACTIVE_PRODUCTION_MODEL,2000-2018,"scripts/retrain_p4_active10_matrix.py (spec a3cb9954...4fb3, Statutory Multi-Start)",405a821bb850d3affe918e8d481b168f7b3b7df61569a6610653d073deff3254,STATUTORY_TRADING_MASTER
KORD,Min,lead36h,Spring,data/models/KORD_Spring_Min_lead36h.pkl,ACTIVE_PRODUCTION_MODEL,2000-2018,"scripts/retrain_p4_active10_matrix.py (spec a3cb9954...4fb3, Statutory Multi-Start)",05931667a85bd9489fa555be72a51186d268ca64466d72e11037ac7a1b533564,STATUTORY_TRADING_MASTER
KORD,Min,lead42h,Spring,data/models/KORD_Spring_Min_lead42h.pkl,ACTIVE_PRODUCTION_MODEL,2000-2018,"scripts/retrain_p4_active10_matrix.py (spec a3cb9954...4fb3, Statutory Multi-Start)",128f673abc606e61542041d04fcf094e5ae730cfd4099c6c05495f34aa474352,STATUTORY_TRADING_MASTER
KORD,Min,lead48h,Spring,data/models/KORD_Spring_Min_lead48h.pkl,ACTIVE_PRODUCTION_MODEL,2000-2018,"scripts/retrain_p4_active10_matrix.py (spec a3cb9954...4fb3, Statutory Multi-Start)",6e6e6666202eaf5631a0aa4c35cf7310044e26ac0cc98976155d858db6602914,STATUTORY_TRADING_MASTER
KORD,Min,lead54h,Spring,data/models/KORD_Spring_Min_lead54h.pkl,ACTIVE_PRODUCTION_MODEL,2000-2018,"scripts/retrain_p4_active10_matrix.py (spec a3cb9954...4fb3, Statutory Multi-Start)",308b6d3938d853e6d9b7a2b70809b380b3ee27b9aebdf60d5c8ee06abc4ee306,STATUTORY_TRADING_MASTER
KORD,Min,lead60h,Spring,data/models/KORD_Spring_Min_lead60h.pkl,ACTIVE_PRODUCTION_MODEL,2000-2018,"scripts/retrain_p4_active10_matrix.py (spec a3cb9954...4fb3, Statutory Multi-Start)",5ff14758105d0d7be697194e8f81cf24ebb63a9c3f750f0ee5eee794a789722c,STATUTORY_TRADING_MASTER
KORD,Min,lead66h,Spring,data/models/KORD_Spring_Min_lead66h.pkl,ACTIVE_PRODUCTION_MODEL,2000-2018,"scripts/retrain_p4_active10_matrix.py (spec a3cb9954...4fb3, Statutory Multi-Start)",43fca85f375225111c1f46d68aa049939f77d321c61b5d2eaf1bb5afe541cd03,AUXILIARY_POOLED_FALLBACK
KORD,Min,lead72h,Spring,data/models/KORD_Spring_Min_lead72h.pkl,ACTIVE_PRODUCTION_MODEL,2000-2018,"scripts/retrain_p4_active10_matrix.py (spec a3cb9954...4fb3, Statutory Multi-Start)",31191dd88b012e0fe632600537005f4daf7424a17892ab670d7bb8ed92e777cc,AUXILIARY_POOLED_FALLBACK
KORD,Max,lead6h,Summer,data/models/KORD_Summer_Max_lead6h.pkl,ACTIVE_PRODUCTION_MODEL,2000-2018,"scripts/retrain_p4_active10_matrix.py (spec a3cb9954...4fb3, Statutory Multi-Start)",1e906d7318927f8732c44ac94be47c8f2e5a5c539eec5b23f136f88a4e361657,POOLED-FALLBACK
KORD,Max,lead12h,Summer,data/models/KORD_Summer_Max_lead12h.pkl,ACTIVE_PRODUCTION_MODEL,2000-2018,"scripts/retrain_p4_active10_matrix.py (spec a3cb9954...4fb3, Statutory Multi-Start)",4e7c8918a6640af5e5336fd526e031037be9f4b7e8dc80a6c303f4ff270ef0ed,STATUTORY_TRADING_MASTER
KORD,Max,lead18h,Summer,data/models/KORD_Summer_Max_lead18h.pkl,ACTIVE_PRODUCTION_MODEL,2000-2018,"scripts/retrain_p4_active10_matrix.py (spec a3cb9954...4fb3, Statutory Multi-Start)",11a1956328ec5817a12d0379a773914f5b295d1241f97f38d87ea2fb34f0995e,STATUTORY_TRADING_MASTER
KORD,Max,lead24h,Summer,data/models/KORD_Summer_Max_lead24h.pkl,ACTIVE_PRODUCTION_MODEL,2000-2018,"scripts/retrain_p4_active10_matrix.py (spec a3cb9954...4fb3, Statutory Multi-Start)",01c99ce2c1e48440bcdb97f43c277ee17d501668316ace81a723b7a1159f19b6,STATUTORY_TRADING_MASTER
KORD,Max,lead30h,Summer,data/models/KORD_Summer_Max_lead30h.pkl,ACTIVE_PRODUCTION_MODEL,2000-2018,"scripts/retrain_p4_active10_matrix.py (spec a3cb9954...4fb3, Statutory Multi-Start)",394eaeefc13d3c7f59bf5c8c3063f463bdbc0622d8c3be488f040b44cd6a3ac1,STATUTORY_TRADING_MASTER
KORD,Max,lead36h,Summer,data/models/KORD_Summer_Max_lead36h.pkl,ACTIVE_PRODUCTION_MODEL,2000-2018,"scripts/retrain_p4_active10_matrix.py (spec a3cb9954...4fb3, Statutory Multi-Start)",aa3804d5c7f7568a5dbaf3ff75b78ca8f5635bb6c345b55720d7c838691a90db,STATUTORY_TRADING_MASTER
KORD,Max,lead42h,Summer,data/models/KORD_Summer_Max_lead42h.pkl,ACTIVE_PRODUCTION_MODEL,2000-2018,"scripts/retrain_p4_active10_matrix.py (spec a3cb9954...4fb3, Statutory Multi-Start)",20f728b1538d459a95bbbb47e3cf5c998bbd58e02a9339957172a041fd4293f6,STATUTORY_TRADING_MASTER
KORD,Max,lead48h,Summer,data/models/KORD_Summer_Max_lead48h.pkl,ACTIVE_PRODUCTION_MODEL,2000-2018,"scripts/retrain_p4_active10_matrix.py (spec a3cb9954...4fb3, Statutory Multi-Start)",dec740fce4341390560ac1db72ba67a104345cd723172393b131cf89db7ebf0d,STATUTORY_TRADING_MASTER
KORD,Max,lead54h,Summer,data/models/KORD_Summer_Max_lead54h.pkl,ACTIVE_PRODUCTION_MODEL,2000-2018,"scripts/retrain_p4_active10_matrix.py (spec a3cb9954...4fb3, Statutory Multi-Start)",1be6c3bcb0da81ac3cc28630155059f8a733cb1a0e99b6544228b552dbe3363d,STATUTORY_TRADING_MASTER
KORD,Max,lead60h,Summer,data/models/KORD_Summer_Max_lead60h.pkl,ACTIVE_PRODUCTION_MODEL,2000-2018,"scripts/retrain_p4_active10_matrix.py (spec a3cb9954...4fb3, Statutory Multi-Start)",6b680e31c9cb8d6bdeb0d059380ce1d51246902ce8088c5353d37f1b68fb6baa,AUXILIARY_POOLED_FALLBACK
KORD,Max,lead66h,Summer,data/models/KORD_Summer_Max_lead66h.pkl,ACTIVE_PRODUCTION_MODEL,2000-2018,"scripts/retrain_p4_active10_matrix.py (spec a3cb9954...4fb3, Statutory Multi-Start)",7e8052d097649f92e5fdcf9a00a462bccf3cce8da0e96a0eb53d28b1c94d5d3b,STATUTORY_TRADING_MASTER
KORD,Max,lead72h,Summer,data/models/KORD_Summer_Max_lead72h.pkl,ACTIVE_PRODUCTION_MODEL,2000-2018,"scripts/retrain_p4_active10_matrix.py (spec a3cb9954...4fb3, Statutory Multi-Start)",73bc023399681c3e0e84faa963410877255f3ad3450eb9aeb8265e88138f4dc8,AUXILIARY_POOLED_FALLBACK
KORD,Min,lead6h,Summer,data/models/KORD_Summer_Min_lead6h.pkl,ACTIVE_PRODUCTION_MODEL,2000-2018,"scripts/retrain_p4_active10_matrix.py (spec a3cb9954...4fb3, Statutory Multi-Start)",1d15540c983705d46463afcce62a1e7c10c17c9f63ed69a96b9b2e0e04542d85,POOLED-FALLBACK
KORD,Min,lead12h,Summer,data/models/KORD_Summer_Min_lead12h.pkl,ACTIVE_PRODUCTION_MODEL,2000-2018,"scripts/retrain_p4_active10_matrix.py (spec a3cb9954...4fb3, Statutory Multi-Start)",7b7c731be244d8b344bb2b1d4295a0b75d4f1ea844e5d95b401b1c233ed61581,STATUTORY_TRADING_MASTER
KORD,Min,lead18h,Summer,data/models/KORD_Summer_Min_lead18h.pkl,ACTIVE_PRODUCTION_MODEL,2000-2018,"scripts/retrain_p4_active10_matrix.py (spec a3cb9954...4fb3, Statutory Multi-Start)",66a8bfa1adaa3d67725dad8af029f73a3e7d9a674bf1371b6b3822d51833840c,STATUTORY_TRADING_MASTER
KORD,Min,lead24h,Summer,data/models/KORD_Summer_Min_lead24h.pkl,ACTIVE_PRODUCTION_MODEL,2000-2018,"scripts/retrain_p4_active10_matrix.py (spec a3cb9954...4fb3, Statutory Multi-Start)",7a46539fde216b8740b17e44515946df4ac5443b75a5b75756953c8bfaa8370c,STATUTORY_TRADING_MASTER
KORD,Min,lead30h,Summer,data/models/KORD_Summer_Min_lead30h.pkl,ACTIVE_PRODUCTION_MODEL,2000-2018,"scripts/retrain_p4_active10_matrix.py (spec a3cb9954...4fb3, Statutory Multi-Start)",7109afdd9de4d8536b6698287a250c21b6cf6b530650e1a3bdc93ce9450d9b80,STATUTORY_TRADING_MASTER
KORD,Min,lead36h,Summer,data/models/KORD_Summer_Min_lead36h.pkl,ACTIVE_PRODUCTION_MODEL,2000-2018,"scripts/retrain_p4_active10_matrix.py (spec a3cb9954...4fb3, Statutory Multi-Start)",7139482bd025ed4b10b5feb814e063e25f5f2c28047e6b0563fc544f50463f14,STATUTORY_TRADING_MASTER
KORD,Min,lead42h,Summer,data/models/KORD_Summer_Min_lead42h.pkl,ACTIVE_PRODUCTION_MODEL,2000-2018,"scripts/retrain_p4_active10_matrix.py (spec a3cb9954...4fb3, Statutory Multi-Start)",0a0331d8b1bd9cb5ea4eef4f36017cb3dc17fb967c1aa803a97457157aeabb2e,STATUTORY_TRADING_MASTER
KORD,Min,lead48h,Summer,data/models/KORD_Summer_Min_lead48h.pkl,ACTIVE_PRODUCTION_MODEL,2000-2018,"scripts/retrain_p4_active10_matrix.py (spec a3cb9954...4fb3, Statutory Multi-Start)",51a12aac26e3d948f30a9349418c0df3777d56539159981218657ae67c2796fc,STATUTORY_TRADING_MASTER
KORD,Min,lead54h,Summer,data/models/KORD_Summer_Min_lead54h.pkl,ACTIVE_PRODUCTION_MODEL,2000-2018,"scripts/retrain_p4_active10_matrix.py (spec a3cb9954...4fb3, Statutory Multi-Start)",79780cc01160d8a9082abb2acac3604492ee65c8ce32cf88193f4a1b02e07305,STATUTORY_TRADING_MASTER
KORD,Min,lead60h,Summer,data/models/KORD_Summer_Min_lead60h.pkl,ACTIVE_PRODUCTION_MODEL,2000-2018,"scripts/retrain_p4_active10_matrix.py (spec a3cb9954...4fb3, Statutory Multi-Start)",345f0ff7c5288575c7b215f8f42be16eea4431fe3e2ecf8865b79145fee335e1,STATUTORY_TRADING_MASTER
KORD,Min,lead66h,Summer,data/models/KORD_Summer_Min_lead66h.pkl,ACTIVE_PRODUCTION_MODEL,2000-2018,"scripts/retrain_p4_active10_matrix.py (spec a3cb9954...4fb3, Statutory Multi-Start)",de88dfbb9956941b1c505c61ef159a10f2154363939206357df8b912dfe541d8,AUXILIARY_POOLED_FALLBACK
KORD,Min,lead72h,Summer,data/models/KORD_Summer_Min_lead72h.pkl,ACTIVE_PRODUCTION_MODEL,2000-2018,"scripts/retrain_p4_active10_matrix.py (spec a3cb9954...4fb3, Statutory Multi-Start)",4aba6e4fe3282293158d1dafde5677da09d112edb8444b0ece2f9cb0640d8f40,AUXILIARY_POOLED_FALLBACK
KORD,Max,lead6h,Autumn,data/models/KORD_Autumn_Max_lead6h.pkl,ACTIVE_PRODUCTION_MODEL,2000-2018,"scripts/retrain_p4_active10_matrix.py (spec a3cb9954...4fb3, Statutory Multi-Start)",64297d1a05295d3c1a176a0400c9587be4a608184211a512c81566beb376143a,POOLED-FALLBACK
KORD,Max,lead12h,Autumn,data/models/KORD_Autumn_Max_lead12h.pkl,ACTIVE_PRODUCTION_MODEL,2000-2018,"scripts/retrain_p4_active10_matrix.py (spec a3cb9954...4fb3, Statutory Multi-Start)",3a52750b16220997e2542b333fb45ee150c7a9e743b5c578d6f72c44905ad085,STATUTORY_TRADING_MASTER
KORD,Max,lead18h,Autumn,data/models/KORD_Autumn_Max_lead18h.pkl,ACTIVE_PRODUCTION_MODEL,2000-2018,"scripts/retrain_p4_active10_matrix.py (spec a3cb9954...4fb3, Statutory Multi-Start)",7a6156c28163f69e7ce3ffc4fc927f99fa13ae056177f377524b29b2d96c363c,STATUTORY_TRADING_MASTER
KORD,Max,lead24h,Autumn,data/models/KORD_Autumn_Max_lead24h.pkl,ACTIVE_PRODUCTION_MODEL,2000-2018,"scripts/retrain_p4_active10_matrix.py (spec a3cb9954...4fb3, Statutory Multi-Start)",d508e21b0eb119f393a36dcb297687dbf5c567e61d017211995a6c578b1e93a1,STATUTORY_TRADING_MASTER
KORD,Max,lead30h,Autumn,data/models/KORD_Autumn_Max_lead30h.pkl,ACTIVE_PRODUCTION_MODEL,2000-2018,"scripts/retrain_p4_active10_matrix.py (spec a3cb9954...4fb3, Statutory Multi-Start)",3abd0be3117ddb7ef9b520f7660725f32ef21e62eccaf6fdb88cdcdd98fbabd6,STATUTORY_TRADING_MASTER
KORD,Max,lead36h,Autumn,data/models/KORD_Autumn_Max_lead36h.pkl,ACTIVE_PRODUCTION_MODEL,2000-2018,"scripts/retrain_p4_active10_matrix.py (spec a3cb9954...4fb3, Statutory Multi-Start)",24a2c8931365019a4f16e6688966304f075fce94dd745ac783db3d97716a2377,STATUTORY_TRADING_MASTER
KORD,Max,lead42h,Autumn,data/models/KORD_Autumn_Max_lead42h.pkl,ACTIVE_PRODUCTION_MODEL,2000-2018,"scripts/retrain_p4_active10_matrix.py (spec a3cb9954...4fb3, Statutory Multi-Start)",2edc667fa4042bf2392366ee9277ec5bc418af97b42ef45ff63a6efe959f05a6,STATUTORY_TRADING_MASTER
KORD,Max,lead48h,Autumn,data/models/KORD_Autumn_Max_lead48h.pkl,ACTIVE_PRODUCTION_MODEL,2000-2018,"scripts/retrain_p4_active10_matrix.py (spec a3cb9954...4fb3, Statutory Multi-Start)",1cb2ce00d62616e0ffc053a166921025b2ee9c5bca380fb2d3d6d60e0874b6ae,STATUTORY_TRADING_MASTER
KORD,Max,lead54h,Autumn,data/models/KORD_Autumn_Max_lead54h.pkl,ACTIVE_PRODUCTION_MODEL,2000-2018,"scripts/retrain_p4_active10_matrix.py (spec a3cb9954...4fb3, Statutory Multi-Start)",ab0f8ce38de5f8d09a8a0d7895b032f6bcfb0f45588e2b0d4ab0776d32fcf624,STATUTORY_TRADING_MASTER
KORD,Max,lead60h,Autumn,data/models/KORD_Autumn_Max_lead60h.pkl,ACTIVE_PRODUCTION_MODEL,2000-2018,"scripts/retrain_p4_active10_matrix.py (spec a3cb9954...4fb3, Statutory Multi-Start)",4fa8e3c3fc9bed7bb4adaa0e538b07089e3981605099c47fd388b4bf6651c0b2,AUXILIARY_POOLED_FALLBACK
KORD,Max,lead66h,Autumn,data/models/KORD_Autumn_Max_lead66h.pkl,ACTIVE_PRODUCTION_MODEL,2000-2018,"scripts/retrain_p4_active10_matrix.py (spec a3cb9954...4fb3, Statutory Multi-Start)",848974cb32bbbaec55276dcdbfa9cdedfa669985937e7eac31f60e90aa28ee2e,STATUTORY_TRADING_MASTER
KORD,Max,lead72h,Autumn,data/models/KORD_Autumn_Max_lead72h.pkl,ACTIVE_PRODUCTION_MODEL,2000-2018,"scripts/retrain_p4_active10_matrix.py (spec a3cb9954...4fb3, Statutory Multi-Start)",d2fad44ac11020e3f321a76c4935c9c1f07b4056e806dc8a1d74ef3488fdccf6,AUXILIARY_POOLED_FALLBACK
KORD,Min,lead6h,Autumn,data/models/KORD_Autumn_Min_lead6h.pkl,ACTIVE_PRODUCTION_MODEL,2000-2018,"scripts/retrain_p4_active10_matrix.py (spec a3cb9954...4fb3, Statutory Multi-Start)",0e2239fd557dcfc3c668e6e6f678d6ddff207adcea625b0d366779a3bde7e820,POOLED-FALLBACK
KORD,Min,lead12h,Autumn,data/models/KORD_Autumn_Min_lead12h.pkl,ACTIVE_PRODUCTION_MODEL,2000-2018,"scripts/retrain_p4_active10_matrix.py (spec a3cb9954...4fb3, Statutory Multi-Start)",30d9661690bcdcf4188a00d18fe9fc233da4cf7665300e70357a9cc8ab892099,STATUTORY_TRADING_MASTER
KORD,Min,lead18h,Autumn,data/models/KORD_Autumn_Min_lead18h.pkl,ACTIVE_PRODUCTION_MODEL,2000-2018,"scripts/retrain_p4_active10_matrix.py (spec a3cb9954...4fb3, Statutory Multi-Start)",a6370a8a9462223260395f3a663164810108d9513d27f4d8ffedadfc6d39c148,STATUTORY_TRADING_MASTER
KORD,Min,lead24h,Autumn,data/models/KORD_Autumn_Min_lead24h.pkl,ACTIVE_PRODUCTION_MODEL,2000-2018,"scripts/retrain_p4_active10_matrix.py (spec a3cb9954...4fb3, Statutory Multi-Start)",b0ed47de5bf524d2ef772558b19688e7021003aa15c3c45090a3992df0b76f40,STATUTORY_TRADING_MASTER
KORD,Min,lead30h,Autumn,data/models/KORD_Autumn_Min_lead30h.pkl,ACTIVE_PRODUCTION_MODEL,2000-2018,"scripts/retrain_p4_active10_matrix.py (spec a3cb9954...4fb3, Statutory Multi-Start)",c26f319c9e2d78dbbfc7021808dbcbaeb705bf3c872cedfa5060d2517801728e,STATUTORY_TRADING_MASTER
KORD,Min,lead36h,Autumn,data/models/KORD_Autumn_Min_lead36h.pkl,ACTIVE_PRODUCTION_MODEL,2000-2018,"scripts/retrain_p4_active10_matrix.py (spec a3cb9954...4fb3, Statutory Multi-Start)",a2f4d0141df2a7b0f4798e7b19b8ee7732532e16ea73af34bfeee146bd9ed7bc,STATUTORY_TRADING_MASTER
KORD,Min,lead42h,Autumn,data/models/KORD_Autumn_Min_lead42h.pkl,ACTIVE_PRODUCTION_MODEL,2000-2018,"scripts/retrain_p4_active10_matrix.py (spec a3cb9954...4fb3, Statutory Multi-Start)",db0a46aeb07a8fed6eac9a9d31daaa1e34a141977464644d55063ef82aa86f25,STATUTORY_TRADING_MASTER
KORD,Min,lead48h,Autumn,data/models/KORD_Autumn_Min_lead48h.pkl,ACTIVE_PRODUCTION_MODEL,2000-2018,"scripts/retrain_p4_active10_matrix.py (spec a3cb9954...4fb3, Statutory Multi-Start)",6373c4a35380f84618ce91eadffb56572ab31aa5940be00f686862daffaf4880,STATUTORY_TRADING_MASTER
KORD,Min,lead54h,Autumn,data/models/KORD_Autumn_Min_lead54h.pkl,ACTIVE_PRODUCTION_MODEL,2000-2018,"scripts/retrain_p4_active10_matrix.py (spec a3cb9954...4fb3, Statutory Multi-Start)",ff4a2ce64f536521a78bb54dbaedc080303f036608a40e969876e7a2daf22b64,STATUTORY_TRADING_MASTER
KORD,Min,lead60h,Autumn,data/models/KORD_Autumn_Min_lead60h.pkl,ACTIVE_PRODUCTION_MODEL,2000-2018,"scripts/retrain_p4_active10_matrix.py (spec a3cb9954...4fb3, Statutory Multi-Start)",dc1a5c630ed4016e08bc11511b7da70fbf42f952ad5bf016a5718a15f429117b,STATUTORY_TRADING_MASTER
KORD,Min,lead66h,Autumn,data/models/KORD_Autumn_Min_lead66h.pkl,ACTIVE_PRODUCTION_MODEL,2000-2018,"scripts/retrain_p4_active10_matrix.py (spec a3cb9954...4fb3, Statutory Multi-Start)",216514bfb32279660923eb26add641bb6560120cf2133508335f77628953b209,AUXILIARY_POOLED_FALLBACK
KORD,Min,lead72h,Autumn,data/models/KORD_Autumn_Min_lead72h.pkl,ACTIVE_PRODUCTION_MODEL,2000-2018,"scripts/retrain_p4_active10_matrix.py (spec a3cb9954...4fb3, Statutory Multi-Start)",96453e9b1f36a96fa2993091b1dfc4273195bb05f975107b0ccee464dc8bb073,AUXILIARY_POOLED_FALLBACK
KLGA,Max,lead6h,Winter,data/models/KLGA_Winter_Max_lead6h.pkl,ACTIVE_PRODUCTION_MODEL,2000-2018,"scripts/retrain_p4_active10_matrix.py (spec a3cb9954...4fb3, Statutory Multi-Start)",8351e5b19e87e5a9bd2d77e7a07cea4410c0ae3df42d2743744893d5d97e38f0,POOLED-FALLBACK
KLGA,Max,lead12h,Winter,data/models/KLGA_Winter_Max_lead12h.pkl,ACTIVE_PRODUCTION_MODEL,2000-2018,"scripts/retrain_p4_active10_matrix.py (spec a3cb9954...4fb3, Statutory Multi-Start)",30245aca4ddc133f10beb8a77669ccd1fd562bc8d2ddd8dbc08da3d5d06dd1d5,STATUTORY_TRADING_MASTER
KLGA,Max,lead18h,Winter,data/models/KLGA_Winter_Max_lead18h.pkl,ACTIVE_PRODUCTION_MODEL,2000-2018,"scripts/retrain_p4_active10_matrix.py (spec a3cb9954...4fb3, Statutory Multi-Start)",58605c49a62dfa58a1a135484d5e91e5f85c17fbd50ad7136d90896d84422f97,STATUTORY_TRADING_MASTER
KLGA,Max,lead24h,Winter,data/models/KLGA_Winter_Max_lead24h.pkl,ACTIVE_PRODUCTION_MODEL,2000-2018,"scripts/retrain_p4_active10_matrix.py (spec a3cb9954...4fb3, Statutory Multi-Start)",f07ece5bcfcef9b880274cb3acf67406e38e424820bc427b4abcc3a17065dbfe,STATUTORY_TRADING_MASTER
KLGA,Max,lead30h,Winter,data/models/KLGA_Winter_Max_lead30h.pkl,ACTIVE_PRODUCTION_MODEL,2000-2018,"scripts/retrain_p4_active10_matrix.py (spec a3cb9954...4fb3, Statutory Multi-Start)",01b56943debdb68f1fa79131d976492fd2360dbf9abb7056e2b98ffd44bb45a3,STATUTORY_TRADING_MASTER
KLGA,Max,lead36h,Winter,data/models/KLGA_Winter_Max_lead36h.pkl,ACTIVE_PRODUCTION_MODEL,2000-2018,"scripts/retrain_p4_active10_matrix.py (spec a3cb9954...4fb3, Statutory Multi-Start)",4d7fe904ce50fe6aad36da1e2be6eba8b1a4e4c2b77caaec8987d736f49ed98d,STATUTORY_TRADING_MASTER
KLGA,Max,lead42h,Winter,data/models/KLGA_Winter_Max_lead42h.pkl,ACTIVE_PRODUCTION_MODEL,2000-2018,"scripts/retrain_p4_active10_matrix.py (spec a3cb9954...4fb3, Statutory Multi-Start)",2c8c49761a9aefaa19ea0030989f8b870924ec946398ca084b8d9de85d7a99ee,STATUTORY_TRADING_MASTER
KLGA,Max,lead48h,Winter,data/models/KLGA_Winter_Max_lead48h.pkl,ACTIVE_PRODUCTION_MODEL,2000-2018,"scripts/retrain_p4_active10_matrix.py (spec a3cb9954...4fb3, Statutory Multi-Start)",6ab7dde312a56c15d1859521c0f19cef6068da04f3250fc00e675fe4687b37c2,STATUTORY_TRADING_MASTER
KLGA,Max,lead54h,Winter,data/models/KLGA_Winter_Max_lead54h.pkl,ACTIVE_PRODUCTION_MODEL,2000-2018,"scripts/retrain_p4_active10_matrix.py (spec a3cb9954...4fb3, Statutory Multi-Start)",6c28366b15c5a22a6e4b77d3585a46b688e84baf0f3875a8546341ed9337b8ec,STATUTORY_TRADING_MASTER
KLGA,Max,lead60h,Winter,data/models/KLGA_Winter_Max_lead60h.pkl,ACTIVE_PRODUCTION_MODEL,2000-2018,"scripts/retrain_p4_active10_matrix.py (spec a3cb9954...4fb3, Statutory Multi-Start)",4cb21465f739ac37d367f03964586df69f790cdda1191efe73bc22659d8dd8c8,AUXILIARY_POOLED_FALLBACK
KLGA,Max,lead66h,Winter,data/models/KLGA_Winter_Max_lead66h.pkl,ACTIVE_PRODUCTION_MODEL,2000-2018,"scripts/retrain_p4_active10_matrix.py (spec a3cb9954...4fb3, Statutory Multi-Start)",33c026569a376bff318935687ac2d2799632a33c3ca9d84bb3476d27aa2b0b9d,STATUTORY_TRADING_MASTER
KLGA,Max,lead72h,Winter,data/models/KLGA_Winter_Max_lead72h.pkl,ACTIVE_PRODUCTION_MODEL,2000-2018,"scripts/retrain_p4_active10_matrix.py (spec a3cb9954...4fb3, Statutory Multi-Start)",85ee02290cf0eeab2f4208d8e48939a285855a4e45a76b8bdf94bd9c35b2d912,AUXILIARY_POOLED_FALLBACK
KLGA,Min,lead6h,Winter,data/models/KLGA_Winter_Min_lead6h.pkl,ACTIVE_PRODUCTION_MODEL,2000-2018,"scripts/retrain_p4_active10_matrix.py (spec a3cb9954...4fb3, Statutory Multi-Start)",fe6f3931fd26f8d9c7bc2d6ade95b25f3ef2fa4cbb229f5e9bdcaa65a1a6eb47,POOLED-FALLBACK
KLGA,Min,lead12h,Winter,data/models/KLGA_Winter_Min_lead12h.pkl,ACTIVE_PRODUCTION_MODEL,2000-2018,"scripts/retrain_p4_active10_matrix.py (spec a3cb9954...4fb3, Statutory Multi-Start)",3dafe2ce0f12357e8a872b43e37f87a8fae8a5ee5d6f63a28ef543dba3a5eb69,STATUTORY_TRADING_MASTER
KLGA,Min,lead18h,Winter,data/models/KLGA_Winter_Min_lead18h.pkl,ACTIVE_PRODUCTION_MODEL,2000-2018,"scripts/retrain_p4_active10_matrix.py (spec a3cb9954...4fb3, Statutory Multi-Start)",55462ba8ae97fbb0315f9e8462fe3472daf93c67837f3b9f8dcf1a54d88fcc7d,STATUTORY_TRADING_MASTER
KLGA,Min,lead24h,Winter,data/models/KLGA_Winter_Min_lead24h.pkl,ACTIVE_PRODUCTION_MODEL,2000-2018,"scripts/retrain_p4_active10_matrix.py (spec a3cb9954...4fb3, Statutory Multi-Start)",77e5ff8e485fe4e4fba6be6e17c6a16231225cff9f5b1861436dfc3bcabae2e0,STATUTORY_TRADING_MASTER
KLGA,Min,lead30h,Winter,data/models/KLGA_Winter_Min_lead30h.pkl,ACTIVE_PRODUCTION_MODEL,2000-2018,"scripts/retrain_p4_active10_matrix.py (spec a3cb9954...4fb3, Statutory Multi-Start)",9db5ee08032164f083259d75bb241cf810f1fc3fda25b5c6486ad53317f2e139,STATUTORY_TRADING_MASTER
KLGA,Min,lead36h,Winter,data/models/KLGA_Winter_Min_lead36h.pkl,ACTIVE_PRODUCTION_MODEL,2000-2018,"scripts/retrain_p4_active10_matrix.py (spec a3cb9954...4fb3, Statutory Multi-Start)",abfa5dbd34170363412a4f0178b58d8e08d228cd809eba08e1c08a02b7902911,STATUTORY_TRADING_MASTER
KLGA,Min,lead42h,Winter,data/models/KLGA_Winter_Min_lead42h.pkl,ACTIVE_PRODUCTION_MODEL,2000-2018,"scripts/retrain_p4_active10_matrix.py (spec a3cb9954...4fb3, Statutory Multi-Start)",5e498f195341636d4c73ddf1150a021dcad98f1ad966b1923b8e687447119641,STATUTORY_TRADING_MASTER
KLGA,Min,lead48h,Winter,data/models/KLGA_Winter_Min_lead48h.pkl,ACTIVE_PRODUCTION_MODEL,2000-2018,"scripts/retrain_p4_active10_matrix.py (spec a3cb9954...4fb3, Statutory Multi-Start)",03812eb1268b27335d4ca2c9c601216c0248d1e2389eb3311096a1618de4f864,STATUTORY_TRADING_MASTER
KLGA,Min,lead54h,Winter,data/models/KLGA_Winter_Min_lead54h.pkl,ACTIVE_PRODUCTION_MODEL,2000-2018,"scripts/retrain_p4_active10_matrix.py (spec a3cb9954...4fb3, Statutory Multi-Start)",5abd705c846b0f157be9b847ca2e99f96c981d4fea0167f01d9e78f106915b88,STATUTORY_TRADING_MASTER
KLGA,Min,lead60h,Winter,data/models/KLGA_Winter_Min_lead60h.pkl,ACTIVE_PRODUCTION_MODEL,2000-2018,"scripts/retrain_p4_active10_matrix.py (spec a3cb9954...4fb3, Statutory Multi-Start)",42c3c3181ca839c4dca18f8f9f8aba7f86b79f98937e15b40f1785743ddb4cb9,STATUTORY_TRADING_MASTER
KLGA,Min,lead66h,Winter,data/models/KLGA_Winter_Min_lead66h.pkl,ACTIVE_PRODUCTION_MODEL,2000-2018,"scripts/retrain_p4_active10_matrix.py (spec a3cb9954...4fb3, Statutory Multi-Start)",05c466d34e13d1fe841da169acae0532c08d9e5fff546ae617fb6486cc7d9c4c,AUXILIARY_POOLED_FALLBACK
KLGA,Min,lead72h,Winter,data/models/KLGA_Winter_Min_lead72h.pkl,ACTIVE_PRODUCTION_MODEL,2000-2018,"scripts/retrain_p4_active10_matrix.py (spec a3cb9954...4fb3, Statutory Multi-Start)",3dc902e6b491cc0827ada842baa3f8e6757a71054e1661bdcc2dbe6054d77c80,AUXILIARY_POOLED_FALLBACK
KLGA,Max,lead6h,Spring,data/models/KLGA_Spring_Max_lead6h.pkl,ACTIVE_PRODUCTION_MODEL,2000-2018,"scripts/retrain_p4_active10_matrix.py (spec a3cb9954...4fb3, Statutory Multi-Start)",9be8e4fbf4c59cc1ac397f4635f61bfaf5c17a19a099a2c20323e422ae4a83ad,POOLED-FALLBACK
KLGA,Max,lead12h,Spring,data/models/KLGA_Spring_Max_lead12h.pkl,ACTIVE_PRODUCTION_MODEL,2000-2018,"scripts/retrain_p4_active10_matrix.py (spec a3cb9954...4fb3, Statutory Multi-Start)",875c8a394777d4a5a40376a309a17d68984b7b59852172d7fbf0b191e3546f01,STATUTORY_TRADING_MASTER
KLGA,Max,lead18h,Spring,data/models/KLGA_Spring_Max_lead18h.pkl,ACTIVE_PRODUCTION_MODEL,2000-2018,"scripts/retrain_p4_active10_matrix.py (spec a3cb9954...4fb3, Statutory Multi-Start)",b628e5d3f5504a96917694f2c342a00ffac6baabd00a3d20763045a40b80c249,STATUTORY_TRADING_MASTER
KLGA,Max,lead24h,Spring,data/models/KLGA_Spring_Max_lead24h.pkl,ACTIVE_PRODUCTION_MODEL,2000-2018,"scripts/retrain_p4_active10_matrix.py (spec a3cb9954...4fb3, Statutory Multi-Start)",892b2dfa8c7b97d63f80df02417afdd6d028a6ea08bc8bbd018827f96ec1e11b,STATUTORY_TRADING_MASTER
KLGA,Max,lead30h,Spring,data/models/KLGA_Spring_Max_lead30h.pkl,ACTIVE_PRODUCTION_MODEL,2000-2018,"scripts/retrain_p4_active10_matrix.py (spec a3cb9954...4fb3, Statutory Multi-Start)",741ae33611dfe0b11c33ae4a11291be639bfd9e81cdd83b863ce9061aefaf548,STATUTORY_TRADING_MASTER
KLGA,Max,lead36h,Spring,data/models/KLGA_Spring_Max_lead36h.pkl,ACTIVE_PRODUCTION_MODEL,2000-2018,"scripts/retrain_p4_active10_matrix.py (spec a3cb9954...4fb3, Statutory Multi-Start)",299aeba763c916623b3a304279ba0d1250faff1b2667d3e97249ebeb5cd8fafb,STATUTORY_TRADING_MASTER
KLGA,Max,lead42h,Spring,data/models/KLGA_Spring_Max_lead42h.pkl,ACTIVE_PRODUCTION_MODEL,2000-2018,"scripts/retrain_p4_active10_matrix.py (spec a3cb9954...4fb3, Statutory Multi-Start)",58acf3530d3f7b95dec8d4a702398986a574c2f2fd0f5f64ee65689140816784,STATUTORY_TRADING_MASTER
KLGA,Max,lead48h,Spring,data/models/KLGA_Spring_Max_lead48h.pkl,ACTIVE_PRODUCTION_MODEL,2000-2018,"scripts/retrain_p4_active10_matrix.py (spec a3cb9954...4fb3, Statutory Multi-Start)",a53d22e9abc5f0070390f8237daf27f31b0eba970b3a245368648935e8fc9f15,STATUTORY_TRADING_MASTER
KLGA,Max,lead54h,Spring,data/models/KLGA_Spring_Max_lead54h.pkl,ACTIVE_PRODUCTION_MODEL,2000-2018,"scripts/retrain_p4_active10_matrix.py (spec a3cb9954...4fb3, Statutory Multi-Start)",501a97518bfa808867c72c9fe0a5df70b1742d872fde4e6541935cc1eaeffab3,STATUTORY_TRADING_MASTER
KLGA,Max,lead60h,Spring,data/models/KLGA_Spring_Max_lead60h.pkl,ACTIVE_PRODUCTION_MODEL,2000-2018,"scripts/retrain_p4_active10_matrix.py (spec a3cb9954...4fb3, Statutory Multi-Start)",a9d0ecbb29d865938d4b78249462700eecb32753844b96e1d4e24bcf172f37d4,AUXILIARY_POOLED_FALLBACK
KLGA,Max,lead66h,Spring,data/models/KLGA_Spring_Max_lead66h.pkl,ACTIVE_PRODUCTION_MODEL,2000-2018,"scripts/retrain_p4_active10_matrix.py (spec a3cb9954...4fb3, Statutory Multi-Start)",adfb106c1bf809dfd9505d1c5ab713f9ca0ea8db85b0bd0ae6b3bc82c2692ef1,STATUTORY_TRADING_MASTER
KLGA,Max,lead72h,Spring,data/models/KLGA_Spring_Max_lead72h.pkl,ACTIVE_PRODUCTION_MODEL,2000-2018,"scripts/retrain_p4_active10_matrix.py (spec a3cb9954...4fb3, Statutory Multi-Start)",7ce4981e46b897ff09caa42c30d050306fd1d5082e3f1adbd21c03a0367afe57,AUXILIARY_POOLED_FALLBACK
KLGA,Min,lead6h,Spring,data/models/KLGA_Spring_Min_lead6h.pkl,ACTIVE_PRODUCTION_MODEL,2000-2018,"scripts/retrain_p4_active10_matrix.py (spec a3cb9954...4fb3, Statutory Multi-Start)",1f6342a4b6e3c180ccd38b404297fc0461a982c9c81c31cf80c01bbe60e21823,POOLED-FALLBACK
KLGA,Min,lead12h,Spring,data/models/KLGA_Spring_Min_lead12h.pkl,ACTIVE_PRODUCTION_MODEL,2000-2018,"scripts/retrain_p4_active10_matrix.py (spec a3cb9954...4fb3, Statutory Multi-Start)",e76ee447a168681f51a1edca57348952ab5e55c2233b863bcba4272d9b5a3a2d,STATUTORY_TRADING_MASTER
KLGA,Min,lead18h,Spring,data/models/KLGA_Spring_Min_lead18h.pkl,ACTIVE_PRODUCTION_MODEL,2000-2018,"scripts/retrain_p4_active10_matrix.py (spec a3cb9954...4fb3, Statutory Multi-Start)",5035850582378dd2716bf06a725a91bb5e884fb360e21df0b8b03df7fdb1a4a5,STATUTORY_TRADING_MASTER
KLGA,Min,lead24h,Spring,data/models/KLGA_Spring_Min_lead24h.pkl,ACTIVE_PRODUCTION_MODEL,2000-2018,"scripts/retrain_p4_active10_matrix.py (spec a3cb9954...4fb3, Statutory Multi-Start)",5b92b0cf96f83abff0bd1a2a5272199c95d9c7ce312d40c3e1661d8394ebfc43,STATUTORY_TRADING_MASTER
KLGA,Min,lead30h,Spring,data/models/KLGA_Spring_Min_lead30h.pkl,ACTIVE_PRODUCTION_MODEL,2000-2018,"scripts/retrain_p4_active10_matrix.py (spec a3cb9954...4fb3, Statutory Multi-Start)",122f1481eebb0b808ba743a6c60109bce2e504b07dec27700a825caf3edf6d67,STATUTORY_TRADING_MASTER
KLGA,Min,lead36h,Spring,data/models/KLGA_Spring_Min_lead36h.pkl,ACTIVE_PRODUCTION_MODEL,2000-2018,"scripts/retrain_p4_active10_matrix.py (spec a3cb9954...4fb3, Statutory Multi-Start)",03019dd6220c923671260f6dc0a61247cec1604c869b5bffa1c7f56fbf93cffc,STATUTORY_TRADING_MASTER
KLGA,Min,lead42h,Spring,data/models/KLGA_Spring_Min_lead42h.pkl,ACTIVE_PRODUCTION_MODEL,2000-2018,"scripts/retrain_p4_active10_matrix.py (spec a3cb9954...4fb3, Statutory Multi-Start)",b8ac9cfe373ad33b1bfb946e9bda05ab72dc7bd4a9eb75fa7b0f5fb576587079,STATUTORY_TRADING_MASTER
KLGA,Min,lead48h,Spring,data/models/KLGA_Spring_Min_lead48h.pkl,ACTIVE_PRODUCTION_MODEL,2000-2018,"scripts/retrain_p4_active10_matrix.py (spec a3cb9954...4fb3, Statutory Multi-Start)",96e11f59c47b0afbfefea8dea5563cd1c417db8e3f68e2e744c5bb2e99dccfd6,STATUTORY_TRADING_MASTER
KLGA,Min,lead54h,Spring,data/models/KLGA_Spring_Min_lead54h.pkl,ACTIVE_PRODUCTION_MODEL,2000-2018,"scripts/retrain_p4_active10_matrix.py (spec a3cb9954...4fb3, Statutory Multi-Start)",7f6e576ef3079c027cda47f6d2bf508339bad2bac07513e2ccea94ad907e5163,STATUTORY_TRADING_MASTER
KLGA,Min,lead60h,Spring,data/models/KLGA_Spring_Min_lead60h.pkl,ACTIVE_PRODUCTION_MODEL,2000-2018,"scripts/retrain_p4_active10_matrix.py (spec a3cb9954...4fb3, Statutory Multi-Start)",b05729cad7e453483a38d86a804ebb299c6411cca360be81ddef46a90e680a77,STATUTORY_TRADING_MASTER
KLGA,Min,lead66h,Spring,data/models/KLGA_Spring_Min_lead66h.pkl,ACTIVE_PRODUCTION_MODEL,2000-2018,"scripts/retrain_p4_active10_matrix.py (spec a3cb9954...4fb3, Statutory Multi-Start)",be1262a744279559e980594b7a668ddd01b0e498cb648535d37dfa82f9c19241,AUXILIARY_POOLED_FALLBACK
KLGA,Min,lead72h,Spring,data/models/KLGA_Spring_Min_lead72h.pkl,ACTIVE_PRODUCTION_MODEL,2000-2018,"scripts/retrain_p4_active10_matrix.py (spec a3cb9954...4fb3, Statutory Multi-Start)",fe8a37617b44c9e6228e21e197f8a36556992fda54e0a93a401412d63761cf67,AUXILIARY_POOLED_FALLBACK
KLGA,Max,lead6h,Summer,data/models/KLGA_Summer_Max_lead6h.pkl,ACTIVE_PRODUCTION_MODEL,2000-2018,"scripts/retrain_p4_active10_matrix.py (spec a3cb9954...4fb3, Statutory Multi-Start)",0f64bb0c941cf07d70dadcf96ac735fafad0b7e34acc388c40965f91898974bd,POOLED-FALLBACK
KLGA,Max,lead12h,Summer,data/models/KLGA_Summer_Max_lead12h.pkl,ACTIVE_PRODUCTION_MODEL,2000-2018,"scripts/retrain_p4_active10_matrix.py (spec a3cb9954...4fb3, Statutory Multi-Start)",16eaf3b7cb067be35479bd765e35110ffaf086420ade2ae765fb7232885ba6c8,STATUTORY_TRADING_MASTER
KLGA,Max,lead18h,Summer,data/models/KLGA_Summer_Max_lead18h.pkl,ACTIVE_PRODUCTION_MODEL,2000-2018,"scripts/retrain_p4_active10_matrix.py (spec a3cb9954...4fb3, Statutory Multi-Start)",4708c5d3655bec6ec2164829ec2bebd73880c5b8ea965f7907a6b51249a1616b,STATUTORY_TRADING_MASTER
KLGA,Max,lead24h,Summer,data/models/KLGA_Summer_Max_lead24h.pkl,ACTIVE_PRODUCTION_MODEL,2000-2018,"scripts/retrain_p4_active10_matrix.py (spec a3cb9954...4fb3, Statutory Multi-Start)",b67dd394f19ffc6479f2ed6d8819c63efb88bde21e16f820c7c226ac7787c89d,STATUTORY_TRADING_MASTER
KLGA,Max,lead30h,Summer,data/models/KLGA_Summer_Max_lead30h.pkl,ACTIVE_PRODUCTION_MODEL,2000-2018,"scripts/retrain_p4_active10_matrix.py (spec a3cb9954...4fb3, Statutory Multi-Start)",571fa269b2c8d1a826e29f5bba24c397d2625dec52613aa53bb6889ce66949ac,STATUTORY_TRADING_MASTER
KLGA,Max,lead36h,Summer,data/models/KLGA_Summer_Max_lead36h.pkl,ACTIVE_PRODUCTION_MODEL,2000-2018,"scripts/retrain_p4_active10_matrix.py (spec a3cb9954...4fb3, Statutory Multi-Start)",ee426663c5c8e647c3623fc7e7becad7585ae23add853448c548857c173a9a9e,STATUTORY_TRADING_MASTER
KLGA,Max,lead42h,Summer,data/models/KLGA_Summer_Max_lead42h.pkl,ACTIVE_PRODUCTION_MODEL,2000-2018,"scripts/retrain_p4_active10_matrix.py (spec a3cb9954...4fb3, Statutory Multi-Start)",06b9fbceb5b7fa9b1b0b669fcb33e9ab8b932c0b9bfadbfa2a154b01a4776f08,STATUTORY_TRADING_MASTER
KLGA,Max,lead48h,Summer,data/models/KLGA_Summer_Max_lead48h.pkl,ACTIVE_PRODUCTION_MODEL,2000-2018,"scripts/retrain_p4_active10_matrix.py (spec a3cb9954...4fb3, Statutory Multi-Start)",5123091695c7b16d5cab0de5a4d2b9468149ac7cdaeb8dcb5f7ba943ba3b2487,STATUTORY_TRADING_MASTER
KLGA,Max,lead54h,Summer,data/models/KLGA_Summer_Max_lead54h.pkl,ACTIVE_PRODUCTION_MODEL,2000-2018,"scripts/retrain_p4_active10_matrix.py (spec a3cb9954...4fb3, Statutory Multi-Start)",14ce07f777eeeb1b03dec06584f02cc4d990e28b970cbc0f4c7b90bbc62b8a0c,STATUTORY_TRADING_MASTER
KLGA,Max,lead60h,Summer,data/models/KLGA_Summer_Max_lead60h.pkl,ACTIVE_PRODUCTION_MODEL,2000-2018,"scripts/retrain_p4_active10_matrix.py (spec a3cb9954...4fb3, Statutory Multi-Start)",ede43b360e5923b90056631e6388d0dc2d6d068792180aa8d956207958f67f21,AUXILIARY_POOLED_FALLBACK
KLGA,Max,lead66h,Summer,data/models/KLGA_Summer_Max_lead66h.pkl,ACTIVE_PRODUCTION_MODEL,2000-2018,"scripts/retrain_p4_active10_matrix.py (spec a3cb9954...4fb3, Statutory Multi-Start)",f0feb3f33c473fd789345d33b86cd6f6e7e80cfa2d0752a867ce8d240c9440ea,STATUTORY_TRADING_MASTER
KLGA,Max,lead72h,Summer,data/models/KLGA_Summer_Max_lead72h.pkl,ACTIVE_PRODUCTION_MODEL,2000-2018,"scripts/retrain_p4_active10_matrix.py (spec a3cb9954...4fb3, Statutory Multi-Start)",bccb0a6a388fe799b07e2eff5b9b4aea72159bdbe670d7832fbea9e9475fb15d,AUXILIARY_POOLED_FALLBACK
KLGA,Min,lead6h,Summer,data/models/KLGA_Summer_Min_lead6h.pkl,ACTIVE_PRODUCTION_MODEL,2000-2018,"scripts/retrain_p4_active10_matrix.py (spec a3cb9954...4fb3, Statutory Multi-Start)",4c7a2aacebec9a8bbfbbdaccd3ece71819752cce2d7bd769062245bfb5c51927,POOLED-FALLBACK
KLGA,Min,lead12h,Summer,data/models/KLGA_Summer_Min_lead12h.pkl,ACTIVE_PRODUCTION_MODEL,2000-2018,"scripts/retrain_p4_active10_matrix.py (spec a3cb9954...4fb3, Statutory Multi-Start)",3077786a2143e9b987cfbf6a77075a764de9d5747f01715b13064dfdc9738710,STATUTORY_TRADING_MASTER
KLGA,Min,lead18h,Summer,data/models/KLGA_Summer_Min_lead18h.pkl,ACTIVE_PRODUCTION_MODEL,2000-2018,"scripts/retrain_p4_active10_matrix.py (spec a3cb9954...4fb3, Statutory Multi-Start)",c5eaa195ba44f3f4c720a1b2c058925ba2f12b4fe7812147525f9ab45cbd2b48,STATUTORY_TRADING_MASTER
KLGA,Min,lead24h,Summer,data/models/KLGA_Summer_Min_lead24h.pkl,ACTIVE_PRODUCTION_MODEL,2000-2018,"scripts/retrain_p4_active10_matrix.py (spec a3cb9954...4fb3, Statutory Multi-Start)",09a1f41f00a6dcf129680a7122149abd2eb9013fad5294449cc8221a964a38f6,STATUTORY_TRADING_MASTER
KLGA,Min,lead30h,Summer,data/models/KLGA_Summer_Min_lead30h.pkl,ACTIVE_PRODUCTION_MODEL,2000-2018,"scripts/retrain_p4_active10_matrix.py (spec a3cb9954...4fb3, Statutory Multi-Start)",ca7d74bcebdb8fe99d6da7db1add627b83cfa887b8a94fd6a894ebed035ff5a0,STATUTORY_TRADING_MASTER
KLGA,Min,lead36h,Summer,data/models/KLGA_Summer_Min_lead36h.pkl,ACTIVE_PRODUCTION_MODEL,2000-2018,"scripts/retrain_p4_active10_matrix.py (spec a3cb9954...4fb3, Statutory Multi-Start)",a9beeb4979794d27eede982cd6b34f40548185305d6c3015356613b16b5830ac,STATUTORY_TRADING_MASTER
KLGA,Min,lead42h,Summer,data/models/KLGA_Summer_Min_lead42h.pkl,ACTIVE_PRODUCTION_MODEL,2000-2018,"scripts/retrain_p4_active10_matrix.py (spec a3cb9954...4fb3, Statutory Multi-Start)",b8d35e192709299a05557fb5dea4a53eb1a97fb5a1c2c5e4647a1e2cba2f9689,STATUTORY_TRADING_MASTER
KLGA,Min,lead48h,Summer,data/models/KLGA_Summer_Min_lead48h.pkl,ACTIVE_PRODUCTION_MODEL,2000-2018,"scripts/retrain_p4_active10_matrix.py (spec a3cb9954...4fb3, Statutory Multi-Start)",42fd24e3f55adecfdc0cbd445e3a6cdcbda027304822b100ccb2861ce5806083,STATUTORY_TRADING_MASTER
KLGA,Min,lead54h,Summer,data/models/KLGA_Summer_Min_lead54h.pkl,ACTIVE_PRODUCTION_MODEL,2000-2018,"scripts/retrain_p4_active10_matrix.py (spec a3cb9954...4fb3, Statutory Multi-Start)",ec5a43f0dfff0386b310e7b85bc3020337fa95445d77bee4fae4decd4e9a8f0b,STATUTORY_TRADING_MASTER
KLGA,Min,lead60h,Summer,data/models/KLGA_Summer_Min_lead60h.pkl,ACTIVE_PRODUCTION_MODEL,2000-2018,"scripts/retrain_p4_active10_matrix.py (spec a3cb9954...4fb3, Statutory Multi-Start)",e4a2743a4accb6f16f4935c61122b8b49cc056c93239b780f7b1a669a5e70d8e,STATUTORY_TRADING_MASTER
KLGA,Min,lead66h,Summer,data/models/KLGA_Summer_Min_lead66h.pkl,ACTIVE_PRODUCTION_MODEL,2000-2018,"scripts/retrain_p4_active10_matrix.py (spec a3cb9954...4fb3, Statutory Multi-Start)",8840284b4aa254c3d7188f4660a409547d6f52e6d944719672b2555cd4f1f609,AUXILIARY_POOLED_FALLBACK
KLGA,Min,lead72h,Summer,data/models/KLGA_Summer_Min_lead72h.pkl,ACTIVE_PRODUCTION_MODEL,2000-2018,"scripts/retrain_p4_active10_matrix.py (spec a3cb9954...4fb3, Statutory Multi-Start)",4f39fb2c50ada61dfa14ccfb30c54e27ca557ccd75094c9d68ef097cd03f4586,AUXILIARY_POOLED_FALLBACK
KLGA,Max,lead6h,Autumn,data/models/KLGA_Autumn_Max_lead6h.pkl,ACTIVE_PRODUCTION_MODEL,2000-2018,"scripts/retrain_p4_active10_matrix.py (spec a3cb9954...4fb3, Statutory Multi-Start)",7fe6345f6ec9d26510a40f1f31b5e8a24f5dded3bd36c80a1e675b651d9115ad,POOLED-FALLBACK
KLGA,Max,lead12h,Autumn,data/models/KLGA_Autumn_Max_lead12h.pkl,ACTIVE_PRODUCTION_MODEL,2000-2018,"scripts/retrain_p4_active10_matrix.py (spec a3cb9954...4fb3, Statutory Multi-Start)",a443a7b1e390d93668b1db1dc44cffead6e2fa8fa3c5cf27ff35184128e4d99f,STATUTORY_TRADING_MASTER
KLGA,Max,lead18h,Autumn,data/models/KLGA_Autumn_Max_lead18h.pkl,ACTIVE_PRODUCTION_MODEL,2000-2018,"scripts/retrain_p4_active10_matrix.py (spec a3cb9954...4fb3, Statutory Multi-Start)",79e7896bc6cc779092d6a4e63760c65ab539fccc099578448773e454c8598538,STATUTORY_TRADING_MASTER
KLGA,Max,lead24h,Autumn,data/models/KLGA_Autumn_Max_lead24h.pkl,ACTIVE_PRODUCTION_MODEL,2000-2018,"scripts/retrain_p4_active10_matrix.py (spec a3cb9954...4fb3, Statutory Multi-Start)",480b77bdf3e1b5eb9ba04cfc8306f8ea56c1b7bf3beb180dd85eabdfad884383,STATUTORY_TRADING_MASTER
KLGA,Max,lead30h,Autumn,data/models/KLGA_Autumn_Max_lead30h.pkl,ACTIVE_PRODUCTION_MODEL,2000-2018,"scripts/retrain_p4_active10_matrix.py (spec a3cb9954...4fb3, Statutory Multi-Start)",fa31ffdc6e879c82dd132c8523ea1bad5f38d2adf3cbbeec08a02dd3bdba0116,STATUTORY_TRADING_MASTER
KLGA,Max,lead36h,Autumn,data/models/KLGA_Autumn_Max_lead36h.pkl,ACTIVE_PRODUCTION_MODEL,2000-2018,"scripts/retrain_p4_active10_matrix.py (spec a3cb9954...4fb3, Statutory Multi-Start)",957c02a80f7c283cbc8aac4cb1e9961d3ac1993b92469a8fc141d3e6e674b985,STATUTORY_TRADING_MASTER
KLGA,Max,lead42h,Autumn,data/models/KLGA_Autumn_Max_lead42h.pkl,ACTIVE_PRODUCTION_MODEL,2000-2018,"scripts/retrain_p4_active10_matrix.py (spec a3cb9954...4fb3, Statutory Multi-Start)",629d3d62cb6c50387d73a662ea67e47d8c388b7cf03730129bd4619a13f82884,STATUTORY_TRADING_MASTER
KLGA,Max,lead48h,Autumn,data/models/KLGA_Autumn_Max_lead48h.pkl,ACTIVE_PRODUCTION_MODEL,2000-2018,"scripts/retrain_p4_active10_matrix.py (spec a3cb9954...4fb3, Statutory Multi-Start)",7c15278f020ecb4e8026a643624e399381d757187a74f13689a77b97b493af40,STATUTORY_TRADING_MASTER
KLGA,Max,lead54h,Autumn,data/models/KLGA_Autumn_Max_lead54h.pkl,ACTIVE_PRODUCTION_MODEL,2000-2018,"scripts/retrain_p4_active10_matrix.py (spec a3cb9954...4fb3, Statutory Multi-Start)",701fc8165bce67a0c43e03d917e84538f6bb1ed837e5b5501c11e57312bd8a11,STATUTORY_TRADING_MASTER
KLGA,Max,lead60h,Autumn,data/models/KLGA_Autumn_Max_lead60h.pkl,ACTIVE_PRODUCTION_MODEL,2000-2018,"scripts/retrain_p4_active10_matrix.py (spec a3cb9954...4fb3, Statutory Multi-Start)",1a70a4099cbdd99f26d3a4de081098b81e37b3aadd679129c462f15a7ffb4ab6,AUXILIARY_POOLED_FALLBACK
KLGA,Max,lead66h,Autumn,data/models/KLGA_Autumn_Max_lead66h.pkl,ACTIVE_PRODUCTION_MODEL,2000-2018,"scripts/retrain_p4_active10_matrix.py (spec a3cb9954...4fb3, Statutory Multi-Start)",d3f9064657febf279d004ef87ecfa48bc0bf53013980c31b6479d1309cb2582b,STATUTORY_TRADING_MASTER
KLGA,Max,lead72h,Autumn,data/models/KLGA_Autumn_Max_lead72h.pkl,ACTIVE_PRODUCTION_MODEL,2000-2018,"scripts/retrain_p4_active10_matrix.py (spec a3cb9954...4fb3, Statutory Multi-Start)",0f6f6b6802657fc81889f67ea551711f4e50d6b42dce3416816a092a7e311c44,AUXILIARY_POOLED_FALLBACK
KLGA,Min,lead6h,Autumn,data/models/KLGA_Autumn_Min_lead6h.pkl,ACTIVE_PRODUCTION_MODEL,2000-2018,"scripts/retrain_p4_active10_matrix.py (spec a3cb9954...4fb3, Statutory Multi-Start)",95b19fc672bd02c81d62cd13c8ce8354b0558aa676a4d4c2ddb9bf6925092929,POOLED-FALLBACK
KLGA,Min,lead12h,Autumn,data/models/KLGA_Autumn_Min_lead12h.pkl,ACTIVE_PRODUCTION_MODEL,2000-2018,"scripts/retrain_p4_active10_matrix.py (spec a3cb9954...4fb3, Statutory Multi-Start)",13039e919ba471553e86449eabb44ec1155e4a12c15557242f22f5ad469eb2c2,STATUTORY_TRADING_MASTER
KLGA,Min,lead18h,Autumn,data/models/KLGA_Autumn_Min_lead18h.pkl,ACTIVE_PRODUCTION_MODEL,2000-2018,"scripts/retrain_p4_active10_matrix.py (spec a3cb9954...4fb3, Statutory Multi-Start)",ba1e2a0187d24f961f87658d18b19f4d73cb7862c08eb72b680b9c90b040a47a,STATUTORY_TRADING_MASTER
KLGA,Min,lead24h,Autumn,data/models/KLGA_Autumn_Min_lead24h.pkl,ACTIVE_PRODUCTION_MODEL,2000-2018,"scripts/retrain_p4_active10_matrix.py (spec a3cb9954...4fb3, Statutory Multi-Start)",93aa4d92997edf340153988d4ff415cf089d265eccdb92466427d19ca3dd7de1,STATUTORY_TRADING_MASTER
KLGA,Min,lead30h,Autumn,data/models/KLGA_Autumn_Min_lead30h.pkl,ACTIVE_PRODUCTION_MODEL,2000-2018,"scripts/retrain_p4_active10_matrix.py (spec a3cb9954...4fb3, Statutory Multi-Start)",d8375d28385e9721201d3ca2ccd1b4153ddcc6e21bf158bea09f59569644fdb9,STATUTORY_TRADING_MASTER
KLGA,Min,lead36h,Autumn,data/models/KLGA_Autumn_Min_lead36h.pkl,ACTIVE_PRODUCTION_MODEL,2000-2018,"scripts/retrain_p4_active10_matrix.py (spec a3cb9954...4fb3, Statutory Multi-Start)",8f210af10941e22c3c8d477fa6a2cf7f52dd12f5926a34d96f7f94eb3d2127cc,STATUTORY_TRADING_MASTER
KLGA,Min,lead42h,Autumn,data/models/KLGA_Autumn_Min_lead42h.pkl,ACTIVE_PRODUCTION_MODEL,2000-2018,"scripts/retrain_p4_active10_matrix.py (spec a3cb9954...4fb3, Statutory Multi-Start)",a3dd44e30b12f534b55149e94e19acaa4b85204db1077b223d676347f1a1cd1e,STATUTORY_TRADING_MASTER
KLGA,Min,lead48h,Autumn,data/models/KLGA_Autumn_Min_lead48h.pkl,ACTIVE_PRODUCTION_MODEL,2000-2018,"scripts/retrain_p4_active10_matrix.py (spec a3cb9954...4fb3, Statutory Multi-Start)",0af2c94202b3d925bb59e2dc2060095ffce8df25d2c80037706c9c48561a77f0,STATUTORY_TRADING_MASTER
KLGA,Min,lead54h,Autumn,data/models/KLGA_Autumn_Min_lead54h.pkl,ACTIVE_PRODUCTION_MODEL,2000-2018,"scripts/retrain_p4_active10_matrix.py (spec a3cb9954...4fb3, Statutory Multi-Start)",d588e06b9dbf2ba132497db1912f3e3fa043a04c7483e33c2ecd160e15e9e05f,STATUTORY_TRADING_MASTER
KLGA,Min,lead60h,Autumn,data/models/KLGA_Autumn_Min_lead60h.pkl,ACTIVE_PRODUCTION_MODEL,2000-2018,"scripts/retrain_p4_active10_matrix.py (spec a3cb9954...4fb3, Statutory Multi-Start)",cb5f1f9c0f3adecc6ea5d2829f7d0f248d4fc8a75f53135fccf8a51d00b08df4,STATUTORY_TRADING_MASTER
KLGA,Min,lead66h,Autumn,data/models/KLGA_Autumn_Min_lead66h.pkl,ACTIVE_PRODUCTION_MODEL,2000-2018,"scripts/retrain_p4_active10_matrix.py (spec a3cb9954...4fb3, Statutory Multi-Start)",641802c339a88d6f2ed320cc60e60f311aa612debbce852f540644d0a4e28fd9,AUXILIARY_POOLED_FALLBACK
KLGA,Min,lead72h,Autumn,data/models/KLGA_Autumn_Min_lead72h.pkl,ACTIVE_PRODUCTION_MODEL,2000-2018,"scripts/retrain_p4_active10_matrix.py (spec a3cb9954...4fb3, Statutory Multi-Start)",e3acd6cb26f05aad3f8ea2bdd705cb88bdb1cc1ed5ae4ee3321ae1aaae77e828,AUXILIARY_POOLED_FALLBACK
KATL,Max,lead6h,Winter,data/models/KATL_Winter_Max_lead6h.pkl,ACTIVE_PRODUCTION_MODEL,2000-2018,"scripts/retrain_p4_active10_matrix.py (spec a3cb9954...4fb3, Statutory Multi-Start)",db086a7ca91fd875019f74849a824af8d9a2dbdd3ae7bde7df93f6befaf4dd27,POOLED-FALLBACK
KATL,Max,lead12h,Winter,data/models/KATL_Winter_Max_lead12h.pkl,ACTIVE_PRODUCTION_MODEL,2000-2018,"scripts/retrain_p4_active10_matrix.py (spec a3cb9954...4fb3, Statutory Multi-Start)",00ad8028860767117e09e06a9a4f367616c99652ce5f5012a86e65433a5e0329,STATUTORY_TRADING_MASTER
KATL,Max,lead18h,Winter,data/models/KATL_Winter_Max_lead18h.pkl,ACTIVE_PRODUCTION_MODEL,2000-2018,"scripts/retrain_p4_active10_matrix.py (spec a3cb9954...4fb3, Statutory Multi-Start)",558d7d8bddbe054795859776ae26c3e25f8b919769afa3c0663504a946ac2cd8,STATUTORY_TRADING_MASTER
KATL,Max,lead24h,Winter,data/models/KATL_Winter_Max_lead24h.pkl,ACTIVE_PRODUCTION_MODEL,2000-2018,"scripts/retrain_p4_active10_matrix.py (spec a3cb9954...4fb3, Statutory Multi-Start)",0fee1f19941f3cdf323e6eb12b1c91c69f64182e0e4a5df85921ee931f5a4c56,STATUTORY_TRADING_MASTER
KATL,Max,lead30h,Winter,data/models/KATL_Winter_Max_lead30h.pkl,ACTIVE_PRODUCTION_MODEL,2000-2018,"scripts/retrain_p4_active10_matrix.py (spec a3cb9954...4fb3, Statutory Multi-Start)",c5e73a871782849dc6f1aa4334ba4fcb55a6e2aa12e657ba6e50119d8efe499b,STATUTORY_TRADING_MASTER
KATL,Max,lead36h,Winter,data/models/KATL_Winter_Max_lead36h.pkl,ACTIVE_PRODUCTION_MODEL,2000-2018,"scripts/retrain_p4_active10_matrix.py (spec a3cb9954...4fb3, Statutory Multi-Start)",6a87a790e2ba2027d311a643e798d1f7c37db406885b0802e313ac4564a3c756,STATUTORY_TRADING_MASTER
KATL,Max,lead42h,Winter,data/models/KATL_Winter_Max_lead42h.pkl,ACTIVE_PRODUCTION_MODEL,2000-2018,"scripts/retrain_p4_active10_matrix.py (spec a3cb9954...4fb3, Statutory Multi-Start)",81c0e1c0c8c207b7c785a8896571702f44bf67bfd169d4b6c49758cb03f0fe89,STATUTORY_TRADING_MASTER
KATL,Max,lead48h,Winter,data/models/KATL_Winter_Max_lead48h.pkl,ACTIVE_PRODUCTION_MODEL,2000-2018,"scripts/retrain_p4_active10_matrix.py (spec a3cb9954...4fb3, Statutory Multi-Start)",f9fbd5f7269e21683bf260416dd0580bdc0b62a86264b81bda103afd99699247,STATUTORY_TRADING_MASTER
KATL,Max,lead54h,Winter,data/models/KATL_Winter_Max_lead54h.pkl,ACTIVE_PRODUCTION_MODEL,2000-2018,"scripts/retrain_p4_active10_matrix.py (spec a3cb9954...4fb3, Statutory Multi-Start)",3efece7ab833461478eb47c2b8fb88fc84ab31761850e31c617175f75941f579,STATUTORY_TRADING_MASTER
KATL,Max,lead60h,Winter,data/models/KATL_Winter_Max_lead60h.pkl,ACTIVE_PRODUCTION_MODEL,2000-2018,"scripts/retrain_p4_active10_matrix.py (spec a3cb9954...4fb3, Statutory Multi-Start)",d7e8c1210abbcef5b501404521478ea0a511ca898513b25fa8abfbd28acb01b4,AUXILIARY_POOLED_FALLBACK
KATL,Max,lead66h,Winter,data/models/KATL_Winter_Max_lead66h.pkl,ACTIVE_PRODUCTION_MODEL,2000-2018,"scripts/retrain_p4_active10_matrix.py (spec a3cb9954...4fb3, Statutory Multi-Start)",c7cf911a2b0268cedc94f404a2158c301dac6cb3e22e1ef2f33c1996edf9bcca,STATUTORY_TRADING_MASTER
KATL,Max,lead72h,Winter,data/models/KATL_Winter_Max_lead72h.pkl,ACTIVE_PRODUCTION_MODEL,2000-2018,"scripts/retrain_p4_active10_matrix.py (spec a3cb9954...4fb3, Statutory Multi-Start)",7dffa5af67414ed58066408151d74d6e0e960e38063865c8c03f03d210943e61,AUXILIARY_POOLED_FALLBACK
KATL,Min,lead6h,Winter,data/models/KATL_Winter_Min_lead6h.pkl,ACTIVE_PRODUCTION_MODEL,2000-2018,"scripts/retrain_p4_active10_matrix.py (spec a3cb9954...4fb3, Statutory Multi-Start)",ef6a89d16da64bb9be2191265d84ef5dea87811bea8e040de989fb534e294835,POOLED-FALLBACK
KATL,Min,lead12h,Winter,data/models/KATL_Winter_Min_lead12h.pkl,ACTIVE_PRODUCTION_MODEL,2000-2018,"scripts/retrain_p4_active10_matrix.py (spec a3cb9954...4fb3, Statutory Multi-Start)",f025b19518d32f4b5c8d0fab46fbb066c8ad1e4dfee277e0ba9c3e2c8b99b6b0,STATUTORY_TRADING_MASTER
KATL,Min,lead18h,Winter,data/models/KATL_Winter_Min_lead18h.pkl,ACTIVE_PRODUCTION_MODEL,2000-2018,"scripts/retrain_p4_active10_matrix.py (spec a3cb9954...4fb3, Statutory Multi-Start)",7b0e8506d8d145afe01e80f260db3ed6ff47945040d028284ee09fc46910a073,STATUTORY_TRADING_MASTER
KATL,Min,lead24h,Winter,data/models/KATL_Winter_Min_lead24h.pkl,ACTIVE_PRODUCTION_MODEL,2000-2018,"scripts/retrain_p4_active10_matrix.py (spec a3cb9954...4fb3, Statutory Multi-Start)",e57313822b853847cd2b4a529005ef0854a9c97a27bf370dc8a4f271a274bde7,STATUTORY_TRADING_MASTER
KATL,Min,lead30h,Winter,data/models/KATL_Winter_Min_lead30h.pkl,ACTIVE_PRODUCTION_MODEL,2000-2018,"scripts/retrain_p4_active10_matrix.py (spec a3cb9954...4fb3, Statutory Multi-Start)",f9f511d34a818b4c33615f443565f30cd4013041997b6a68458d9af8bcec3f76,STATUTORY_TRADING_MASTER
KATL,Min,lead36h,Winter,data/models/KATL_Winter_Min_lead36h.pkl,ACTIVE_PRODUCTION_MODEL,2000-2018,"scripts/retrain_p4_active10_matrix.py (spec a3cb9954...4fb3, Statutory Multi-Start)",153998465ee043f4b0c0eda3b27a06bb3027ee5590fec501839d7fd0d99f5e9a,STATUTORY_TRADING_MASTER
KATL,Min,lead42h,Winter,data/models/KATL_Winter_Min_lead42h.pkl,ACTIVE_PRODUCTION_MODEL,2000-2018,"scripts/retrain_p4_active10_matrix.py (spec a3cb9954...4fb3, Statutory Multi-Start)",21a233cba4877191470f5328dd731bc963b93cf8601878f17ca1077ae7b27e3c,STATUTORY_TRADING_MASTER
KATL,Min,lead48h,Winter,data/models/KATL_Winter_Min_lead48h.pkl,ACTIVE_PRODUCTION_MODEL,2000-2018,"scripts/retrain_p4_active10_matrix.py (spec a3cb9954...4fb3, Statutory Multi-Start)",51662414da134c7a3ba3d9cddf2d03e5429d0168f4b5317d6ea09f8a97702f58,STATUTORY_TRADING_MASTER
KATL,Min,lead54h,Winter,data/models/KATL_Winter_Min_lead54h.pkl,ACTIVE_PRODUCTION_MODEL,2000-2018,"scripts/retrain_p4_active10_matrix.py (spec a3cb9954...4fb3, Statutory Multi-Start)",6a974b920aba9c884bf3b11fecb297bd13e88901495ec5bd59285b31f9d178b8,STATUTORY_TRADING_MASTER
KATL,Min,lead60h,Winter,data/models/KATL_Winter_Min_lead60h.pkl,ACTIVE_PRODUCTION_MODEL,2000-2018,"scripts/retrain_p4_active10_matrix.py (spec a3cb9954...4fb3, Statutory Multi-Start)",beefd7337b2047cb5dd1d2bab3ce67a9981708d1a4b44d6054df455295e27989,STATUTORY_TRADING_MASTER
KATL,Min,lead66h,Winter,data/models/KATL_Winter_Min_lead66h.pkl,ACTIVE_PRODUCTION_MODEL,2000-2018,"scripts/retrain_p4_active10_matrix.py (spec a3cb9954...4fb3, Statutory Multi-Start)",d268f5dec7542a5a9010051d381eb4a18d14a333f16757443650b0df396f198a,AUXILIARY_POOLED_FALLBACK
KATL,Min,lead72h,Winter,data/models/KATL_Winter_Min_lead72h.pkl,ACTIVE_PRODUCTION_MODEL,2000-2018,"scripts/retrain_p4_active10_matrix.py (spec a3cb9954...4fb3, Statutory Multi-Start)",04cf47931a98d5059346b687998e1e949ece073bd30257bb1bbea677c0ab9252,AUXILIARY_POOLED_FALLBACK
KATL,Max,lead6h,Spring,data/models/KATL_Spring_Max_lead6h.pkl,ACTIVE_PRODUCTION_MODEL,2000-2018,"scripts/retrain_p4_active10_matrix.py (spec a3cb9954...4fb3, Statutory Multi-Start)",fd63296dc5dee742ba63036571d14f05b0fdd1bb2308b1f633d8051825c2cdb3,POOLED-FALLBACK
KATL,Max,lead12h,Spring,data/models/KATL_Spring_Max_lead12h.pkl,ACTIVE_PRODUCTION_MODEL,2000-2018,"scripts/retrain_p4_active10_matrix.py (spec a3cb9954...4fb3, Statutory Multi-Start)",e9d7798e43bd158935317ed1f94074c9aa955fb5ef71e2f5476aabd4775c6698,STATUTORY_TRADING_MASTER
KATL,Max,lead18h,Spring,data/models/KATL_Spring_Max_lead18h.pkl,ACTIVE_PRODUCTION_MODEL,2000-2018,"scripts/retrain_p4_active10_matrix.py (spec a3cb9954...4fb3, Statutory Multi-Start)",e32b85288e661383302fdccb4635708b63c594d0892297856ba8bc50dc820529,STATUTORY_TRADING_MASTER
KATL,Max,lead24h,Spring,data/models/KATL_Spring_Max_lead24h.pkl,ACTIVE_PRODUCTION_MODEL,2000-2018,"scripts/retrain_p4_active10_matrix.py (spec a3cb9954...4fb3, Statutory Multi-Start)",8208d86fb333f52ef0e76408acf85b756df9b9b018222eb1aa271455dd526eb1,STATUTORY_TRADING_MASTER
KATL,Max,lead30h,Spring,data/models/KATL_Spring_Max_lead30h.pkl,ACTIVE_PRODUCTION_MODEL,2000-2018,"scripts/retrain_p4_active10_matrix.py (spec a3cb9954...4fb3, Statutory Multi-Start)",5bd107bf79b35b9d8630024b1d60c3f24cf0c3febdea72037821f75884febe89,STATUTORY_TRADING_MASTER
KATL,Max,lead36h,Spring,data/models/KATL_Spring_Max_lead36h.pkl,ACTIVE_PRODUCTION_MODEL,2000-2018,"scripts/retrain_p4_active10_matrix.py (spec a3cb9954...4fb3, Statutory Multi-Start)",d5b12f8a99db2f4280854d2819b5275e933a0ca3dc9878b2b49a93cf5f255ecd,STATUTORY_TRADING_MASTER
KATL,Max,lead42h,Spring,data/models/KATL_Spring_Max_lead42h.pkl,ACTIVE_PRODUCTION_MODEL,2000-2018,"scripts/retrain_p4_active10_matrix.py (spec a3cb9954...4fb3, Statutory Multi-Start)",6c111eb96148995641a4f1cf34eb6323518ded583ec119425c5e030abfb8b530,STATUTORY_TRADING_MASTER
KATL,Max,lead48h,Spring,data/models/KATL_Spring_Max_lead48h.pkl,ACTIVE_PRODUCTION_MODEL,2000-2018,"scripts/retrain_p4_active10_matrix.py (spec a3cb9954...4fb3, Statutory Multi-Start)",08b1fd8ee9eaf3fad0f2782492c05005548b166f1aa33e2f635eb697e57c9a3f,STATUTORY_TRADING_MASTER
KATL,Max,lead54h,Spring,data/models/KATL_Spring_Max_lead54h.pkl,ACTIVE_PRODUCTION_MODEL,2000-2018,"scripts/retrain_p4_active10_matrix.py (spec a3cb9954...4fb3, Statutory Multi-Start)",db775b2fa5e2c704276f409ef0b8654bb7d556a7ec19f3deeb8ae03539a648bf,STATUTORY_TRADING_MASTER
KATL,Max,lead60h,Spring,data/models/KATL_Spring_Max_lead60h.pkl,ACTIVE_PRODUCTION_MODEL,2000-2018,"scripts/retrain_p4_active10_matrix.py (spec a3cb9954...4fb3, Statutory Multi-Start)",fc208c70c995abb7119dfbec7c8c268f8f0393033f51909edebd5e2d0bb561ca,AUXILIARY_POOLED_FALLBACK
KATL,Max,lead66h,Spring,data/models/KATL_Spring_Max_lead66h.pkl,ACTIVE_PRODUCTION_MODEL,2000-2018,"scripts/retrain_p4_active10_matrix.py (spec a3cb9954...4fb3, Statutory Multi-Start)",4277cb66878bb60c399a21117bc6d7f8266dc0e3505f47bba8fe8464fa3cf601,STATUTORY_TRADING_MASTER
KATL,Max,lead72h,Spring,data/models/KATL_Spring_Max_lead72h.pkl,ACTIVE_PRODUCTION_MODEL,2000-2018,"scripts/retrain_p4_active10_matrix.py (spec a3cb9954...4fb3, Statutory Multi-Start)",89829e8ec74f79e8f7bb1543b35a7b952677a9b930b286f8ed9df8dfedd9218e,AUXILIARY_POOLED_FALLBACK
KATL,Min,lead6h,Spring,data/models/KATL_Spring_Min_lead6h.pkl,ACTIVE_PRODUCTION_MODEL,2000-2018,"scripts/retrain_p4_active10_matrix.py (spec a3cb9954...4fb3, Statutory Multi-Start)",48ca576636a556692a542d18c2f98ae10b072f4e3b987c6a4637884c9349cd44,POOLED-FALLBACK
KATL,Min,lead12h,Spring,data/models/KATL_Spring_Min_lead12h.pkl,ACTIVE_PRODUCTION_MODEL,2000-2018,"scripts/retrain_p4_active10_matrix.py (spec a3cb9954...4fb3, Statutory Multi-Start)",776a1254d0dc7d8012de7ad909c086d38997f428dcff42a18bddcd1d82e88d67,STATUTORY_TRADING_MASTER
KATL,Min,lead18h,Spring,data/models/KATL_Spring_Min_lead18h.pkl,ACTIVE_PRODUCTION_MODEL,2000-2018,"scripts/retrain_p4_active10_matrix.py (spec a3cb9954...4fb3, Statutory Multi-Start)",47743b21e178a5ef6a0c757387909fc73187f1138b9eb8a6582da59653bf93f7,STATUTORY_TRADING_MASTER
KATL,Min,lead24h,Spring,data/models/KATL_Spring_Min_lead24h.pkl,ACTIVE_PRODUCTION_MODEL,2000-2018,"scripts/retrain_p4_active10_matrix.py (spec a3cb9954...4fb3, Statutory Multi-Start)",3321bcb18feeadfe17ab70dc013f0ae88b6834efd61c1d3b38bc2897d26773ad,STATUTORY_TRADING_MASTER
KATL,Min,lead30h,Spring,data/models/KATL_Spring_Min_lead30h.pkl,ACTIVE_PRODUCTION_MODEL,2000-2018,"scripts/retrain_p4_active10_matrix.py (spec a3cb9954...4fb3, Statutory Multi-Start)",a65c58dcfe8c1d75b5bbd10517bcf129a99e194e119f5bb810fd4b52a01fd99f,STATUTORY_TRADING_MASTER
KATL,Min,lead36h,Spring,data/models/KATL_Spring_Min_lead36h.pkl,ACTIVE_PRODUCTION_MODEL,2000-2018,"scripts/retrain_p4_active10_matrix.py (spec a3cb9954...4fb3, Statutory Multi-Start)",d2ed445a965270baa1c799d5413a4dbad4d7d0b836bb2506680ead718d2826ba,STATUTORY_TRADING_MASTER
KATL,Min,lead42h,Spring,data/models/KATL_Spring_Min_lead42h.pkl,ACTIVE_PRODUCTION_MODEL,2000-2018,"scripts/retrain_p4_active10_matrix.py (spec a3cb9954...4fb3, Statutory Multi-Start)",8e1e173de98a6cee15e66f34d91a09b076f11a8f992243b453ce7beec20496ea,STATUTORY_TRADING_MASTER
KATL,Min,lead48h,Spring,data/models/KATL_Spring_Min_lead48h.pkl,ACTIVE_PRODUCTION_MODEL,2000-2018,"scripts/retrain_p4_active10_matrix.py (spec a3cb9954...4fb3, Statutory Multi-Start)",6d7bbd0077297d11b0afc0b148e450416a0b923e086316d537bd6087e1cdcbe5,STATUTORY_TRADING_MASTER
KATL,Min,lead54h,Spring,data/models/KATL_Spring_Min_lead54h.pkl,ACTIVE_PRODUCTION_MODEL,2000-2018,"scripts/retrain_p4_active10_matrix.py (spec a3cb9954...4fb3, Statutory Multi-Start)",ffeeb2064d19622e93980b161058de82ee2f9ba3d797044bf63666ae792e2390,STATUTORY_TRADING_MASTER
KATL,Min,lead60h,Spring,data/models/KATL_Spring_Min_lead60h.pkl,ACTIVE_PRODUCTION_MODEL,2000-2018,"scripts/retrain_p4_active10_matrix.py (spec a3cb9954...4fb3, Statutory Multi-Start)",f5dae21f976d1cedb83d2c8bb91b46511776d70858fde33755b6f181314a07b2,STATUTORY_TRADING_MASTER
KATL,Min,lead66h,Spring,data/models/KATL_Spring_Min_lead66h.pkl,ACTIVE_PRODUCTION_MODEL,2000-2018,"scripts/retrain_p4_active10_matrix.py (spec a3cb9954...4fb3, Statutory Multi-Start)",0c5b06ba5bc9360d38c3271c8bc507517b2df9221f2c4574723223a78bf43b52,AUXILIARY_POOLED_FALLBACK
KATL,Min,lead72h,Spring,data/models/KATL_Spring_Min_lead72h.pkl,ACTIVE_PRODUCTION_MODEL,2000-2018,"scripts/retrain_p4_active10_matrix.py (spec a3cb9954...4fb3, Statutory Multi-Start)",7396bfbf44164a09c54b3159cd54162d312e13ac35f9d3c7bcc6ecbf8a25c951,AUXILIARY_POOLED_FALLBACK
KATL,Max,lead6h,Summer,data/models/KATL_Summer_Max_lead6h.pkl,ACTIVE_PRODUCTION_MODEL,2000-2018,"scripts/retrain_p4_active10_matrix.py (spec a3cb9954...4fb3, Statutory Multi-Start)",6a6bb0cf11387c07423c974fc0d00dad6a8bf6c8027bb171a0d7d0ca40794c56,POOLED-FALLBACK
KATL,Max,lead12h,Summer,data/models/KATL_Summer_Max_lead12h.pkl,ACTIVE_PRODUCTION_MODEL,2000-2018,"scripts/retrain_p4_active10_matrix.py (spec a3cb9954...4fb3, Statutory Multi-Start)",8ced5dc6e9ed0fcb71a8a1fa514feee7967f0d9778c3c193bf7ef46fae9cf311,STATUTORY_TRADING_MASTER
KATL,Max,lead18h,Summer,data/models/KATL_Summer_Max_lead18h.pkl,ACTIVE_PRODUCTION_MODEL,2000-2018,"scripts/retrain_p4_active10_matrix.py (spec a3cb9954...4fb3, Statutory Multi-Start)",ee259a006ef9f122666b87ceb72a12a7180cc57beefe2d7087fd5f21151de1f9,STATUTORY_TRADING_MASTER
KATL,Max,lead24h,Summer,data/models/KATL_Summer_Max_lead24h.pkl,ACTIVE_PRODUCTION_MODEL,2000-2018,"scripts/retrain_p4_active10_matrix.py (spec a3cb9954...4fb3, Statutory Multi-Start)",5e2a8b7b8eb52dd4b196d84e1860157c1f54123adc4150cf43b03c832f5cb8e5,STATUTORY_TRADING_MASTER
KATL,Max,lead30h,Summer,data/models/KATL_Summer_Max_lead30h.pkl,ACTIVE_PRODUCTION_MODEL,2000-2018,"scripts/retrain_p4_active10_matrix.py (spec a3cb9954...4fb3, Statutory Multi-Start)",bd169a8503f6b8c2ab1027c20e5151f934020d1929662d63a6f98128db7923b0,STATUTORY_TRADING_MASTER
KATL,Max,lead36h,Summer,data/models/KATL_Summer_Max_lead36h.pkl,ACTIVE_PRODUCTION_MODEL,2000-2018,"scripts/retrain_p4_active10_matrix.py (spec a3cb9954...4fb3, Statutory Multi-Start)",7ade982cb60c613160afc5d82980ea4bad93df579180fe2a1f46e67a3fe8014e,STATUTORY_TRADING_MASTER
KATL,Max,lead42h,Summer,data/models/KATL_Summer_Max_lead42h.pkl,ACTIVE_PRODUCTION_MODEL,2000-2018,"scripts/retrain_p4_active10_matrix.py (spec a3cb9954...4fb3, Statutory Multi-Start)",54fc1554bada821ea5463e0c7b6009a89b710f511cb2a20650eb113bd80b3bc0,STATUTORY_TRADING_MASTER
KATL,Max,lead48h,Summer,data/models/KATL_Summer_Max_lead48h.pkl,ACTIVE_PRODUCTION_MODEL,2000-2018,"scripts/retrain_p4_active10_matrix.py (spec a3cb9954...4fb3, Statutory Multi-Start)",15f3c4883e87f13c9f721e8233798302275006d4378dcbe8a1dcd4ecaf1b4c6d,STATUTORY_TRADING_MASTER
KATL,Max,lead54h,Summer,data/models/KATL_Summer_Max_lead54h.pkl,ACTIVE_PRODUCTION_MODEL,2000-2018,"scripts/retrain_p4_active10_matrix.py (spec a3cb9954...4fb3, Statutory Multi-Start)",ddad6bbf6543ddaaa03f949d71daea0c200b17b5738bd95d1e188b1692cc8398,STATUTORY_TRADING_MASTER
KATL,Max,lead60h,Summer,data/models/KATL_Summer_Max_lead60h.pkl,ACTIVE_PRODUCTION_MODEL,2000-2018,"scripts/retrain_p4_active10_matrix.py (spec a3cb9954...4fb3, Statutory Multi-Start)",64dac5d75b386e29b57d0a89f58d7652a90ad9c25c17c91db57f2a5dea12a349,AUXILIARY_POOLED_FALLBACK
KATL,Max,lead66h,Summer,data/models/KATL_Summer_Max_lead66h.pkl,ACTIVE_PRODUCTION_MODEL,2000-2018,"scripts/retrain_p4_active10_matrix.py (spec a3cb9954...4fb3, Statutory Multi-Start)",cbf4fc09fb8a18030f64d0654a61f595e7e196a5d5b22f1c05d69327bc11b7e3,STATUTORY_TRADING_MASTER
KATL,Max,lead72h,Summer,data/models/KATL_Summer_Max_lead72h.pkl,ACTIVE_PRODUCTION_MODEL,2000-2018,"scripts/retrain_p4_active10_matrix.py (spec a3cb9954...4fb3, Statutory Multi-Start)",28cc5e88b9e9cf293989008f8f665f209f44fc229119d579befbf730ad7e14e4,AUXILIARY_POOLED_FALLBACK
KATL,Min,lead6h,Summer,data/models/KATL_Summer_Min_lead6h.pkl,ACTIVE_PRODUCTION_MODEL,2000-2018,"scripts/retrain_p4_active10_matrix.py (spec a3cb9954...4fb3, Statutory Multi-Start)",5af5e81e5f3546d2800a085196ddea5253aac0b17ffc94d704eaafb885607b80,POOLED-FALLBACK
KATL,Min,lead12h,Summer,data/models/KATL_Summer_Min_lead12h.pkl,ACTIVE_PRODUCTION_MODEL,2000-2018,"scripts/retrain_p4_active10_matrix.py (spec a3cb9954...4fb3, Statutory Multi-Start)",46eefc408ed781db618886edac41c05211ce77a0204d6b482e0a5da7a2a3ef0f,STATUTORY_TRADING_MASTER
KATL,Min,lead18h,Summer,data/models/KATL_Summer_Min_lead18h.pkl,ACTIVE_PRODUCTION_MODEL,2000-2018,"scripts/retrain_p4_active10_matrix.py (spec a3cb9954...4fb3, Statutory Multi-Start)",0fc8e79e3bdd68f8eb251147c41c7ae8d2c18e9c4e82c3a08ee9f3fad3f2e55f,STATUTORY_TRADING_MASTER
KATL,Min,lead24h,Summer,data/models/KATL_Summer_Min_lead24h.pkl,ACTIVE_PRODUCTION_MODEL,2000-2018,"scripts/retrain_p4_active10_matrix.py (spec a3cb9954...4fb3, Statutory Multi-Start)",0d3ec17a1f18e7397179cfcfd060cdb9606016f9f06174ecdde6c34e3d220d25,STATUTORY_TRADING_MASTER
KATL,Min,lead30h,Summer,data/models/KATL_Summer_Min_lead30h.pkl,ACTIVE_PRODUCTION_MODEL,2000-2018,"scripts/retrain_p4_active10_matrix.py (spec a3cb9954...4fb3, Statutory Multi-Start)",87580515b3db999fca8878c9c2f8c0b2b359a5c3086b7224e70a800cbf131072,STATUTORY_TRADING_MASTER
KATL,Min,lead36h,Summer,data/models/KATL_Summer_Min_lead36h.pkl,ACTIVE_PRODUCTION_MODEL,2000-2018,"scripts/retrain_p4_active10_matrix.py (spec a3cb9954...4fb3, Statutory Multi-Start)",14d78caf44e43431cc083dc33438b09b64778bba7b5aca7734088f56d87158ed,STATUTORY_TRADING_MASTER
KATL,Min,lead42h,Summer,data/models/KATL_Summer_Min_lead42h.pkl,ACTIVE_PRODUCTION_MODEL,2000-2018,"scripts/retrain_p4_active10_matrix.py (spec a3cb9954...4fb3, Statutory Multi-Start)",a94a95cefac13afcf51fd8f297450577bb0751418d99a0b5092ee5b671a998f5,STATUTORY_TRADING_MASTER
KATL,Min,lead48h,Summer,data/models/KATL_Summer_Min_lead48h.pkl,ACTIVE_PRODUCTION_MODEL,2000-2018,"scripts/retrain_p4_active10_matrix.py (spec a3cb9954...4fb3, Statutory Multi-Start)",c7a37107b5503cc348ba0e93fd87f363452cdd1196b5dd3b32a0569b0d34f8ac,STATUTORY_TRADING_MASTER
KATL,Min,lead54h,Summer,data/models/KATL_Summer_Min_lead54h.pkl,ACTIVE_PRODUCTION_MODEL,2000-2018,"scripts/retrain_p4_active10_matrix.py (spec a3cb9954...4fb3, Statutory Multi-Start)",8eb59cddf6008283ca8970175b43b7b3a05514b3c31698dfc590fbf0dee314e5,STATUTORY_TRADING_MASTER
KATL,Min,lead60h,Summer,data/models/KATL_Summer_Min_lead60h.pkl,ACTIVE_PRODUCTION_MODEL,2000-2018,"scripts/retrain_p4_active10_matrix.py (spec a3cb9954...4fb3, Statutory Multi-Start)",c18240855e52647ed7b89d5ee0e98ee98cca351d6ea681da51f7f05ae3bcb9b1,STATUTORY_TRADING_MASTER
KATL,Min,lead66h,Summer,data/models/KATL_Summer_Min_lead66h.pkl,ACTIVE_PRODUCTION_MODEL,2000-2018,"scripts/retrain_p4_active10_matrix.py (spec a3cb9954...4fb3, Statutory Multi-Start)",9d72cc8aab56c29a23112a6bd689f2cd7b5af60a6105bf2fa73a33558d9c4a20,AUXILIARY_POOLED_FALLBACK
KATL,Min,lead72h,Summer,data/models/KATL_Summer_Min_lead72h.pkl,ACTIVE_PRODUCTION_MODEL,2000-2018,"scripts/retrain_p4_active10_matrix.py (spec a3cb9954...4fb3, Statutory Multi-Start)",cc9a6eb3ad3c0c76a227abfc45f20f33be72c02b8a29a1feedc9cce8c4caa174,AUXILIARY_POOLED_FALLBACK
KATL,Max,lead6h,Autumn,data/models/KATL_Autumn_Max_lead6h.pkl,ACTIVE_PRODUCTION_MODEL,2000-2018,"scripts/retrain_p4_active10_matrix.py (spec a3cb9954...4fb3, Statutory Multi-Start)",aff472ef5e942e60ed5766e7f556ab9c08327494f1c75701709dee1038b8d499,POOLED-FALLBACK
KATL,Max,lead12h,Autumn,data/models/KATL_Autumn_Max_lead12h.pkl,ACTIVE_PRODUCTION_MODEL,2000-2018,"scripts/retrain_p4_active10_matrix.py (spec a3cb9954...4fb3, Statutory Multi-Start)",9d903505ccc83fe78df822c4a5a4052b32558731efca30a6735a783be7f40811,STATUTORY_TRADING_MASTER
KATL,Max,lead18h,Autumn,data/models/KATL_Autumn_Max_lead18h.pkl,ACTIVE_PRODUCTION_MODEL,2000-2018,"scripts/retrain_p4_active10_matrix.py (spec a3cb9954...4fb3, Statutory Multi-Start)",f0f4fc962f7f555ff360d909347166a6f5229ddb1f634a1a47ec5e82bef36619,STATUTORY_TRADING_MASTER
KATL,Max,lead24h,Autumn,data/models/KATL_Autumn_Max_lead24h.pkl,ACTIVE_PRODUCTION_MODEL,2000-2018,"scripts/retrain_p4_active10_matrix.py (spec a3cb9954...4fb3, Statutory Multi-Start)",42e6edc0d170a4a35955ce687e2accf4585c083aec6afccd1bd18df6f16e8382,STATUTORY_TRADING_MASTER
KATL,Max,lead30h,Autumn,data/models/KATL_Autumn_Max_lead30h.pkl,ACTIVE_PRODUCTION_MODEL,2000-2018,"scripts/retrain_p4_active10_matrix.py (spec a3cb9954...4fb3, Statutory Multi-Start)",693aa8c204d3bef4546f29cbaf64953420ff0effce67dbe153072fc14449cc4c,STATUTORY_TRADING_MASTER
KATL,Max,lead36h,Autumn,data/models/KATL_Autumn_Max_lead36h.pkl,ACTIVE_PRODUCTION_MODEL,2000-2018,"scripts/retrain_p4_active10_matrix.py (spec a3cb9954...4fb3, Statutory Multi-Start)",bd842685331056a82b986ec130f5373652758fdade6d93917ab3209f96ba08b4,STATUTORY_TRADING_MASTER
KATL,Max,lead42h,Autumn,data/models/KATL_Autumn_Max_lead42h.pkl,ACTIVE_PRODUCTION_MODEL,2000-2018,"scripts/retrain_p4_active10_matrix.py (spec a3cb9954...4fb3, Statutory Multi-Start)",cdce4ee32c12362b6ded2c9aaf34ebb636dc61c7e207702221b571ce406bc489,STATUTORY_TRADING_MASTER
KATL,Max,lead48h,Autumn,data/models/KATL_Autumn_Max_lead48h.pkl,ACTIVE_PRODUCTION_MODEL,2000-2018,"scripts/retrain_p4_active10_matrix.py (spec a3cb9954...4fb3, Statutory Multi-Start)",f961cec60eb2031493de092869843d3a42f5909efa72babacb2e4917c96316cd,STATUTORY_TRADING_MASTER
KATL,Max,lead54h,Autumn,data/models/KATL_Autumn_Max_lead54h.pkl,ACTIVE_PRODUCTION_MODEL,2000-2018,"scripts/retrain_p4_active10_matrix.py (spec a3cb9954...4fb3, Statutory Multi-Start)",13844694e2e98c9ff11cf87d72d368cc80589de17b25c9d877046c214eaf0f75,STATUTORY_TRADING_MASTER
KATL,Max,lead60h,Autumn,data/models/KATL_Autumn_Max_lead60h.pkl,ACTIVE_PRODUCTION_MODEL,2000-2018,"scripts/retrain_p4_active10_matrix.py (spec a3cb9954...4fb3, Statutory Multi-Start)",aaedb44bb472b1f6809749fbb5e0064332f7631636f4b5a37cd2dc8dfc8b5d33,AUXILIARY_POOLED_FALLBACK
KATL,Max,lead66h,Autumn,data/models/KATL_Autumn_Max_lead66h.pkl,ACTIVE_PRODUCTION_MODEL,2000-2018,"scripts/retrain_p4_active10_matrix.py (spec a3cb9954...4fb3, Statutory Multi-Start)",a32f92723f0d4112c331209c5d53066ff7bb2c492465742aff82e40f17963922,STATUTORY_TRADING_MASTER
KATL,Max,lead72h,Autumn,data/models/KATL_Autumn_Max_lead72h.pkl,ACTIVE_PRODUCTION_MODEL,2000-2018,"scripts/retrain_p4_active10_matrix.py (spec a3cb9954...4fb3, Statutory Multi-Start)",f8f05c6f69b214cd4ec6da2f9d726b5f05e3c208f9870118c2d07d236141cbaf,AUXILIARY_POOLED_FALLBACK
KATL,Min,lead6h,Autumn,data/models/KATL_Autumn_Min_lead6h.pkl,ACTIVE_PRODUCTION_MODEL,2000-2018,"scripts/retrain_p4_active10_matrix.py (spec a3cb9954...4fb3, Statutory Multi-Start)",87c5b4873ea656cfc6b4fc29b39dfdbbfc25ab3052a0cc9cac98339aa678119e,POOLED-FALLBACK
KATL,Min,lead12h,Autumn,data/models/KATL_Autumn_Min_lead12h.pkl,ACTIVE_PRODUCTION_MODEL,2000-2018,"scripts/retrain_p4_active10_matrix.py (spec a3cb9954...4fb3, Statutory Multi-Start)",d25917da8c25d20fd835e3c41e1cd628a583a2d6a3c861aae64d150ec04d8372,STATUTORY_TRADING_MASTER
KATL,Min,lead18h,Autumn,data/models/KATL_Autumn_Min_lead18h.pkl,ACTIVE_PRODUCTION_MODEL,2000-2018,"scripts/retrain_p4_active10_matrix.py (spec a3cb9954...4fb3, Statutory Multi-Start)",7cc19019a2c282f0b1f724cfa764817256ffcbc6302995d0f7076472cea15498,STATUTORY_TRADING_MASTER
KATL,Min,lead24h,Autumn,data/models/KATL_Autumn_Min_lead24h.pkl,ACTIVE_PRODUCTION_MODEL,2000-2018,"scripts/retrain_p4_active10_matrix.py (spec a3cb9954...4fb3, Statutory Multi-Start)",6111fb4aebf5cea2430e9fbf16b993fdfede1d720bf7c02d42a33efd9eef7bbb,STATUTORY_TRADING_MASTER
KATL,Min,lead30h,Autumn,data/models/KATL_Autumn_Min_lead30h.pkl,ACTIVE_PRODUCTION_MODEL,2000-2018,"scripts/retrain_p4_active10_matrix.py (spec a3cb9954...4fb3, Statutory Multi-Start)",a1928fda96e21ed2f86674711225e427733914b9255b7fd8c17b40d3723724a2,STATUTORY_TRADING_MASTER
KATL,Min,lead36h,Autumn,data/models/KATL_Autumn_Min_lead36h.pkl,ACTIVE_PRODUCTION_MODEL,2000-2018,"scripts/retrain_p4_active10_matrix.py (spec a3cb9954...4fb3, Statutory Multi-Start)",cc4357788ee898c723251a836d016dd2e3f5d67d51e3822d727d6c8057708625,STATUTORY_TRADING_MASTER
KATL,Min,lead42h,Autumn,data/models/KATL_Autumn_Min_lead42h.pkl,ACTIVE_PRODUCTION_MODEL,2000-2018,"scripts/retrain_p4_active10_matrix.py (spec a3cb9954...4fb3, Statutory Multi-Start)",df965d163614f9d74ea4a5733ed206f71e8e85cc3ad6d46da786b06cce159773,STATUTORY_TRADING_MASTER
KATL,Min,lead48h,Autumn,data/models/KATL_Autumn_Min_lead48h.pkl,ACTIVE_PRODUCTION_MODEL,2000-2018,"scripts/retrain_p4_active10_matrix.py (spec a3cb9954...4fb3, Statutory Multi-Start)",15e0916f3d30fb1256607be0bffce616eabd14e52b15fafc2fe2494eb854ea77,STATUTORY_TRADING_MASTER
KATL,Min,lead54h,Autumn,data/models/KATL_Autumn_Min_lead54h.pkl,ACTIVE_PRODUCTION_MODEL,2000-2018,"scripts/retrain_p4_active10_matrix.py (spec a3cb9954...4fb3, Statutory Multi-Start)",3b2cd5a36b212744f28cde2de203b8447c784decd4da582b2a40e3aefb9e86ed,STATUTORY_TRADING_MASTER
KATL,Min,lead60h,Autumn,data/models/KATL_Autumn_Min_lead60h.pkl,ACTIVE_PRODUCTION_MODEL,2000-2018,"scripts/retrain_p4_active10_matrix.py (spec a3cb9954...4fb3, Statutory Multi-Start)",eedb321efe09d81e353eb890ee041df6a5293683735103b884c89b6fdee2f679,STATUTORY_TRADING_MASTER
KATL,Min,lead66h,Autumn,data/models/KATL_Autumn_Min_lead66h.pkl,ACTIVE_PRODUCTION_MODEL,2000-2018,"scripts/retrain_p4_active10_matrix.py (spec a3cb9954...4fb3, Statutory Multi-Start)",8a90234df939c8796306e462703fc56c8efeb5572959a4d8bd4c3bff12223329,AUXILIARY_POOLED_FALLBACK
KATL,Min,lead72h,Autumn,data/models/KATL_Autumn_Min_lead72h.pkl,ACTIVE_PRODUCTION_MODEL,2000-2018,"scripts/retrain_p4_active10_matrix.py (spec a3cb9954...4fb3, Statutory Multi-Start)",e036a231510d25430cceb2dc67ea5a1bec1a7ee4f8f3920194e5010ef1932381,AUXILIARY_POOLED_FALLBACK
KDAL,Max,lead6h,Winter,data/models/KDAL_Winter_Max_lead6h.pkl,ACTIVE_PRODUCTION_MODEL,2000-2018,"scripts/retrain_p4_active10_matrix.py (spec a3cb9954...4fb3, Statutory Multi-Start)",dca0485964e91ce079318fe8300dbbdd753373511ac342fed5502f16784699c5,POOLED-FALLBACK
KDAL,Max,lead12h,Winter,data/models/KDAL_Winter_Max_lead12h.pkl,ACTIVE_PRODUCTION_MODEL,2000-2018,"scripts/retrain_p4_active10_matrix.py (spec a3cb9954...4fb3, Statutory Multi-Start)",9a7dd4886f9f4fbb9b901997490e9fdddc1f1c799d0dd194f73e7e5e3d205603,STATUTORY_TRADING_MASTER
KDAL,Max,lead18h,Winter,data/models/KDAL_Winter_Max_lead18h.pkl,ACTIVE_PRODUCTION_MODEL,2000-2018,"scripts/retrain_p4_active10_matrix.py (spec a3cb9954...4fb3, Statutory Multi-Start)",670263475c62f023c6578183f19b27649847ce947608563d43f1a729cd88edea,STATUTORY_TRADING_MASTER
KDAL,Max,lead24h,Winter,data/models/KDAL_Winter_Max_lead24h.pkl,ACTIVE_PRODUCTION_MODEL,2000-2018,"scripts/retrain_p4_active10_matrix.py (spec a3cb9954...4fb3, Statutory Multi-Start)",4fe475df0ec4959ce9605b266650b082631996e906f7c5e9f52d9d117bbf5a97,STATUTORY_TRADING_MASTER
KDAL,Max,lead30h,Winter,data/models/KDAL_Winter_Max_lead30h.pkl,ACTIVE_PRODUCTION_MODEL,2000-2018,"scripts/retrain_p4_active10_matrix.py (spec a3cb9954...4fb3, Statutory Multi-Start)",47feba33920d9c6ef2fd8e8b4ae050989584be8b4a1089d5251d296aca888e2d,STATUTORY_TRADING_MASTER
KDAL,Max,lead36h,Winter,data/models/KDAL_Winter_Max_lead36h.pkl,ACTIVE_PRODUCTION_MODEL,2000-2018,"scripts/retrain_p4_active10_matrix.py (spec a3cb9954...4fb3, Statutory Multi-Start)",61d1691e13078b08a44806efd3b78353e51ee9f9daa3f37049082cb5a5d0cede,STATUTORY_TRADING_MASTER
KDAL,Max,lead42h,Winter,data/models/KDAL_Winter_Max_lead42h.pkl,ACTIVE_PRODUCTION_MODEL,2000-2018,"scripts/retrain_p4_active10_matrix.py (spec a3cb9954...4fb3, Statutory Multi-Start)",8a6272ef5f480646f1bdce9a96ac83a7803dc0d2aef9efa239c8444925a56715,STATUTORY_TRADING_MASTER
KDAL,Max,lead48h,Winter,data/models/KDAL_Winter_Max_lead48h.pkl,ACTIVE_PRODUCTION_MODEL,2000-2018,"scripts/retrain_p4_active10_matrix.py (spec a3cb9954...4fb3, Statutory Multi-Start)",6b9abe4764c9715c1e4511a74875c46541fb5016a3b2ef758c37e17992123f63,STATUTORY_TRADING_MASTER
KDAL,Max,lead54h,Winter,data/models/KDAL_Winter_Max_lead54h.pkl,ACTIVE_PRODUCTION_MODEL,2000-2018,"scripts/retrain_p4_active10_matrix.py (spec a3cb9954...4fb3, Statutory Multi-Start)",acfd01b81acf6056df5d8457a171ca749f6f52271fb1774da5b814ccf0d9d2f2,STATUTORY_TRADING_MASTER
KDAL,Max,lead60h,Winter,data/models/KDAL_Winter_Max_lead60h.pkl,ACTIVE_PRODUCTION_MODEL,2000-2018,"scripts/retrain_p4_active10_matrix.py (spec a3cb9954...4fb3, Statutory Multi-Start)",05f249103a2c226477dcb538ec1b083b69ae843191099453e836e0f10b600883,AUXILIARY_POOLED_FALLBACK
KDAL,Max,lead66h,Winter,data/models/KDAL_Winter_Max_lead66h.pkl,ACTIVE_PRODUCTION_MODEL,2000-2018,"scripts/retrain_p4_active10_matrix.py (spec a3cb9954...4fb3, Statutory Multi-Start)",c9c01d0c1a06264d773cf1559e29b6b833db76a1a9933aca281c427a3f4a3e14,AUXILIARY_POOLED_FALLBACK
KDAL,Max,lead72h,Winter,data/models/KDAL_Winter_Max_lead72h.pkl,ACTIVE_PRODUCTION_MODEL,2000-2018,"scripts/retrain_p4_active10_matrix.py (spec a3cb9954...4fb3, Statutory Multi-Start)",b95737ff34d898a3f63ba98489199264f45d4416fdffe6c9389778ea6dd2121f,STATUTORY_TRADING_MASTER
KDAL,Min,lead6h,Winter,data/models/KDAL_Winter_Min_lead6h.pkl,ACTIVE_PRODUCTION_MODEL,2000-2018,"scripts/retrain_p4_active10_matrix.py (spec a3cb9954...4fb3, Statutory Multi-Start)",4c4fdc968fca8a21a613886fbafa7f47f0cdc08382d526d8e97899f59c30a13e,POOLED-FALLBACK
KDAL,Min,lead12h,Winter,data/models/KDAL_Winter_Min_lead12h.pkl,ACTIVE_PRODUCTION_MODEL,2000-2018,"scripts/retrain_p4_active10_matrix.py (spec a3cb9954...4fb3, Statutory Multi-Start)",78a48caffca65f96b9ad22e85bcebc1c78496dc8ef6130e0f45af3a17f79ebb2,STATUTORY_TRADING_MASTER
KDAL,Min,lead18h,Winter,data/models/KDAL_Winter_Min_lead18h.pkl,ACTIVE_PRODUCTION_MODEL,2000-2018,"scripts/retrain_p4_active10_matrix.py (spec a3cb9954...4fb3, Statutory Multi-Start)",4a6f6d97ed6dd315949ebe971cc4666f2aeb195cafd58f3a57911c98b595eead,STATUTORY_TRADING_MASTER
KDAL,Min,lead24h,Winter,data/models/KDAL_Winter_Min_lead24h.pkl,ACTIVE_PRODUCTION_MODEL,2000-2018,"scripts/retrain_p4_active10_matrix.py (spec a3cb9954...4fb3, Statutory Multi-Start)",e594822ecd7ecf59841c5d8e08d8d97619c8c6cfff0837cc9848e471f3b6c9bf,STATUTORY_TRADING_MASTER
KDAL,Min,lead30h,Winter,data/models/KDAL_Winter_Min_lead30h.pkl,ACTIVE_PRODUCTION_MODEL,2000-2018,"scripts/retrain_p4_active10_matrix.py (spec a3cb9954...4fb3, Statutory Multi-Start)",b070cdce25ce46dc1c939c16ac23758b52cb249422eac812e6b8a8f5ef86cfdc,STATUTORY_TRADING_MASTER
KDAL,Min,lead36h,Winter,data/models/KDAL_Winter_Min_lead36h.pkl,ACTIVE_PRODUCTION_MODEL,2000-2018,"scripts/retrain_p4_active10_matrix.py (spec a3cb9954...4fb3, Statutory Multi-Start)",94695dd6cc7f84792468f1f7d02abc514fdd088b5357586d364c862881d448a4,STATUTORY_TRADING_MASTER
KDAL,Min,lead42h,Winter,data/models/KDAL_Winter_Min_lead42h.pkl,ACTIVE_PRODUCTION_MODEL,2000-2018,"scripts/retrain_p4_active10_matrix.py (spec a3cb9954...4fb3, Statutory Multi-Start)",cd3bcdfa91a5153e444a5032b6d823c4c375a15d73bbbfa91b0892002153fb3c,STATUTORY_TRADING_MASTER
KDAL,Min,lead48h,Winter,data/models/KDAL_Winter_Min_lead48h.pkl,ACTIVE_PRODUCTION_MODEL,2000-2018,"scripts/retrain_p4_active10_matrix.py (spec a3cb9954...4fb3, Statutory Multi-Start)",aab1d72538db35dd0c0e95c731be7e573fbaf60ff9c2f6693cbfe3071ca2f068,STATUTORY_TRADING_MASTER
KDAL,Min,lead54h,Winter,data/models/KDAL_Winter_Min_lead54h.pkl,ACTIVE_PRODUCTION_MODEL,2000-2018,"scripts/retrain_p4_active10_matrix.py (spec a3cb9954...4fb3, Statutory Multi-Start)",852878f810e70d2c7912abbb6c65ca50040ad370dd3dba6bfcfefe712cd08bdd,STATUTORY_TRADING_MASTER
KDAL,Min,lead60h,Winter,data/models/KDAL_Winter_Min_lead60h.pkl,ACTIVE_PRODUCTION_MODEL,2000-2018,"scripts/retrain_p4_active10_matrix.py (spec a3cb9954...4fb3, Statutory Multi-Start)",70a5d09a739fcea73164bdd22c869131870de292991d4115a4b8425ce1f7db95,STATUTORY_TRADING_MASTER
KDAL,Min,lead66h,Winter,data/models/KDAL_Winter_Min_lead66h.pkl,ACTIVE_PRODUCTION_MODEL,2000-2018,"scripts/retrain_p4_active10_matrix.py (spec a3cb9954...4fb3, Statutory Multi-Start)",1c57586cb0de91aba5bc723c7702e320c6a5bf64b84edc0f1c84a0e8d690d566,AUXILIARY_POOLED_FALLBACK
KDAL,Min,lead72h,Winter,data/models/KDAL_Winter_Min_lead72h.pkl,ACTIVE_PRODUCTION_MODEL,2000-2018,"scripts/retrain_p4_active10_matrix.py (spec a3cb9954...4fb3, Statutory Multi-Start)",92a6afebd3056a36b3ea0c67733db058ee4c7c5700d582e9c4b46d829dc484da,AUXILIARY_POOLED_FALLBACK
KDAL,Max,lead6h,Spring,data/models/KDAL_Spring_Max_lead6h.pkl,ACTIVE_PRODUCTION_MODEL,2000-2018,"scripts/retrain_p4_active10_matrix.py (spec a3cb9954...4fb3, Statutory Multi-Start)",80e043d24116ef03b5a39f3b0ee5669212e5193f808a99abc5b302ba7a9907de,POOLED-FALLBACK
KDAL,Max,lead12h,Spring,data/models/KDAL_Spring_Max_lead12h.pkl,ACTIVE_PRODUCTION_MODEL,2000-2018,"scripts/retrain_p4_active10_matrix.py (spec a3cb9954...4fb3, Statutory Multi-Start)",79efc83be599abe7e6fbafb50a8e1246a1a949b7bbc33600fc65097ef293eb40,STATUTORY_TRADING_MASTER
KDAL,Max,lead18h,Spring,data/models/KDAL_Spring_Max_lead18h.pkl,ACTIVE_PRODUCTION_MODEL,2000-2018,"scripts/retrain_p4_active10_matrix.py (spec a3cb9954...4fb3, Statutory Multi-Start)",3f9ac6395d662aa909c56cffbddb93b5d5d2d1029c6cc8d869dc157203c3af9a,STATUTORY_TRADING_MASTER
KDAL,Max,lead24h,Spring,data/models/KDAL_Spring_Max_lead24h.pkl,ACTIVE_PRODUCTION_MODEL,2000-2018,"scripts/retrain_p4_active10_matrix.py (spec a3cb9954...4fb3, Statutory Multi-Start)",21d6863cc7e2af53336468f75ecb0d43aa83851c24d5b1e9248f037d18af73eb,STATUTORY_TRADING_MASTER
KDAL,Max,lead30h,Spring,data/models/KDAL_Spring_Max_lead30h.pkl,ACTIVE_PRODUCTION_MODEL,2000-2018,"scripts/retrain_p4_active10_matrix.py (spec a3cb9954...4fb3, Statutory Multi-Start)",b31edb31111df77f551c801d226209bae5b556ae15c4aa7a81944bbdde267dad,STATUTORY_TRADING_MASTER
KDAL,Max,lead36h,Spring,data/models/KDAL_Spring_Max_lead36h.pkl,ACTIVE_PRODUCTION_MODEL,2000-2018,"scripts/retrain_p4_active10_matrix.py (spec a3cb9954...4fb3, Statutory Multi-Start)",d7e5767c3642fb67b0a322917e52c0e50ca92ebaa7bc2c8b144fae009b083da6,STATUTORY_TRADING_MASTER
KDAL,Max,lead42h,Spring,data/models/KDAL_Spring_Max_lead42h.pkl,ACTIVE_PRODUCTION_MODEL,2000-2018,"scripts/retrain_p4_active10_matrix.py (spec a3cb9954...4fb3, Statutory Multi-Start)",e8f6225cc75ed4a84ce158bb26a68da42dfb4d3c7692e3318f629559fc2377a1,STATUTORY_TRADING_MASTER
KDAL,Max,lead48h,Spring,data/models/KDAL_Spring_Max_lead48h.pkl,ACTIVE_PRODUCTION_MODEL,2000-2018,"scripts/retrain_p4_active10_matrix.py (spec a3cb9954...4fb3, Statutory Multi-Start)",786c99d3e499eb8f35da4949818db8156d1aa136572bfa593218ee4efa28d1d2,STATUTORY_TRADING_MASTER
KDAL,Max,lead54h,Spring,data/models/KDAL_Spring_Max_lead54h.pkl,ACTIVE_PRODUCTION_MODEL,2000-2018,"scripts/retrain_p4_active10_matrix.py (spec a3cb9954...4fb3, Statutory Multi-Start)",034caef322517ddf390fbf08af1ca35453d589789d316ddb56e8ffe9f72b8a2c,STATUTORY_TRADING_MASTER
KDAL,Max,lead60h,Spring,data/models/KDAL_Spring_Max_lead60h.pkl,ACTIVE_PRODUCTION_MODEL,2000-2018,"scripts/retrain_p4_active10_matrix.py (spec a3cb9954...4fb3, Statutory Multi-Start)",5a8e66d22369f7d2e29345e597c9c2974c06c741ba410080d2fa40409f64f73f,AUXILIARY_POOLED_FALLBACK
KDAL,Max,lead66h,Spring,data/models/KDAL_Spring_Max_lead66h.pkl,ACTIVE_PRODUCTION_MODEL,2000-2018,"scripts/retrain_p4_active10_matrix.py (spec a3cb9954...4fb3, Statutory Multi-Start)",f66505dec0c58946788a7ac8a55d08511de3a5901bd88b30c08d09026161e2cc,STATUTORY_TRADING_MASTER
KDAL,Max,lead72h,Spring,data/models/KDAL_Spring_Max_lead72h.pkl,ACTIVE_PRODUCTION_MODEL,2000-2018,"scripts/retrain_p4_active10_matrix.py (spec a3cb9954...4fb3, Statutory Multi-Start)",a93815001e21fe2f8e1370973b6d3fd2ee73219f2ca37121677c86fb4269b422,AUXILIARY_POOLED_FALLBACK
KDAL,Min,lead6h,Spring,data/models/KDAL_Spring_Min_lead6h.pkl,ACTIVE_PRODUCTION_MODEL,2000-2018,"scripts/retrain_p4_active10_matrix.py (spec a3cb9954...4fb3, Statutory Multi-Start)",91f9d2721e6429bb77735c493d9214c2e6adf3d196feae487010ccea978aa1cf,POOLED-FALLBACK
KDAL,Min,lead12h,Spring,data/models/KDAL_Spring_Min_lead12h.pkl,ACTIVE_PRODUCTION_MODEL,2000-2018,"scripts/retrain_p4_active10_matrix.py (spec a3cb9954...4fb3, Statutory Multi-Start)",d6bbc0a99f7f63244fc12ed659153bcedde634df657f16d5369c0db76072b4f0,STATUTORY_TRADING_MASTER
KDAL,Min,lead18h,Spring,data/models/KDAL_Spring_Min_lead18h.pkl,ACTIVE_PRODUCTION_MODEL,2000-2018,"scripts/retrain_p4_active10_matrix.py (spec a3cb9954...4fb3, Statutory Multi-Start)",52302064737f6e407cd860fd214e7c135a1d22b2f2c4a089f2d6ca54ed8ee9ff,STATUTORY_TRADING_MASTER
KDAL,Min,lead24h,Spring,data/models/KDAL_Spring_Min_lead24h.pkl,ACTIVE_PRODUCTION_MODEL,2000-2018,"scripts/retrain_p4_active10_matrix.py (spec a3cb9954...4fb3, Statutory Multi-Start)",fcaf36e778f7748dad28a3a40dbcefad9eb8debd149cb25662a53db555a4cb0e,STATUTORY_TRADING_MASTER
KDAL,Min,lead30h,Spring,data/models/KDAL_Spring_Min_lead30h.pkl,ACTIVE_PRODUCTION_MODEL,2000-2018,"scripts/retrain_p4_active10_matrix.py (spec a3cb9954...4fb3, Statutory Multi-Start)",827f9abb96bfa488e2164f4d474ddd3c42d4c73c9618ba52b6984b0f3f2ed3aa,STATUTORY_TRADING_MASTER
KDAL,Min,lead36h,Spring,data/models/KDAL_Spring_Min_lead36h.pkl,ACTIVE_PRODUCTION_MODEL,2000-2018,"scripts/retrain_p4_active10_matrix.py (spec a3cb9954...4fb3, Statutory Multi-Start)",a3d76843f6f004013d1edb03ddf694c8a989d1793412f3f19c73a9a22e9f3880,STATUTORY_TRADING_MASTER
KDAL,Min,lead42h,Spring,data/models/KDAL_Spring_Min_lead42h.pkl,ACTIVE_PRODUCTION_MODEL,2000-2018,"scripts/retrain_p4_active10_matrix.py (spec a3cb9954...4fb3, Statutory Multi-Start)",01149cdb9a73c2ec45a03082f0f4754e4874271beb5fc4acab934c029834bf67,STATUTORY_TRADING_MASTER
KDAL,Min,lead48h,Spring,data/models/KDAL_Spring_Min_lead48h.pkl,ACTIVE_PRODUCTION_MODEL,2000-2018,"scripts/retrain_p4_active10_matrix.py (spec a3cb9954...4fb3, Statutory Multi-Start)",aa626beabc990afe712e949a367b1ab4f5edcea35e2e79c78cad4ca4c1e4f30e,STATUTORY_TRADING_MASTER
KDAL,Min,lead54h,Spring,data/models/KDAL_Spring_Min_lead54h.pkl,ACTIVE_PRODUCTION_MODEL,2000-2018,"scripts/retrain_p4_active10_matrix.py (spec a3cb9954...4fb3, Statutory Multi-Start)",c215b804c0acc54805ea4e26620e5a597a0539194dc351d284c7d9b9cc551e65,STATUTORY_TRADING_MASTER
KDAL,Min,lead60h,Spring,data/models/KDAL_Spring_Min_lead60h.pkl,ACTIVE_PRODUCTION_MODEL,2000-2018,"scripts/retrain_p4_active10_matrix.py (spec a3cb9954...4fb3, Statutory Multi-Start)",b7528dec45a0e7673d0cfac51231ef5793b4edec574c7472232b93b44ee24c6f,STATUTORY_TRADING_MASTER
KDAL,Min,lead66h,Spring,data/models/KDAL_Spring_Min_lead66h.pkl,ACTIVE_PRODUCTION_MODEL,2000-2018,"scripts/retrain_p4_active10_matrix.py (spec a3cb9954...4fb3, Statutory Multi-Start)",01da315174ddd52e4625bd4d25b70db5e74dc71c24aa7d62a6991585f7f5426c,AUXILIARY_POOLED_FALLBACK
KDAL,Min,lead72h,Spring,data/models/KDAL_Spring_Min_lead72h.pkl,ACTIVE_PRODUCTION_MODEL,2000-2018,"scripts/retrain_p4_active10_matrix.py (spec a3cb9954...4fb3, Statutory Multi-Start)",e30e03a664c587c9994df1ede14d8d00445d908408dc678d3a2893224b5abf35,AUXILIARY_POOLED_FALLBACK
KDAL,Max,lead6h,Summer,data/models/KDAL_Summer_Max_lead6h.pkl,ACTIVE_PRODUCTION_MODEL,2000-2018,"scripts/retrain_p4_active10_matrix.py (spec a3cb9954...4fb3, Statutory Multi-Start)",fc0b04105fd9917c68a8d6988e567eda548855865cd128d536ec7655c30d42a6,POOLED-FALLBACK
KDAL,Max,lead12h,Summer,data/models/KDAL_Summer_Max_lead12h.pkl,ACTIVE_PRODUCTION_MODEL,2000-2018,"scripts/retrain_p4_active10_matrix.py (spec a3cb9954...4fb3, Statutory Multi-Start)",9e2009c37f5c3fb42b78720fad395d9ae300935dda3590ba6352555fbe0ded24,STATUTORY_TRADING_MASTER
KDAL,Max,lead18h,Summer,data/models/KDAL_Summer_Max_lead18h.pkl,ACTIVE_PRODUCTION_MODEL,2000-2018,"scripts/retrain_p4_active10_matrix.py (spec a3cb9954...4fb3, Statutory Multi-Start)",18d8bca58856827e7a2390b3546f8c7677e8a604714acca734b40e2f544ef56c,STATUTORY_TRADING_MASTER
KDAL,Max,lead24h,Summer,data/models/KDAL_Summer_Max_lead24h.pkl,ACTIVE_PRODUCTION_MODEL,2000-2018,"scripts/retrain_p4_active10_matrix.py (spec a3cb9954...4fb3, Statutory Multi-Start)",ccca7d2635ca6b6a8af94b972040ca2ef850e64742c1ac88fb47acd5d3586ca2,STATUTORY_TRADING_MASTER
KDAL,Max,lead30h,Summer,data/models/KDAL_Summer_Max_lead30h.pkl,ACTIVE_PRODUCTION_MODEL,2000-2018,"scripts/retrain_p4_active10_matrix.py (spec a3cb9954...4fb3, Statutory Multi-Start)",be129c5c50de10903b56c9e382fb2a57d3b3d3992a27b818e98c2ffa7cc40e19,STATUTORY_TRADING_MASTER
KDAL,Max,lead36h,Summer,data/models/KDAL_Summer_Max_lead36h.pkl,ACTIVE_PRODUCTION_MODEL,2000-2018,"scripts/retrain_p4_active10_matrix.py (spec a3cb9954...4fb3, Statutory Multi-Start)",22bfa22a7e32a59aa2506549b398530445eea727b0855d75cfa32a0bb2be58f6,STATUTORY_TRADING_MASTER
KDAL,Max,lead42h,Summer,data/models/KDAL_Summer_Max_lead42h.pkl,ACTIVE_PRODUCTION_MODEL,2000-2018,"scripts/retrain_p4_active10_matrix.py (spec a3cb9954...4fb3, Statutory Multi-Start)",c7fb7b0aca481cd4cbfb0461bd8a0201fb80600edab6be000ec03ed4d9f7bffc,STATUTORY_TRADING_MASTER
KDAL,Max,lead48h,Summer,data/models/KDAL_Summer_Max_lead48h.pkl,ACTIVE_PRODUCTION_MODEL,2000-2018,"scripts/retrain_p4_active10_matrix.py (spec a3cb9954...4fb3, Statutory Multi-Start)",ca2b1efe6f5f77a8273de0226da686d933faf30155e420e2886e055134b5b9ab,STATUTORY_TRADING_MASTER
KDAL,Max,lead54h,Summer,data/models/KDAL_Summer_Max_lead54h.pkl,ACTIVE_PRODUCTION_MODEL,2000-2018,"scripts/retrain_p4_active10_matrix.py (spec a3cb9954...4fb3, Statutory Multi-Start)",41e359ac91eefc0d2dfb3e0d298b32a102634afd613a38e66b48b5a72402b81d,STATUTORY_TRADING_MASTER
KDAL,Max,lead60h,Summer,data/models/KDAL_Summer_Max_lead60h.pkl,ACTIVE_PRODUCTION_MODEL,2000-2018,"scripts/retrain_p4_active10_matrix.py (spec a3cb9954...4fb3, Statutory Multi-Start)",b52463cb83a757a77ff5bbb387e12760f70496e5dcdd0b4682621014b1f3cb71,AUXILIARY_POOLED_FALLBACK
KDAL,Max,lead66h,Summer,data/models/KDAL_Summer_Max_lead66h.pkl,ACTIVE_PRODUCTION_MODEL,2000-2018,"scripts/retrain_p4_active10_matrix.py (spec a3cb9954...4fb3, Statutory Multi-Start)",a5d14d41c0f38c9070e78f85879ee21596347b9f7bf7f27cc5668dc229785e1f,STATUTORY_TRADING_MASTER
KDAL,Max,lead72h,Summer,data/models/KDAL_Summer_Max_lead72h.pkl,ACTIVE_PRODUCTION_MODEL,2000-2018,"scripts/retrain_p4_active10_matrix.py (spec a3cb9954...4fb3, Statutory Multi-Start)",4c9117c1ee64d24cd33127fc6b908e80494d267ee1034fff57108c8f86d0cccb,AUXILIARY_POOLED_FALLBACK
KDAL,Min,lead6h,Summer,data/models/KDAL_Summer_Min_lead6h.pkl,ACTIVE_PRODUCTION_MODEL,2000-2018,"scripts/retrain_p4_active10_matrix.py (spec a3cb9954...4fb3, Statutory Multi-Start)",6c6511345d96f781e1b4e01e0751980d07bee5c43ef9f8342becc9ba86198a3d,POOLED-FALLBACK
KDAL,Min,lead12h,Summer,data/models/KDAL_Summer_Min_lead12h.pkl,ACTIVE_PRODUCTION_MODEL,2000-2018,"scripts/retrain_p4_active10_matrix.py (spec a3cb9954...4fb3, Statutory Multi-Start)",cb1b951e6fd658db1721053f3e67f01741b2abad3985110b8cd090b0f344cc26,STATUTORY_TRADING_MASTER
KDAL,Min,lead18h,Summer,data/models/KDAL_Summer_Min_lead18h.pkl,ACTIVE_PRODUCTION_MODEL,2000-2018,"scripts/retrain_p4_active10_matrix.py (spec a3cb9954...4fb3, Statutory Multi-Start)",fb280b4b5853cb320aac07beb27c5070a3881ebff2001d4e17e9e52f80dd03c2,STATUTORY_TRADING_MASTER
KDAL,Min,lead24h,Summer,data/models/KDAL_Summer_Min_lead24h.pkl,ACTIVE_PRODUCTION_MODEL,2000-2018,"scripts/retrain_p4_active10_matrix.py (spec a3cb9954...4fb3, Statutory Multi-Start)",9d031e22166c2809688b1e7643dc5c7295112e8474afde887145b9ffe1053d85,STATUTORY_TRADING_MASTER
KDAL,Min,lead30h,Summer,data/models/KDAL_Summer_Min_lead30h.pkl,ACTIVE_PRODUCTION_MODEL,2000-2018,"scripts/retrain_p4_active10_matrix.py (spec a3cb9954...4fb3, Statutory Multi-Start)",4c5b444e4979e25186e9a9b237d7d9ae76f870fa2c2a4c3c6aaf1fe6f9959749,STATUTORY_TRADING_MASTER
KDAL,Min,lead36h,Summer,data/models/KDAL_Summer_Min_lead36h.pkl,ACTIVE_PRODUCTION_MODEL,2000-2018,"scripts/retrain_p4_active10_matrix.py (spec a3cb9954...4fb3, Statutory Multi-Start)",72fcf7f57cf5a1b56ee843f3a103b1050a8269b263b0c4f0133d4b2a5a8d0fde,STATUTORY_TRADING_MASTER
KDAL,Min,lead42h,Summer,data/models/KDAL_Summer_Min_lead42h.pkl,ACTIVE_PRODUCTION_MODEL,2000-2018,"scripts/retrain_p4_active10_matrix.py (spec a3cb9954...4fb3, Statutory Multi-Start)",80150566d2c86744a8fe69bb4b38022f028483d090a93e4093a042bea6520ac3,STATUTORY_TRADING_MASTER
KDAL,Min,lead48h,Summer,data/models/KDAL_Summer_Min_lead48h.pkl,ACTIVE_PRODUCTION_MODEL,2000-2018,"scripts/retrain_p4_active10_matrix.py (spec a3cb9954...4fb3, Statutory Multi-Start)",95ea593029165c646bcc78d650332a0e3758a6136a35648c8e250668f1a76fef,STATUTORY_TRADING_MASTER
KDAL,Min,lead54h,Summer,data/models/KDAL_Summer_Min_lead54h.pkl,ACTIVE_PRODUCTION_MODEL,2000-2018,"scripts/retrain_p4_active10_matrix.py (spec a3cb9954...4fb3, Statutory Multi-Start)",c86c2b8f9777c690940abc08a698dd2876d9697d2972f5427593329059cd1540,STATUTORY_TRADING_MASTER
KDAL,Min,lead60h,Summer,data/models/KDAL_Summer_Min_lead60h.pkl,ACTIVE_PRODUCTION_MODEL,2000-2018,"scripts/retrain_p4_active10_matrix.py (spec a3cb9954...4fb3, Statutory Multi-Start)",9df9ea872f8bfefd8bd7e2a2a04dd01f123e35bf82f586bc23959304e2fb9bcb,STATUTORY_TRADING_MASTER
KDAL,Min,lead66h,Summer,data/models/KDAL_Summer_Min_lead66h.pkl,ACTIVE_PRODUCTION_MODEL,2000-2018,"scripts/retrain_p4_active10_matrix.py (spec a3cb9954...4fb3, Statutory Multi-Start)",0a9559da390292e9c3e363b3529e06e765f9cecd6be557016dd4b1f113addfaf,AUXILIARY_POOLED_FALLBACK
KDAL,Min,lead72h,Summer,data/models/KDAL_Summer_Min_lead72h.pkl,ACTIVE_PRODUCTION_MODEL,2000-2018,"scripts/retrain_p4_active10_matrix.py (spec a3cb9954...4fb3, Statutory Multi-Start)",da0f0ff321360774af64758d07a0b4f3f2d27cc692aaa2d82b350cba536cef40,AUXILIARY_POOLED_FALLBACK
KDAL,Max,lead6h,Autumn,data/models/KDAL_Autumn_Max_lead6h.pkl,ACTIVE_PRODUCTION_MODEL,2000-2018,"scripts/retrain_p4_active10_matrix.py (spec a3cb9954...4fb3, Statutory Multi-Start)",23587d733649b9a92ae97553c2de01ac0d851c84e1d185db935d1566f3570a09,POOLED-FALLBACK
KDAL,Max,lead12h,Autumn,data/models/KDAL_Autumn_Max_lead12h.pkl,ACTIVE_PRODUCTION_MODEL,2000-2018,"scripts/retrain_p4_active10_matrix.py (spec a3cb9954...4fb3, Statutory Multi-Start)",61be33540f6698c339791d165fc9876ae35eabd2383dc1c2ca70feb830c4c86f,STATUTORY_TRADING_MASTER
KDAL,Max,lead18h,Autumn,data/models/KDAL_Autumn_Max_lead18h.pkl,ACTIVE_PRODUCTION_MODEL,2000-2018,"scripts/retrain_p4_active10_matrix.py (spec a3cb9954...4fb3, Statutory Multi-Start)",f811ead83f7fd74d8133a1dabb1d82626118a3d0207e85a4a89f350c6028da11,STATUTORY_TRADING_MASTER
KDAL,Max,lead24h,Autumn,data/models/KDAL_Autumn_Max_lead24h.pkl,ACTIVE_PRODUCTION_MODEL,2000-2018,"scripts/retrain_p4_active10_matrix.py (spec a3cb9954...4fb3, Statutory Multi-Start)",38ba5d65e70a914c44847fa4e2937bd64d5d3279ce2a30b05bbdcca5086f3a8c,STATUTORY_TRADING_MASTER
KDAL,Max,lead30h,Autumn,data/models/KDAL_Autumn_Max_lead30h.pkl,ACTIVE_PRODUCTION_MODEL,2000-2018,"scripts/retrain_p4_active10_matrix.py (spec a3cb9954...4fb3, Statutory Multi-Start)",f73d67c84086a9156550d39e88f8de20fa6d9565d8cbc5521fd0716d3e0168ec,STATUTORY_TRADING_MASTER
KDAL,Max,lead36h,Autumn,data/models/KDAL_Autumn_Max_lead36h.pkl,ACTIVE_PRODUCTION_MODEL,2000-2018,"scripts/retrain_p4_active10_matrix.py (spec a3cb9954...4fb3, Statutory Multi-Start)",e5c0dada38235b1ecc112f7bcaa74475b6242a36f312b2f22bd7f79ba18e8329,STATUTORY_TRADING_MASTER
KDAL,Max,lead42h,Autumn,data/models/KDAL_Autumn_Max_lead42h.pkl,ACTIVE_PRODUCTION_MODEL,2000-2018,"scripts/retrain_p4_active10_matrix.py (spec a3cb9954...4fb3, Statutory Multi-Start)",2ba75b347db94d2589e60ec1fd0ade367ef2a0b1faf8a6b58a39a027c157c443,STATUTORY_TRADING_MASTER
KDAL,Max,lead48h,Autumn,data/models/KDAL_Autumn_Max_lead48h.pkl,ACTIVE_PRODUCTION_MODEL,2000-2018,"scripts/retrain_p4_active10_matrix.py (spec a3cb9954...4fb3, Statutory Multi-Start)",bfb05248d12ee64a89c8cbe63f8a6d15c0edd69d8fb6bb3b4eac5a0d08d036ea,STATUTORY_TRADING_MASTER
KDAL,Max,lead54h,Autumn,data/models/KDAL_Autumn_Max_lead54h.pkl,ACTIVE_PRODUCTION_MODEL,2000-2018,"scripts/retrain_p4_active10_matrix.py (spec a3cb9954...4fb3, Statutory Multi-Start)",58825455e8c301a400eabb2aeed1514abd3a23084902e910d1fc4856b4a67c78,STATUTORY_TRADING_MASTER
KDAL,Max,lead60h,Autumn,data/models/KDAL_Autumn_Max_lead60h.pkl,ACTIVE_PRODUCTION_MODEL,2000-2018,"scripts/retrain_p4_active10_matrix.py (spec a3cb9954...4fb3, Statutory Multi-Start)",cec6a388b5c2d4d1ed25472e0fe3533f0b8adba0707b2d4cb4a30fd3d020a6b6,AUXILIARY_POOLED_FALLBACK
KDAL,Max,lead66h,Autumn,data/models/KDAL_Autumn_Max_lead66h.pkl,ACTIVE_PRODUCTION_MODEL,2000-2018,"scripts/retrain_p4_active10_matrix.py (spec a3cb9954...4fb3, Statutory Multi-Start)",2257c5b4127816c4e21cb23fed8c47f102857036ee23357d1b13e42a55f418be,STATUTORY_TRADING_MASTER
KDAL,Max,lead72h,Autumn,data/models/KDAL_Autumn_Max_lead72h.pkl,ACTIVE_PRODUCTION_MODEL,2000-2018,"scripts/retrain_p4_active10_matrix.py (spec a3cb9954...4fb3, Statutory Multi-Start)",0c5887174a6f4b11349465bdc026c680d62d7a43598403985c701e0c1f51e7c1,AUXILIARY_POOLED_FALLBACK
KDAL,Min,lead6h,Autumn,data/models/KDAL_Autumn_Min_lead6h.pkl,ACTIVE_PRODUCTION_MODEL,2000-2018,"scripts/retrain_p4_active10_matrix.py (spec a3cb9954...4fb3, Statutory Multi-Start)",e8ff9d1f0e4cf55e5cf4969dc4aa7fee9a45e8bd7de76a9afaa4ef28d5090c09,POOLED-FALLBACK
KDAL,Min,lead12h,Autumn,data/models/KDAL_Autumn_Min_lead12h.pkl,ACTIVE_PRODUCTION_MODEL,2000-2018,"scripts/retrain_p4_active10_matrix.py (spec a3cb9954...4fb3, Statutory Multi-Start)",3a446577ac967be2654caeb965b148072d73cde46a72d14b9e672d88b23a9471,STATUTORY_TRADING_MASTER
KDAL,Min,lead18h,Autumn,data/models/KDAL_Autumn_Min_lead18h.pkl,ACTIVE_PRODUCTION_MODEL,2000-2018,"scripts/retrain_p4_active10_matrix.py (spec a3cb9954...4fb3, Statutory Multi-Start)",d2d6394ca2ac37ea0a1b03d77285675f4149ef68c6f3b8e3c25713746f6d2175,STATUTORY_TRADING_MASTER
KDAL,Min,lead24h,Autumn,data/models/KDAL_Autumn_Min_lead24h.pkl,ACTIVE_PRODUCTION_MODEL,2000-2018,"scripts/retrain_p4_active10_matrix.py (spec a3cb9954...4fb3, Statutory Multi-Start)",b03d693eb21c135c73b5350f2afa60e38169178b9acd6597b2ff5613eb536398,STATUTORY_TRADING_MASTER
KDAL,Min,lead30h,Autumn,data/models/KDAL_Autumn_Min_lead30h.pkl,ACTIVE_PRODUCTION_MODEL,2000-2018,"scripts/retrain_p4_active10_matrix.py (spec a3cb9954...4fb3, Statutory Multi-Start)",bbc8bce731ff1f02e183110da34a15370124274b312ea3dcb6a9c3c364696dbf,STATUTORY_TRADING_MASTER
KDAL,Min,lead36h,Autumn,data/models/KDAL_Autumn_Min_lead36h.pkl,ACTIVE_PRODUCTION_MODEL,2000-2018,"scripts/retrain_p4_active10_matrix.py (spec a3cb9954...4fb3, Statutory Multi-Start)",254eee2633a9258b1258e0024ca6ce7f813139aeca296f8fbdff0b28870af529,STATUTORY_TRADING_MASTER
KDAL,Min,lead42h,Autumn,data/models/KDAL_Autumn_Min_lead42h.pkl,ACTIVE_PRODUCTION_MODEL,2000-2018,"scripts/retrain_p4_active10_matrix.py (spec a3cb9954...4fb3, Statutory Multi-Start)",c22db6820ff1958708b7626a6d72928004ecf2ca9f2c32db9c6edf240c068b93,STATUTORY_TRADING_MASTER
KDAL,Min,lead48h,Autumn,data/models/KDAL_Autumn_Min_lead48h.pkl,ACTIVE_PRODUCTION_MODEL,2000-2018,"scripts/retrain_p4_active10_matrix.py (spec a3cb9954...4fb3, Statutory Multi-Start)",c02a9197582ad95d2bd7d44ab0f8215b06df42ae5a7ef103fbf6406b649164e9,STATUTORY_TRADING_MASTER
KDAL,Min,lead54h,Autumn,data/models/KDAL_Autumn_Min_lead54h.pkl,ACTIVE_PRODUCTION_MODEL,2000-2018,"scripts/retrain_p4_active10_matrix.py (spec a3cb9954...4fb3, Statutory Multi-Start)",ab8f4fc185413b0d74a615075f7828b7c7ecdba7dadb3bfa15e75fd15552bf3a,STATUTORY_TRADING_MASTER
KDAL,Min,lead60h,Autumn,data/models/KDAL_Autumn_Min_lead60h.pkl,ACTIVE_PRODUCTION_MODEL,2000-2018,"scripts/retrain_p4_active10_matrix.py (spec a3cb9954...4fb3, Statutory Multi-Start)",2c02b1640be3746b4162dacd67d8cfe21bd5cb9a2458c94fe0f458d9a8d7e71e,STATUTORY_TRADING_MASTER
KDAL,Min,lead66h,Autumn,data/models/KDAL_Autumn_Min_lead66h.pkl,ACTIVE_PRODUCTION_MODEL,2000-2018,"scripts/retrain_p4_active10_matrix.py (spec a3cb9954...4fb3, Statutory Multi-Start)",b093d2bdd82b5e403490fc89950b82035ac32bed9263243c2de902da8fa2a53d,AUXILIARY_POOLED_FALLBACK
KDAL,Min,lead72h,Autumn,data/models/KDAL_Autumn_Min_lead72h.pkl,ACTIVE_PRODUCTION_MODEL,2000-2018,"scripts/retrain_p4_active10_matrix.py (spec a3cb9954...4fb3, Statutory Multi-Start)",3f3ac8ff5e090b65b412133f42285977aa1af469fd016644d2da9dea217152fc,AUXILIARY_POOLED_FALLBACK
KSEA,Max,lead6h,Winter,data/models/KSEA_Winter_Max_lead6h.pkl,ACTIVE_PRODUCTION_MODEL,2000-2018,"scripts/retrain_p4_active10_matrix.py (spec a3cb9954...4fb3, Statutory Multi-Start)",21f0b046f0aad038f00a34cce23e6e63db234786333a5983b9d266b12d368b85,POOLED-FALLBACK
KSEA,Max,lead12h,Winter,data/models/KSEA_Winter_Max_lead12h.pkl,ACTIVE_PRODUCTION_MODEL,2000-2018,"scripts/retrain_p4_active10_matrix.py (spec a3cb9954...4fb3, Statutory Multi-Start)",5eea12b2c413bdf1ea18a4b0909635ec24d791c486cdde0eb651839be4568c3d,STATUTORY_TRADING_MASTER
KSEA,Max,lead18h,Winter,data/models/KSEA_Winter_Max_lead18h.pkl,ACTIVE_PRODUCTION_MODEL,2000-2018,"scripts/retrain_p4_active10_matrix.py (spec a3cb9954...4fb3, Statutory Multi-Start)",ecf5bd87c98b44fc710fa1946ae93b3483153146a96e6da8ab8cd5f4ea4443a9,STATUTORY_TRADING_MASTER
KSEA,Max,lead24h,Winter,data/models/KSEA_Winter_Max_lead24h.pkl,ACTIVE_PRODUCTION_MODEL,2000-2018,"scripts/retrain_p4_active10_matrix.py (spec a3cb9954...4fb3, Statutory Multi-Start)",396841049b35278770eb0372befd375e0df65a499bb8ac3f829437a0ea651452,STATUTORY_TRADING_MASTER
KSEA,Max,lead30h,Winter,data/models/KSEA_Winter_Max_lead30h.pkl,ACTIVE_PRODUCTION_MODEL,2000-2018,"scripts/retrain_p4_active10_matrix.py (spec a3cb9954...4fb3, Statutory Multi-Start)",a8bd41020ad6814f94ce6cfbc26078cb2776805650dccaa33129e0d251e430b1,STATUTORY_TRADING_MASTER
KSEA,Max,lead36h,Winter,data/models/KSEA_Winter_Max_lead36h.pkl,ACTIVE_PRODUCTION_MODEL,2000-2018,"scripts/retrain_p4_active10_matrix.py (spec a3cb9954...4fb3, Statutory Multi-Start)",773c155bbf53d38a2167e0f73c1c8544b8341fc30c68a99f966f3fc8a1701b03,STATUTORY_TRADING_MASTER
KSEA,Max,lead42h,Winter,data/models/KSEA_Winter_Max_lead42h.pkl,ACTIVE_PRODUCTION_MODEL,2000-2018,"scripts/retrain_p4_active10_matrix.py (spec a3cb9954...4fb3, Statutory Multi-Start)",a85e50bc118c44ed22c67e7ba869de9170b95f44189b54ccc1ccbf11f3b094f7,STATUTORY_TRADING_MASTER
KSEA,Max,lead48h,Winter,data/models/KSEA_Winter_Max_lead48h.pkl,ACTIVE_PRODUCTION_MODEL,2000-2018,"scripts/retrain_p4_active10_matrix.py (spec a3cb9954...4fb3, Statutory Multi-Start)",0030e8128ab0cbfd72f2c9be3607139705b8b9b987ae7c47b61f4ced324747f8,STATUTORY_TRADING_MASTER
KSEA,Max,lead54h,Winter,data/models/KSEA_Winter_Max_lead54h.pkl,ACTIVE_PRODUCTION_MODEL,2000-2018,"scripts/retrain_p4_active10_matrix.py (spec a3cb9954...4fb3, Statutory Multi-Start)",eb4dd9afd2fc00c76b6220e921b0111e7983d3c473ee3b3e91ae296263d373d9,STATUTORY_TRADING_MASTER
KSEA,Max,lead60h,Winter,data/models/KSEA_Winter_Max_lead60h.pkl,ACTIVE_PRODUCTION_MODEL,2000-2018,"scripts/retrain_p4_active10_matrix.py (spec a3cb9954...4fb3, Statutory Multi-Start)",d81e260dd02cda8b4ff329e738fc4e2970a6517b878507a5368616f91219412f,AUXILIARY_POOLED_FALLBACK
KSEA,Max,lead66h,Winter,data/models/KSEA_Winter_Max_lead66h.pkl,ACTIVE_PRODUCTION_MODEL,2000-2018,"scripts/retrain_p4_active10_matrix.py (spec a3cb9954...4fb3, Statutory Multi-Start)",189465cbd2bbc7422f89972ac681537e336a663872b4ccda39285fb57cf8c7d5,AUXILIARY_POOLED_FALLBACK
KSEA,Max,lead72h,Winter,data/models/KSEA_Winter_Max_lead72h.pkl,ACTIVE_PRODUCTION_MODEL,2000-2018,"scripts/retrain_p4_active10_matrix.py (spec a3cb9954...4fb3, Statutory Multi-Start)",367d0f354cf1f23be0c917e7750bbf4057ec91c0ca01b61a770af810319bc62d,STATUTORY_TRADING_MASTER
KSEA,Min,lead6h,Winter,data/models/KSEA_Winter_Min_lead6h.pkl,ACTIVE_PRODUCTION_MODEL,2000-2018,"scripts/retrain_p4_active10_matrix.py (spec a3cb9954...4fb3, Statutory Multi-Start)",0f6e09accb813445871352de8a4d78e0d233e467f9d3c7b029ecb9d42d4c4b69,POOLED-FALLBACK
KSEA,Min,lead12h,Winter,data/models/KSEA_Winter_Min_lead12h.pkl,ACTIVE_PRODUCTION_MODEL,2000-2018,"scripts/retrain_p4_active10_matrix.py (spec a3cb9954...4fb3, Statutory Multi-Start)",07cf267ce89a7dbc5d7e3286469a5963ade403dac795a3b9bba49870dd928107,STATUTORY_TRADING_MASTER
KSEA,Min,lead18h,Winter,data/models/KSEA_Winter_Min_lead18h.pkl,ACTIVE_PRODUCTION_MODEL,2000-2018,"scripts/retrain_p4_active10_matrix.py (spec a3cb9954...4fb3, Statutory Multi-Start)",5197b9089aae91351bf7befca6b2c7e447ed73a0bd3e70da0838817eca485233,STATUTORY_TRADING_MASTER
KSEA,Min,lead24h,Winter,data/models/KSEA_Winter_Min_lead24h.pkl,ACTIVE_PRODUCTION_MODEL,2000-2018,"scripts/retrain_p4_active10_matrix.py (spec a3cb9954...4fb3, Statutory Multi-Start)",5932e4c6a6038c3233caa3c2f5688b2dab7ebaf397e4b57ead6cfe97e3733155,STATUTORY_TRADING_MASTER
KSEA,Min,lead30h,Winter,data/models/KSEA_Winter_Min_lead30h.pkl,ACTIVE_PRODUCTION_MODEL,2000-2018,"scripts/retrain_p4_active10_matrix.py (spec a3cb9954...4fb3, Statutory Multi-Start)",b879fc99c837cb029fa5ff6aab71e8989cffefef993e94e5998565d9859d898e,STATUTORY_TRADING_MASTER
KSEA,Min,lead36h,Winter,data/models/KSEA_Winter_Min_lead36h.pkl,ACTIVE_PRODUCTION_MODEL,2000-2018,"scripts/retrain_p4_active10_matrix.py (spec a3cb9954...4fb3, Statutory Multi-Start)",58cf37035273edbcfaa4f8a81d21d24ee7109b1b7118ea4ef586fa5e98e286ae,STATUTORY_TRADING_MASTER
KSEA,Min,lead42h,Winter,data/models/KSEA_Winter_Min_lead42h.pkl,ACTIVE_PRODUCTION_MODEL,2000-2018,"scripts/retrain_p4_active10_matrix.py (spec a3cb9954...4fb3, Statutory Multi-Start)",99b98b59fdf37b03bbb1dd53ecaea8c0392eccb77342dc98e29c13881d6752e9,STATUTORY_TRADING_MASTER
KSEA,Min,lead48h,Winter,data/models/KSEA_Winter_Min_lead48h.pkl,ACTIVE_PRODUCTION_MODEL,2000-2018,"scripts/retrain_p4_active10_matrix.py (spec a3cb9954...4fb3, Statutory Multi-Start)",a1122bf9d30f76f7b0e7bd4a4d482f83bf06c845d9def1acc4d8d600b679a821,STATUTORY_TRADING_MASTER
KSEA,Min,lead54h,Winter,data/models/KSEA_Winter_Min_lead54h.pkl,ACTIVE_PRODUCTION_MODEL,2000-2018,"scripts/retrain_p4_active10_matrix.py (spec a3cb9954...4fb3, Statutory Multi-Start)",59e9eb0613caaf5ef721f814077ab710f001dca9472e3f5a7b607ce01309bf88,STATUTORY_TRADING_MASTER
KSEA,Min,lead60h,Winter,data/models/KSEA_Winter_Min_lead60h.pkl,ACTIVE_PRODUCTION_MODEL,2000-2018,"scripts/retrain_p4_active10_matrix.py (spec a3cb9954...4fb3, Statutory Multi-Start)",73da75422d7a6f36ca6ee541bd115ae85d812f4219b15593a50fac0b591f191a,AUXILIARY_POOLED_FALLBACK
KSEA,Min,lead66h,Winter,data/models/KSEA_Winter_Min_lead66h.pkl,ACTIVE_PRODUCTION_MODEL,2000-2018,"scripts/retrain_p4_active10_matrix.py (spec a3cb9954...4fb3, Statutory Multi-Start)",cc47534aa23651715a0a4548271fc16735be8e9a2dcd30e1163a16224569e5be,STATUTORY_TRADING_MASTER
KSEA,Min,lead72h,Winter,data/models/KSEA_Winter_Min_lead72h.pkl,ACTIVE_PRODUCTION_MODEL,2000-2018,"scripts/retrain_p4_active10_matrix.py (spec a3cb9954...4fb3, Statutory Multi-Start)",6b59f24b9091da6c6c047ccee0e66286c50a202ea100aec17c2942a6ca80525b,AUXILIARY_POOLED_FALLBACK
KSEA,Max,lead6h,Spring,data/models/KSEA_Spring_Max_lead6h.pkl,ACTIVE_PRODUCTION_MODEL,2000-2018,"scripts/retrain_p4_active10_matrix.py (spec a3cb9954...4fb3, Statutory Multi-Start)",bf94a85aca8e11782a131b97a4212493834b1d9dd81a8c8c9eda6006988d50ed,POOLED-FALLBACK
KSEA,Max,lead12h,Spring,data/models/KSEA_Spring_Max_lead12h.pkl,ACTIVE_PRODUCTION_MODEL,2000-2018,"scripts/retrain_p4_active10_matrix.py (spec a3cb9954...4fb3, Statutory Multi-Start)",7acd3051cffd7f13cab78df7393b63ad93554c20742f884d0d8d428a6239e6d8,STATUTORY_TRADING_MASTER
KSEA,Max,lead18h,Spring,data/models/KSEA_Spring_Max_lead18h.pkl,ACTIVE_PRODUCTION_MODEL,2000-2018,"scripts/retrain_p4_active10_matrix.py (spec a3cb9954...4fb3, Statutory Multi-Start)",c24ada2315b2f67d2d2a9ffce5ded9bdc92ed7b9c4f519bffc58f78ffa67af5d,STATUTORY_TRADING_MASTER
KSEA,Max,lead24h,Spring,data/models/KSEA_Spring_Max_lead24h.pkl,ACTIVE_PRODUCTION_MODEL,2000-2018,"scripts/retrain_p4_active10_matrix.py (spec a3cb9954...4fb3, Statutory Multi-Start)",5d9ff0e180c0f2ec4b75de90c4a232a0dbc4ce34dbd8374bca5ef39e3b3ab848,STATUTORY_TRADING_MASTER
KSEA,Max,lead30h,Spring,data/models/KSEA_Spring_Max_lead30h.pkl,ACTIVE_PRODUCTION_MODEL,2000-2018,"scripts/retrain_p4_active10_matrix.py (spec a3cb9954...4fb3, Statutory Multi-Start)",32b2b5c8bbfc813b6bb2927e7483a8caa6fb2a2a60b0439850c229447be3686a,STATUTORY_TRADING_MASTER
KSEA,Max,lead36h,Spring,data/models/KSEA_Spring_Max_lead36h.pkl,ACTIVE_PRODUCTION_MODEL,2000-2018,"scripts/retrain_p4_active10_matrix.py (spec a3cb9954...4fb3, Statutory Multi-Start)",b2cbacb8422ee644bfe68afcd3e88b4d436c8e66cfe7dd3c8a7b32e22ea538bb,STATUTORY_TRADING_MASTER
KSEA,Max,lead42h,Spring,data/models/KSEA_Spring_Max_lead42h.pkl,ACTIVE_PRODUCTION_MODEL,2000-2018,"scripts/retrain_p4_active10_matrix.py (spec a3cb9954...4fb3, Statutory Multi-Start)",a7484db37bb951a0ec33b98b5ddbbb754d07938cad2c977d814541b2a3c50ef2,STATUTORY_TRADING_MASTER
KSEA,Max,lead48h,Spring,data/models/KSEA_Spring_Max_lead48h.pkl,ACTIVE_PRODUCTION_MODEL,2000-2018,"scripts/retrain_p4_active10_matrix.py (spec a3cb9954...4fb3, Statutory Multi-Start)",37780177f4e75f36b728c18add027c126c13763b6af660f5747e7bf746fed7af,STATUTORY_TRADING_MASTER
KSEA,Max,lead54h,Spring,data/models/KSEA_Spring_Max_lead54h.pkl,ACTIVE_PRODUCTION_MODEL,2000-2018,"scripts/retrain_p4_active10_matrix.py (spec a3cb9954...4fb3, Statutory Multi-Start)",0aac1752cdb7fac367a34995faea5fe1a553810c37373a521899d733f33ab881,STATUTORY_TRADING_MASTER
KSEA,Max,lead60h,Spring,data/models/KSEA_Spring_Max_lead60h.pkl,ACTIVE_PRODUCTION_MODEL,2000-2018,"scripts/retrain_p4_active10_matrix.py (spec a3cb9954...4fb3, Statutory Multi-Start)",2423fa360d29f21b4dfefccf786d7b5664a9a9c800ebef3c2d088cb3264b48b9,AUXILIARY_POOLED_FALLBACK
KSEA,Max,lead66h,Spring,data/models/KSEA_Spring_Max_lead66h.pkl,ACTIVE_PRODUCTION_MODEL,2000-2018,"scripts/retrain_p4_active10_matrix.py (spec a3cb9954...4fb3, Statutory Multi-Start)",4e2825129c960565cec9d0a9da27a17733a22f24bf4f48d20656674fa85139d9,AUXILIARY_POOLED_FALLBACK
KSEA,Max,lead72h,Spring,data/models/KSEA_Spring_Max_lead72h.pkl,ACTIVE_PRODUCTION_MODEL,2000-2018,"scripts/retrain_p4_active10_matrix.py (spec a3cb9954...4fb3, Statutory Multi-Start)",5ce6e5070c4373c39292b7b904635221854c19b1077a45d88b9efa7b70ec6571,STATUTORY_TRADING_MASTER
KSEA,Min,lead6h,Spring,data/models/KSEA_Spring_Min_lead6h.pkl,ACTIVE_PRODUCTION_MODEL,2000-2018,"scripts/retrain_p4_active10_matrix.py (spec a3cb9954...4fb3, Statutory Multi-Start)",c83cf79717782cafc8063baedae9fd92148032c298a20e462e83bada1cc2af55,POOLED-FALLBACK
KSEA,Min,lead12h,Spring,data/models/KSEA_Spring_Min_lead12h.pkl,ACTIVE_PRODUCTION_MODEL,2000-2018,"scripts/retrain_p4_active10_matrix.py (spec a3cb9954...4fb3, Statutory Multi-Start)",645660836889dce052bcc87101dbfb06299b78273e109894c40daf9a81d914e4,STATUTORY_TRADING_MASTER
KSEA,Min,lead18h,Spring,data/models/KSEA_Spring_Min_lead18h.pkl,ACTIVE_PRODUCTION_MODEL,2000-2018,"scripts/retrain_p4_active10_matrix.py (spec a3cb9954...4fb3, Statutory Multi-Start)",9bc1fb7bf8d884d32535f5649c20d2b67f75176fcf93ba8d85bcf43679f8e46a,STATUTORY_TRADING_MASTER
KSEA,Min,lead24h,Spring,data/models/KSEA_Spring_Min_lead24h.pkl,ACTIVE_PRODUCTION_MODEL,2000-2018,"scripts/retrain_p4_active10_matrix.py (spec a3cb9954...4fb3, Statutory Multi-Start)",00c6b8e20b07d247dfb45108060a201a85cd50ee4cb52776b07258a9af82ed33,STATUTORY_TRADING_MASTER
KSEA,Min,lead30h,Spring,data/models/KSEA_Spring_Min_lead30h.pkl,ACTIVE_PRODUCTION_MODEL,2000-2018,"scripts/retrain_p4_active10_matrix.py (spec a3cb9954...4fb3, Statutory Multi-Start)",7791b93a95fb6f1fc221facfe0d18b16e3cff9fe588151c0fb2583ccbf196c35,STATUTORY_TRADING_MASTER
KSEA,Min,lead36h,Spring,data/models/KSEA_Spring_Min_lead36h.pkl,ACTIVE_PRODUCTION_MODEL,2000-2018,"scripts/retrain_p4_active10_matrix.py (spec a3cb9954...4fb3, Statutory Multi-Start)",db5657bccfbd9e188af92615575cee51b69aa822b389edafbaefbc5c783d3ecc,STATUTORY_TRADING_MASTER
KSEA,Min,lead42h,Spring,data/models/KSEA_Spring_Min_lead42h.pkl,ACTIVE_PRODUCTION_MODEL,2000-2018,"scripts/retrain_p4_active10_matrix.py (spec a3cb9954...4fb3, Statutory Multi-Start)",33414cc67eda52d5982c9ed058fe5de5c9d97e470f975b0120e582803e337424,STATUTORY_TRADING_MASTER
KSEA,Min,lead48h,Spring,data/models/KSEA_Spring_Min_lead48h.pkl,ACTIVE_PRODUCTION_MODEL,2000-2018,"scripts/retrain_p4_active10_matrix.py (spec a3cb9954...4fb3, Statutory Multi-Start)",d52a08d2a7b512ed248552c066e675e64827bf8cf1a89efe1199c629ca172ee3,STATUTORY_TRADING_MASTER
KSEA,Min,lead54h,Spring,data/models/KSEA_Spring_Min_lead54h.pkl,ACTIVE_PRODUCTION_MODEL,2000-2018,"scripts/retrain_p4_active10_matrix.py (spec a3cb9954...4fb3, Statutory Multi-Start)",9832c51d6dcecf78e3c1276c12124ae7ead00609f4e59e6d6a56782cc7c711ff,STATUTORY_TRADING_MASTER
KSEA,Min,lead60h,Spring,data/models/KSEA_Spring_Min_lead60h.pkl,ACTIVE_PRODUCTION_MODEL,2000-2018,"scripts/retrain_p4_active10_matrix.py (spec a3cb9954...4fb3, Statutory Multi-Start)",9560d68f37ec51bbe0fd3fd7b5caca36244467821aa9eb05d5eeab1e18ea6307,AUXILIARY_POOLED_FALLBACK
KSEA,Min,lead66h,Spring,data/models/KSEA_Spring_Min_lead66h.pkl,ACTIVE_PRODUCTION_MODEL,2000-2018,"scripts/retrain_p4_active10_matrix.py (spec a3cb9954...4fb3, Statutory Multi-Start)",51517d140b9e169fde8f2795c6239fa05af910648a1741ff42ed61f211da002a,STATUTORY_TRADING_MASTER
KSEA,Min,lead72h,Spring,data/models/KSEA_Spring_Min_lead72h.pkl,ACTIVE_PRODUCTION_MODEL,2000-2018,"scripts/retrain_p4_active10_matrix.py (spec a3cb9954...4fb3, Statutory Multi-Start)",3a8ca79f6ada948b1296700faa5b826df3165f8a816694db818c24e72ce7aebe,AUXILIARY_POOLED_FALLBACK
KSEA,Max,lead6h,Summer,data/models/KSEA_Summer_Max_lead6h.pkl,ACTIVE_PRODUCTION_MODEL,2000-2018,"scripts/retrain_p4_active10_matrix.py (spec a3cb9954...4fb3, Statutory Multi-Start)",cb51a3cb311c7d88c638bd63a3fce5591000b0ad7f7272569e1bae1105cd9fd0,POOLED-FALLBACK
KSEA,Max,lead12h,Summer,data/models/KSEA_Summer_Max_lead12h.pkl,ACTIVE_PRODUCTION_MODEL,2000-2018,"scripts/retrain_p4_active10_matrix.py (spec a3cb9954...4fb3, Statutory Multi-Start)",b9c2b6c3b79b0648b544824da5ee73759474bba36ea3cf9dd9dcd425fbd2410a,STATUTORY_TRADING_MASTER
KSEA,Max,lead18h,Summer,data/models/KSEA_Summer_Max_lead18h.pkl,ACTIVE_PRODUCTION_MODEL,2000-2018,"scripts/retrain_p4_active10_matrix.py (spec a3cb9954...4fb3, Statutory Multi-Start)",301eff19b97508353b944f6495f364c0bb126ba17456ed8bb7d0181d0453a8b9,STATUTORY_TRADING_MASTER
KSEA,Max,lead24h,Summer,data/models/KSEA_Summer_Max_lead24h.pkl,ACTIVE_PRODUCTION_MODEL,2000-2018,"scripts/retrain_p4_active10_matrix.py (spec a3cb9954...4fb3, Statutory Multi-Start)",fd61b3d2845d52d92033a3d147f5efd3d091514fcb35f0fb1fd5d84d547b2f81,STATUTORY_TRADING_MASTER
KSEA,Max,lead30h,Summer,data/models/KSEA_Summer_Max_lead30h.pkl,ACTIVE_PRODUCTION_MODEL,2000-2018,"scripts/retrain_p4_active10_matrix.py (spec a3cb9954...4fb3, Statutory Multi-Start)",b82c7d9bd43ffd59209d5b36a98efbd3d9327ef2a258c796bf11cc6c36bb1e3f,STATUTORY_TRADING_MASTER
KSEA,Max,lead36h,Summer,data/models/KSEA_Summer_Max_lead36h.pkl,ACTIVE_PRODUCTION_MODEL,2000-2018,"scripts/retrain_p4_active10_matrix.py (spec a3cb9954...4fb3, Statutory Multi-Start)",0750cef61cfa3dcd1649aaf7741a94b45a80f11892a29e349cb163b748e23ed5,STATUTORY_TRADING_MASTER
KSEA,Max,lead42h,Summer,data/models/KSEA_Summer_Max_lead42h.pkl,ACTIVE_PRODUCTION_MODEL,2000-2018,"scripts/retrain_p4_active10_matrix.py (spec a3cb9954...4fb3, Statutory Multi-Start)",fe9f8246c3cc536493672e2652f1ae603eaa736017a69abecdf229a32f0bbde7,STATUTORY_TRADING_MASTER
KSEA,Max,lead48h,Summer,data/models/KSEA_Summer_Max_lead48h.pkl,ACTIVE_PRODUCTION_MODEL,2000-2018,"scripts/retrain_p4_active10_matrix.py (spec a3cb9954...4fb3, Statutory Multi-Start)",695ac317f041e75b535e8c88294b21b0a293afeb2243fada1814db46a1409991,STATUTORY_TRADING_MASTER
KSEA,Max,lead54h,Summer,data/models/KSEA_Summer_Max_lead54h.pkl,ACTIVE_PRODUCTION_MODEL,2000-2018,"scripts/retrain_p4_active10_matrix.py (spec a3cb9954...4fb3, Statutory Multi-Start)",db974c2324e18f7a22074c5461088e76ecca8a7d469cf3657aabb38f36c3f456,STATUTORY_TRADING_MASTER
KSEA,Max,lead60h,Summer,data/models/KSEA_Summer_Max_lead60h.pkl,ACTIVE_PRODUCTION_MODEL,2000-2018,"scripts/retrain_p4_active10_matrix.py (spec a3cb9954...4fb3, Statutory Multi-Start)",2637539318e7ec1cdbd91e51150676711422b2ae7276d6759f046849014e4120,AUXILIARY_POOLED_FALLBACK
KSEA,Max,lead66h,Summer,data/models/KSEA_Summer_Max_lead66h.pkl,ACTIVE_PRODUCTION_MODEL,2000-2018,"scripts/retrain_p4_active10_matrix.py (spec a3cb9954...4fb3, Statutory Multi-Start)",731a7d2f6d7c816b991fe0873fbb8231bd27463252996fc7d61e5439b812ab6b,AUXILIARY_POOLED_FALLBACK
KSEA,Max,lead72h,Summer,data/models/KSEA_Summer_Max_lead72h.pkl,ACTIVE_PRODUCTION_MODEL,2000-2018,"scripts/retrain_p4_active10_matrix.py (spec a3cb9954...4fb3, Statutory Multi-Start)",c9e699fcaca64df0e7a5ab04ad38732c9195d748d00e238819ab603b73820f5f,STATUTORY_TRADING_MASTER
KSEA,Min,lead6h,Summer,data/models/KSEA_Summer_Min_lead6h.pkl,ACTIVE_PRODUCTION_MODEL,2000-2018,"scripts/retrain_p4_active10_matrix.py (spec a3cb9954...4fb3, Statutory Multi-Start)",b921cf367145a5d52fd2b2b41c9a48bfa86c901e0365cb382b08c08507e6af57,POOLED-FALLBACK
KSEA,Min,lead12h,Summer,data/models/KSEA_Summer_Min_lead12h.pkl,ACTIVE_PRODUCTION_MODEL,2000-2018,"scripts/retrain_p4_active10_matrix.py (spec a3cb9954...4fb3, Statutory Multi-Start)",c5e7a83c36270120a3b26777ce5e9c87835c1e973c256fc878ec45a795ccf1d3,STATUTORY_TRADING_MASTER
KSEA,Min,lead18h,Summer,data/models/KSEA_Summer_Min_lead18h.pkl,ACTIVE_PRODUCTION_MODEL,2000-2018,"scripts/retrain_p4_active10_matrix.py (spec a3cb9954...4fb3, Statutory Multi-Start)",7e396b722d744bffbfe650a5750ca14a732eccb25690ffd79b97380dcb63c3b8,STATUTORY_TRADING_MASTER
KSEA,Min,lead24h,Summer,data/models/KSEA_Summer_Min_lead24h.pkl,ACTIVE_PRODUCTION_MODEL,2000-2018,"scripts/retrain_p4_active10_matrix.py (spec a3cb9954...4fb3, Statutory Multi-Start)",2e2abe563e6fc5afd3ea97033ecdfc4579be61f8ea9929ac38e1d3109c4a9f9f,STATUTORY_TRADING_MASTER
KSEA,Min,lead30h,Summer,data/models/KSEA_Summer_Min_lead30h.pkl,ACTIVE_PRODUCTION_MODEL,2000-2018,"scripts/retrain_p4_active10_matrix.py (spec a3cb9954...4fb3, Statutory Multi-Start)",1d73243749ece1b5655109249625eda6c6c1379be656fbfadb102d1c1800baef,STATUTORY_TRADING_MASTER
KSEA,Min,lead36h,Summer,data/models/KSEA_Summer_Min_lead36h.pkl,ACTIVE_PRODUCTION_MODEL,2000-2018,"scripts/retrain_p4_active10_matrix.py (spec a3cb9954...4fb3, Statutory Multi-Start)",6a5fba334866e5956b4ceb9a139d88155da7c904c65242d8b4608f5c8e65f1b7,STATUTORY_TRADING_MASTER
KSEA,Min,lead42h,Summer,data/models/KSEA_Summer_Min_lead42h.pkl,ACTIVE_PRODUCTION_MODEL,2000-2018,"scripts/retrain_p4_active10_matrix.py (spec a3cb9954...4fb3, Statutory Multi-Start)",234e0c5685ab6baccff02fa5aaa2b7509c95ab050d0fc58c1011a675a1613582,STATUTORY_TRADING_MASTER
KSEA,Min,lead48h,Summer,data/models/KSEA_Summer_Min_lead48h.pkl,ACTIVE_PRODUCTION_MODEL,2000-2018,"scripts/retrain_p4_active10_matrix.py (spec a3cb9954...4fb3, Statutory Multi-Start)",128eba1760b4356a7287cfb869eae3d1683165ba7326c06d2c9372a82b4b9d58,STATUTORY_TRADING_MASTER
KSEA,Min,lead54h,Summer,data/models/KSEA_Summer_Min_lead54h.pkl,ACTIVE_PRODUCTION_MODEL,2000-2018,"scripts/retrain_p4_active10_matrix.py (spec a3cb9954...4fb3, Statutory Multi-Start)",4a5079d3b25a19f8061ed9f5eb2bdd16629d31cab22af8b86f7cc1944ec2bcba,STATUTORY_TRADING_MASTER
KSEA,Min,lead60h,Summer,data/models/KSEA_Summer_Min_lead60h.pkl,ACTIVE_PRODUCTION_MODEL,2000-2018,"scripts/retrain_p4_active10_matrix.py (spec a3cb9954...4fb3, Statutory Multi-Start)",3fa42c5edd8edaf1cb8d37d183b4ce7f2b7e5f448c40c17e5c1996ef272054d3,AUXILIARY_POOLED_FALLBACK
KSEA,Min,lead66h,Summer,data/models/KSEA_Summer_Min_lead66h.pkl,ACTIVE_PRODUCTION_MODEL,2000-2018,"scripts/retrain_p4_active10_matrix.py (spec a3cb9954...4fb3, Statutory Multi-Start)",c1099746efd6165502f1d965870872958ade76273cbef78b295a5bcbca593c21,STATUTORY_TRADING_MASTER
KSEA,Min,lead72h,Summer,data/models/KSEA_Summer_Min_lead72h.pkl,ACTIVE_PRODUCTION_MODEL,2000-2018,"scripts/retrain_p4_active10_matrix.py (spec a3cb9954...4fb3, Statutory Multi-Start)",4de92c8e5c09517ed6d5334e093d5377701cc7ad98eedd2209bad400ff4048a0,AUXILIARY_POOLED_FALLBACK
KSEA,Max,lead6h,Autumn,data/models/KSEA_Autumn_Max_lead6h.pkl,ACTIVE_PRODUCTION_MODEL,2000-2018,"scripts/retrain_p4_active10_matrix.py (spec a3cb9954...4fb3, Statutory Multi-Start)",dcb922b697fe7fd5cf10c180fea9d08deacb8ca87bf5c733718d8bbf664b4dc3,POOLED-FALLBACK
KSEA,Max,lead12h,Autumn,data/models/KSEA_Autumn_Max_lead12h.pkl,ACTIVE_PRODUCTION_MODEL,2000-2018,"scripts/retrain_p4_active10_matrix.py (spec a3cb9954...4fb3, Statutory Multi-Start)",49115ec053d4bb6cdab21004c7cdeb6a8d5061a7c8d043a9fce0de17c6f723e8,STATUTORY_TRADING_MASTER
KSEA,Max,lead18h,Autumn,data/models/KSEA_Autumn_Max_lead18h.pkl,ACTIVE_PRODUCTION_MODEL,2000-2018,"scripts/retrain_p4_active10_matrix.py (spec a3cb9954...4fb3, Statutory Multi-Start)",7509afe02f1f1edf838f78b6dd83d8b956bbedeb9df3fd9c5ec5fd9248fdc171,STATUTORY_TRADING_MASTER
KSEA,Max,lead24h,Autumn,data/models/KSEA_Autumn_Max_lead24h.pkl,ACTIVE_PRODUCTION_MODEL,2000-2018,"scripts/retrain_p4_active10_matrix.py (spec a3cb9954...4fb3, Statutory Multi-Start)",93ba12d0b15f0a08604386cba8cdc3d3ecddc6e00624dc5912f074bd70d37720,STATUTORY_TRADING_MASTER
KSEA,Max,lead30h,Autumn,data/models/KSEA_Autumn_Max_lead30h.pkl,ACTIVE_PRODUCTION_MODEL,2000-2018,"scripts/retrain_p4_active10_matrix.py (spec a3cb9954...4fb3, Statutory Multi-Start)",6994d82356e717d7daf4cf771f90342a9206ec511ec9c50c8e4cef24c2229784,STATUTORY_TRADING_MASTER
KSEA,Max,lead36h,Autumn,data/models/KSEA_Autumn_Max_lead36h.pkl,ACTIVE_PRODUCTION_MODEL,2000-2018,"scripts/retrain_p4_active10_matrix.py (spec a3cb9954...4fb3, Statutory Multi-Start)",d135ab28bf6ab87ab894aac33afe332477ca8e0fa7afe9d603ac67c683f93bf6,STATUTORY_TRADING_MASTER
KSEA,Max,lead42h,Autumn,data/models/KSEA_Autumn_Max_lead42h.pkl,ACTIVE_PRODUCTION_MODEL,2000-2018,"scripts/retrain_p4_active10_matrix.py (spec a3cb9954...4fb3, Statutory Multi-Start)",c0919fa090897e6aa9d14900fc10a260ac000b78d6e78e65a6b6a3aa63f3f830,STATUTORY_TRADING_MASTER
KSEA,Max,lead48h,Autumn,data/models/KSEA_Autumn_Max_lead48h.pkl,ACTIVE_PRODUCTION_MODEL,2000-2018,"scripts/retrain_p4_active10_matrix.py (spec a3cb9954...4fb3, Statutory Multi-Start)",117af95cc4e69a6d714e7590eaa8e2dbb7b36ac15673f9d15ffb85bb540784a8,STATUTORY_TRADING_MASTER
KSEA,Max,lead54h,Autumn,data/models/KSEA_Autumn_Max_lead54h.pkl,ACTIVE_PRODUCTION_MODEL,2000-2018,"scripts/retrain_p4_active10_matrix.py (spec a3cb9954...4fb3, Statutory Multi-Start)",2a6edbf6c0c45e7cdf21ea785c89c47f72ce041b77b8c3614a3bc0c5781371c3,STATUTORY_TRADING_MASTER
KSEA,Max,lead60h,Autumn,data/models/KSEA_Autumn_Max_lead60h.pkl,ACTIVE_PRODUCTION_MODEL,2000-2018,"scripts/retrain_p4_active10_matrix.py (spec a3cb9954...4fb3, Statutory Multi-Start)",e5b2729a4bd57a355a7f9b0a444a56efc69de89a71ad894f87e34a3ef494b4f0,AUXILIARY_POOLED_FALLBACK
KSEA,Max,lead66h,Autumn,data/models/KSEA_Autumn_Max_lead66h.pkl,ACTIVE_PRODUCTION_MODEL,2000-2018,"scripts/retrain_p4_active10_matrix.py (spec a3cb9954...4fb3, Statutory Multi-Start)",aea594834bb9fa82818f52f6ddcfa67d5172d28e26fd9ca7cd10c73c43f0d469,AUXILIARY_POOLED_FALLBACK
KSEA,Max,lead72h,Autumn,data/models/KSEA_Autumn_Max_lead72h.pkl,ACTIVE_PRODUCTION_MODEL,2000-2018,"scripts/retrain_p4_active10_matrix.py (spec a3cb9954...4fb3, Statutory Multi-Start)",01cdf6bae5ccbb77d9cc4bb390b2a4e210a67cdcd66f5756de2cfec7edbaaf51,STATUTORY_TRADING_MASTER
KSEA,Min,lead6h,Autumn,data/models/KSEA_Autumn_Min_lead6h.pkl,ACTIVE_PRODUCTION_MODEL,2000-2018,"scripts/retrain_p4_active10_matrix.py (spec a3cb9954...4fb3, Statutory Multi-Start)",71c76a0091dce96939720a34c9136e8f3f26c6a58522e0b45b405d637539a8ea,POOLED-FALLBACK
KSEA,Min,lead12h,Autumn,data/models/KSEA_Autumn_Min_lead12h.pkl,ACTIVE_PRODUCTION_MODEL,2000-2018,"scripts/retrain_p4_active10_matrix.py (spec a3cb9954...4fb3, Statutory Multi-Start)",f251cc7932834df48cf94fdae0de8b02f39da60127a87d590a1ca93d7f5580f9,STATUTORY_TRADING_MASTER
KSEA,Min,lead18h,Autumn,data/models/KSEA_Autumn_Min_lead18h.pkl,ACTIVE_PRODUCTION_MODEL,2000-2018,"scripts/retrain_p4_active10_matrix.py (spec a3cb9954...4fb3, Statutory Multi-Start)",fbb9705bf1561414c67c342aa24035bd6f455c1b7b2b5a8256bebb6977e3d937,STATUTORY_TRADING_MASTER
KSEA,Min,lead24h,Autumn,data/models/KSEA_Autumn_Min_lead24h.pkl,ACTIVE_PRODUCTION_MODEL,2000-2018,"scripts/retrain_p4_active10_matrix.py (spec a3cb9954...4fb3, Statutory Multi-Start)",13d33b4a7cf7f1b45936ac5f12543ef884163c6512d89aee8191d58a9b128be0,STATUTORY_TRADING_MASTER
KSEA,Min,lead30h,Autumn,data/models/KSEA_Autumn_Min_lead30h.pkl,ACTIVE_PRODUCTION_MODEL,2000-2018,"scripts/retrain_p4_active10_matrix.py (spec a3cb9954...4fb3, Statutory Multi-Start)",c6293b53afe942b6f77f07ac10180dd1f40159164702ae393f48c8e58848da9a,STATUTORY_TRADING_MASTER
KSEA,Min,lead36h,Autumn,data/models/KSEA_Autumn_Min_lead36h.pkl,ACTIVE_PRODUCTION_MODEL,2000-2018,"scripts/retrain_p4_active10_matrix.py (spec a3cb9954...4fb3, Statutory Multi-Start)",b90a7f351a1b26d2b34c754021f112a584a6336d0b5096a72357492b5a489e96,STATUTORY_TRADING_MASTER
KSEA,Min,lead42h,Autumn,data/models/KSEA_Autumn_Min_lead42h.pkl,ACTIVE_PRODUCTION_MODEL,2000-2018,"scripts/retrain_p4_active10_matrix.py (spec a3cb9954...4fb3, Statutory Multi-Start)",da5927f572a5bbfa2255f9c8e5649712a0c7e3ea9e72938f6d5679d709a8b47f,STATUTORY_TRADING_MASTER
KSEA,Min,lead48h,Autumn,data/models/KSEA_Autumn_Min_lead48h.pkl,ACTIVE_PRODUCTION_MODEL,2000-2018,"scripts/retrain_p4_active10_matrix.py (spec a3cb9954...4fb3, Statutory Multi-Start)",cc90544bc9b74084c723c903b6c1fd30a636f38138ce6c9000ba8cecbc574ce4,STATUTORY_TRADING_MASTER
KSEA,Min,lead54h,Autumn,data/models/KSEA_Autumn_Min_lead54h.pkl,ACTIVE_PRODUCTION_MODEL,2000-2018,"scripts/retrain_p4_active10_matrix.py (spec a3cb9954...4fb3, Statutory Multi-Start)",47e36e17e20241c81052614dcf55cb9ecf71f3dd0ecce788d03e52188b247c09,STATUTORY_TRADING_MASTER
KSEA,Min,lead60h,Autumn,data/models/KSEA_Autumn_Min_lead60h.pkl,ACTIVE_PRODUCTION_MODEL,2000-2018,"scripts/retrain_p4_active10_matrix.py (spec a3cb9954...4fb3, Statutory Multi-Start)",7c126ac81de3d40566494e71061e4d75f45d1078e50ff4a66872276d5fd1dcc2,AUXILIARY_POOLED_FALLBACK
KSEA,Min,lead66h,Autumn,data/models/KSEA_Autumn_Min_lead66h.pkl,ACTIVE_PRODUCTION_MODEL,2000-2018,"scripts/retrain_p4_active10_matrix.py (spec a3cb9954...4fb3, Statutory Multi-Start)",3e794a72b68d55087ae942dd06260cabc18a36827e6f4dc277898e8afd3395ce,STATUTORY_TRADING_MASTER
KSEA,Min,lead72h,Autumn,data/models/KSEA_Autumn_Min_lead72h.pkl,ACTIVE_PRODUCTION_MODEL,2000-2018,"scripts/retrain_p4_active10_matrix.py (spec a3cb9954...4fb3, Statutory Multi-Start)",5df1ec42d23579472e2b7d225635494738ea9802509b0ae19343705b13fb79c2,AUXILIARY_POOLED_FALLBACK
KLAX,Max,lead6h,Winter,data/models/KLAX_Winter_Max_lead6h.pkl,ACTIVE_PRODUCTION_MODEL,2000-2018,"scripts/retrain_p4_active10_matrix.py (spec a3cb9954...4fb3, Statutory Multi-Start)",925f565f4677666d80f9956e8a7478a46fe6f609a6a63ed556c957d8d59dbc60,POOLED-FALLBACK
KLAX,Max,lead12h,Winter,data/models/KLAX_Winter_Max_lead12h.pkl,ACTIVE_PRODUCTION_MODEL,2000-2018,"scripts/retrain_p4_active10_matrix.py (spec a3cb9954...4fb3, Statutory Multi-Start)",98b4356f82d65edfb9bb0480f3020b409511e2ba4057107414843a9c25c116bc,STATUTORY_TRADING_MASTER
KLAX,Max,lead18h,Winter,data/models/KLAX_Winter_Max_lead18h.pkl,ACTIVE_PRODUCTION_MODEL,2000-2018,"scripts/retrain_p4_active10_matrix.py (spec a3cb9954...4fb3, Statutory Multi-Start)",02e00dda336f5a5802f363c437ad6ed7ceb7bbbeea87c6c7a71ae8ad64466800,STATUTORY_TRADING_MASTER
KLAX,Max,lead24h,Winter,data/models/KLAX_Winter_Max_lead24h.pkl,ACTIVE_PRODUCTION_MODEL,2000-2018,"scripts/retrain_p4_active10_matrix.py (spec a3cb9954...4fb3, Statutory Multi-Start)",de27069a8cc5f18cb454d2b0769c5f8729805164e50471a21f83d4559df385ba,STATUTORY_TRADING_MASTER
KLAX,Max,lead30h,Winter,data/models/KLAX_Winter_Max_lead30h.pkl,ACTIVE_PRODUCTION_MODEL,2000-2018,"scripts/retrain_p4_active10_matrix.py (spec a3cb9954...4fb3, Statutory Multi-Start)",64c955190d4930a9066f2da4d883178f6e25cef4c7235f734ce92ea9c6517903,STATUTORY_TRADING_MASTER
KLAX,Max,lead36h,Winter,data/models/KLAX_Winter_Max_lead36h.pkl,ACTIVE_PRODUCTION_MODEL,2000-2018,"scripts/retrain_p4_active10_matrix.py (spec a3cb9954...4fb3, Statutory Multi-Start)",f7583b9c27e78a3bc37c3ac9951a9d0a36a40dd46b44a580dccb71f3e4e10deb,STATUTORY_TRADING_MASTER
KLAX,Max,lead42h,Winter,data/models/KLAX_Winter_Max_lead42h.pkl,ACTIVE_PRODUCTION_MODEL,2000-2018,"scripts/retrain_p4_active10_matrix.py (spec a3cb9954...4fb3, Statutory Multi-Start)",f150b77e034cbb754953f3ccd50da0a8e04e96e883e8148d705a0768e1baf66e,STATUTORY_TRADING_MASTER
KLAX,Max,lead48h,Winter,data/models/KLAX_Winter_Max_lead48h.pkl,ACTIVE_PRODUCTION_MODEL,2000-2018,"scripts/retrain_p4_active10_matrix.py (spec a3cb9954...4fb3, Statutory Multi-Start)",e29541339041c23a9ce456f2dfc178a7cc3adda763572c7198a608368b97c815,STATUTORY_TRADING_MASTER
KLAX,Max,lead54h,Winter,data/models/KLAX_Winter_Max_lead54h.pkl,ACTIVE_PRODUCTION_MODEL,2000-2018,"scripts/retrain_p4_active10_matrix.py (spec a3cb9954...4fb3, Statutory Multi-Start)",76d319a34a253a32de7e3b055327ab08fbfc2d9fd35e9f59e2b5a685c5d6d3cb,STATUTORY_TRADING_MASTER
KLAX,Max,lead60h,Winter,data/models/KLAX_Winter_Max_lead60h.pkl,ACTIVE_PRODUCTION_MODEL,2000-2018,"scripts/retrain_p4_active10_matrix.py (spec a3cb9954...4fb3, Statutory Multi-Start)",d383f8e8783bf9c956b9ff73ab26a1fff1229eac5a2e58a801b8e2e1fe61611e,AUXILIARY_POOLED_FALLBACK
KLAX,Max,lead66h,Winter,data/models/KLAX_Winter_Max_lead66h.pkl,ACTIVE_PRODUCTION_MODEL,2000-2018,"scripts/retrain_p4_active10_matrix.py (spec a3cb9954...4fb3, Statutory Multi-Start)",8e2a2325af1a39f78a45e954e33840db1517fee8d8298ef46baec7897c15e4a7,AUXILIARY_POOLED_FALLBACK
KLAX,Max,lead72h,Winter,data/models/KLAX_Winter_Max_lead72h.pkl,ACTIVE_PRODUCTION_MODEL,2000-2018,"scripts/retrain_p4_active10_matrix.py (spec a3cb9954...4fb3, Statutory Multi-Start)",271c15f57b8dc49e1374e9bfffbf5c499a8b91223f8e89abde5cbf7e89223150,STATUTORY_TRADING_MASTER
KLAX,Min,lead6h,Winter,data/models/KLAX_Winter_Min_lead6h.pkl,ACTIVE_PRODUCTION_MODEL,2000-2018,"scripts/retrain_p4_active10_matrix.py (spec a3cb9954...4fb3, Statutory Multi-Start)",0ad4ccbe4ec7688eee95c81205c5e7c3632cbb40ac675d2b5b46b466a17bc68d,POOLED-FALLBACK
KLAX,Min,lead12h,Winter,data/models/KLAX_Winter_Min_lead12h.pkl,ACTIVE_PRODUCTION_MODEL,2000-2018,"scripts/retrain_p4_active10_matrix.py (spec a3cb9954...4fb3, Statutory Multi-Start)",21710c20a618bc1cdb9512e46ca2b279845798133a27b79d7c35aa0b9b6e7ac4,STATUTORY_TRADING_MASTER
KLAX,Min,lead18h,Winter,data/models/KLAX_Winter_Min_lead18h.pkl,ACTIVE_PRODUCTION_MODEL,2000-2018,"scripts/retrain_p4_active10_matrix.py (spec a3cb9954...4fb3, Statutory Multi-Start)",7a4698af4f427bf7aa1c79eb7121b195bc08c721c09d6782d6956e896be2d5d5,STATUTORY_TRADING_MASTER
KLAX,Min,lead24h,Winter,data/models/KLAX_Winter_Min_lead24h.pkl,ACTIVE_PRODUCTION_MODEL,2000-2018,"scripts/retrain_p4_active10_matrix.py (spec a3cb9954...4fb3, Statutory Multi-Start)",0c0e137609b30a93b970732b12632f5c22b27c7d2f54063b29273db7118bca20,STATUTORY_TRADING_MASTER
KLAX,Min,lead30h,Winter,data/models/KLAX_Winter_Min_lead30h.pkl,ACTIVE_PRODUCTION_MODEL,2000-2018,"scripts/retrain_p4_active10_matrix.py (spec a3cb9954...4fb3, Statutory Multi-Start)",ba39c8ed126e13dcd3efee04af82e56d632c671301fbb912241057a25a79c923,STATUTORY_TRADING_MASTER
KLAX,Min,lead36h,Winter,data/models/KLAX_Winter_Min_lead36h.pkl,ACTIVE_PRODUCTION_MODEL,2000-2018,"scripts/retrain_p4_active10_matrix.py (spec a3cb9954...4fb3, Statutory Multi-Start)",ad78fd9dfed6b31449e54c52d8b67c6a20dacded6076628d07a4bfff5e1839ab,STATUTORY_TRADING_MASTER
KLAX,Min,lead42h,Winter,data/models/KLAX_Winter_Min_lead42h.pkl,ACTIVE_PRODUCTION_MODEL,2000-2018,"scripts/retrain_p4_active10_matrix.py (spec a3cb9954...4fb3, Statutory Multi-Start)",c8d63ce8fc41b1307db235c3fcb15556e061a2738ba3014c13d7900c485a0d44,STATUTORY_TRADING_MASTER
KLAX,Min,lead48h,Winter,data/models/KLAX_Winter_Min_lead48h.pkl,ACTIVE_PRODUCTION_MODEL,2000-2018,"scripts/retrain_p4_active10_matrix.py (spec a3cb9954...4fb3, Statutory Multi-Start)",2c8af4e4841e2afca2fddcb238c9149b600ca572bd9834776dd677b2b791d411,STATUTORY_TRADING_MASTER
KLAX,Min,lead54h,Winter,data/models/KLAX_Winter_Min_lead54h.pkl,ACTIVE_PRODUCTION_MODEL,2000-2018,"scripts/retrain_p4_active10_matrix.py (spec a3cb9954...4fb3, Statutory Multi-Start)",95462d8f7cfbd63c541ce81461d40199bbe86bef9b04e487e0c6e5699193a47d,STATUTORY_TRADING_MASTER
KLAX,Min,lead60h,Winter,data/models/KLAX_Winter_Min_lead60h.pkl,ACTIVE_PRODUCTION_MODEL,2000-2018,"scripts/retrain_p4_active10_matrix.py (spec a3cb9954...4fb3, Statutory Multi-Start)",39c26f581c319493b94ec125bdb4c1f0d914a8fdccd0d597e5b7fb9f1a0adc54,AUXILIARY_POOLED_FALLBACK
KLAX,Min,lead66h,Winter,data/models/KLAX_Winter_Min_lead66h.pkl,ACTIVE_PRODUCTION_MODEL,2000-2018,"scripts/retrain_p4_active10_matrix.py (spec a3cb9954...4fb3, Statutory Multi-Start)",2e77291cfa51dbdf8a7b9ef29c2dd8356a4b7a51dc73fd487cef56ee34da28d1,STATUTORY_TRADING_MASTER
KLAX,Min,lead72h,Winter,data/models/KLAX_Winter_Min_lead72h.pkl,ACTIVE_PRODUCTION_MODEL,2000-2018,"scripts/retrain_p4_active10_matrix.py (spec a3cb9954...4fb3, Statutory Multi-Start)",4aac5e6c35d88f34578ec464461e4b9aa9cdffe8b028808ab5722c81b47024ef,AUXILIARY_POOLED_FALLBACK
KLAX,Max,lead6h,Spring,data/models/KLAX_Spring_Max_lead6h.pkl,ACTIVE_PRODUCTION_MODEL,2000-2018,"scripts/retrain_p4_active10_matrix.py (spec a3cb9954...4fb3, Statutory Multi-Start)",1e54d6c0f5276d2c5e1050892a58ca318805b5bc82661553f9239460274ac2ae,POOLED-FALLBACK
KLAX,Max,lead12h,Spring,data/models/KLAX_Spring_Max_lead12h.pkl,ACTIVE_PRODUCTION_MODEL,2000-2018,"scripts/retrain_p4_active10_matrix.py (spec a3cb9954...4fb3, Statutory Multi-Start)",d3274b730e7f82247164810f7f1dd212e271e38b5dc699e73203d8d1bbef5757,STATUTORY_TRADING_MASTER
KLAX,Max,lead18h,Spring,data/models/KLAX_Spring_Max_lead18h.pkl,ACTIVE_PRODUCTION_MODEL,2000-2018,"scripts/retrain_p4_active10_matrix.py (spec a3cb9954...4fb3, Statutory Multi-Start)",c324cce7dbd96d8482ed8fc8dcbbb667ac874224b106d809f46dac36688c3f4c,STATUTORY_TRADING_MASTER
KLAX,Max,lead24h,Spring,data/models/KLAX_Spring_Max_lead24h.pkl,ACTIVE_PRODUCTION_MODEL,2000-2018,"scripts/retrain_p4_active10_matrix.py (spec a3cb9954...4fb3, Statutory Multi-Start)",b5296aeb4d9e3d69b8e8e64e5461eb56bb5115cd6647752a1aa805dd305d2bdc,STATUTORY_TRADING_MASTER
KLAX,Max,lead30h,Spring,data/models/KLAX_Spring_Max_lead30h.pkl,ACTIVE_PRODUCTION_MODEL,2000-2018,"scripts/retrain_p4_active10_matrix.py (spec a3cb9954...4fb3, Statutory Multi-Start)",184e311e9f6d054393bfbc89f6525b5eae90159fe290ce9447fec9f4e46e8c91,STATUTORY_TRADING_MASTER
KLAX,Max,lead36h,Spring,data/models/KLAX_Spring_Max_lead36h.pkl,ACTIVE_PRODUCTION_MODEL,2000-2018,"scripts/retrain_p4_active10_matrix.py (spec a3cb9954...4fb3, Statutory Multi-Start)",66cdd730fe87349aa679913884b037688904dea7754362b846b705f0ad3adfca,STATUTORY_TRADING_MASTER
KLAX,Max,lead42h,Spring,data/models/KLAX_Spring_Max_lead42h.pkl,ACTIVE_PRODUCTION_MODEL,2000-2018,"scripts/retrain_p4_active10_matrix.py (spec a3cb9954...4fb3, Statutory Multi-Start)",1a77d548f47a337a2aada831baba6cbcd4b06f95c8f348db2435331c90ef707a,STATUTORY_TRADING_MASTER
KLAX,Max,lead48h,Spring,data/models/KLAX_Spring_Max_lead48h.pkl,ACTIVE_PRODUCTION_MODEL,2000-2018,"scripts/retrain_p4_active10_matrix.py (spec a3cb9954...4fb3, Statutory Multi-Start)",e3ec677071d64e92e62d56dc411dc3ea9c9a69ba4e9bc6fdf9faf7706b510512,STATUTORY_TRADING_MASTER
KLAX,Max,lead54h,Spring,data/models/KLAX_Spring_Max_lead54h.pkl,ACTIVE_PRODUCTION_MODEL,2000-2018,"scripts/retrain_p4_active10_matrix.py (spec a3cb9954...4fb3, Statutory Multi-Start)",7b915e3bd19ab456b6d4f4902dd331d1c9dc2a6c710d6668b8adcd7a549ecb69,STATUTORY_TRADING_MASTER
KLAX,Max,lead60h,Spring,data/models/KLAX_Spring_Max_lead60h.pkl,ACTIVE_PRODUCTION_MODEL,2000-2018,"scripts/retrain_p4_active10_matrix.py (spec a3cb9954...4fb3, Statutory Multi-Start)",e391e7e6b9f353086a372f784abf8ba6d900f949bea04f49f237e91589d80ea9,AUXILIARY_POOLED_FALLBACK
KLAX,Max,lead66h,Spring,data/models/KLAX_Spring_Max_lead66h.pkl,ACTIVE_PRODUCTION_MODEL,2000-2018,"scripts/retrain_p4_active10_matrix.py (spec a3cb9954...4fb3, Statutory Multi-Start)",fdfff80f7ac5fb5cfa720a082ae75893a12554a33cdb3b64ea76f1d6070860aa,AUXILIARY_POOLED_FALLBACK
KLAX,Max,lead72h,Spring,data/models/KLAX_Spring_Max_lead72h.pkl,ACTIVE_PRODUCTION_MODEL,2000-2018,"scripts/retrain_p4_active10_matrix.py (spec a3cb9954...4fb3, Statutory Multi-Start)",6a9aab3a9d10d71294b9ff6f8efb7081c4ebc066c1804b8ff83af8d186186448,STATUTORY_TRADING_MASTER
KLAX,Min,lead6h,Spring,data/models/KLAX_Spring_Min_lead6h.pkl,ACTIVE_PRODUCTION_MODEL,2000-2018,"scripts/retrain_p4_active10_matrix.py (spec a3cb9954...4fb3, Statutory Multi-Start)",690406517471db806b2d42833d3732014171bf0e0fd8bc28736b4b78595c8ff7,POOLED-FALLBACK
KLAX,Min,lead12h,Spring,data/models/KLAX_Spring_Min_lead12h.pkl,ACTIVE_PRODUCTION_MODEL,2000-2018,"scripts/retrain_p4_active10_matrix.py (spec a3cb9954...4fb3, Statutory Multi-Start)",10183a2e37d7db4627f68c90633abc34e7f50af38f9003ed2706a0ee8ed45301,STATUTORY_TRADING_MASTER
KLAX,Min,lead18h,Spring,data/models/KLAX_Spring_Min_lead18h.pkl,ACTIVE_PRODUCTION_MODEL,2000-2018,"scripts/retrain_p4_active10_matrix.py (spec a3cb9954...4fb3, Statutory Multi-Start)",beb5a8e364112e1806a17b7dec01785a3d960ce9e5c817decb1940f19ce646e9,STATUTORY_TRADING_MASTER
KLAX,Min,lead24h,Spring,data/models/KLAX_Spring_Min_lead24h.pkl,ACTIVE_PRODUCTION_MODEL,2000-2018,"scripts/retrain_p4_active10_matrix.py (spec a3cb9954...4fb3, Statutory Multi-Start)",36ebb4748e0b3908bd9b4cb24aaf5a9754ebad5745cededed4b0923d00186b88,STATUTORY_TRADING_MASTER
KLAX,Min,lead30h,Spring,data/models/KLAX_Spring_Min_lead30h.pkl,ACTIVE_PRODUCTION_MODEL,2000-2018,"scripts/retrain_p4_active10_matrix.py (spec a3cb9954...4fb3, Statutory Multi-Start)",1e8efd7306af517d63dcbfbffdce10bac9be03efc19b587c4c2a77ac059f2f4e,STATUTORY_TRADING_MASTER
KLAX,Min,lead36h,Spring,data/models/KLAX_Spring_Min_lead36h.pkl,ACTIVE_PRODUCTION_MODEL,2000-2018,"scripts/retrain_p4_active10_matrix.py (spec a3cb9954...4fb3, Statutory Multi-Start)",093db6b9199052aac954960195cdacd57a4d090bcc53a1ac7b56f6788fa83fd7,STATUTORY_TRADING_MASTER
KLAX,Min,lead42h,Spring,data/models/KLAX_Spring_Min_lead42h.pkl,ACTIVE_PRODUCTION_MODEL,2000-2018,"scripts/retrain_p4_active10_matrix.py (spec a3cb9954...4fb3, Statutory Multi-Start)",f0f3327237d146a5168f2eca91e0bc972a806aa034cc0adcf6c9e7f3e54867c1,STATUTORY_TRADING_MASTER
KLAX,Min,lead48h,Spring,data/models/KLAX_Spring_Min_lead48h.pkl,ACTIVE_PRODUCTION_MODEL,2000-2018,"scripts/retrain_p4_active10_matrix.py (spec a3cb9954...4fb3, Statutory Multi-Start)",0f38ecfd3730af37a5ae194bf90bc0b0edf98369135e3fd398b6d69644bcc5e5,STATUTORY_TRADING_MASTER
KLAX,Min,lead54h,Spring,data/models/KLAX_Spring_Min_lead54h.pkl,ACTIVE_PRODUCTION_MODEL,2000-2018,"scripts/retrain_p4_active10_matrix.py (spec a3cb9954...4fb3, Statutory Multi-Start)",e825300d205c4efee92b8816fd4d266ec29e9f340368c867234809d8ae0873d6,STATUTORY_TRADING_MASTER
KLAX,Min,lead60h,Spring,data/models/KLAX_Spring_Min_lead60h.pkl,ACTIVE_PRODUCTION_MODEL,2000-2018,"scripts/retrain_p4_active10_matrix.py (spec a3cb9954...4fb3, Statutory Multi-Start)",9fcc5fff6512658533a95284fd6eb811ac7db9ee0d96cb7240efd98550dd1809,AUXILIARY_POOLED_FALLBACK
KLAX,Min,lead66h,Spring,data/models/KLAX_Spring_Min_lead66h.pkl,ACTIVE_PRODUCTION_MODEL,2000-2018,"scripts/retrain_p4_active10_matrix.py (spec a3cb9954...4fb3, Statutory Multi-Start)",989365e3e42ea1162cb6fe35d9ab360d415a1b53fa84519402fac32842356f0c,STATUTORY_TRADING_MASTER
KLAX,Min,lead72h,Spring,data/models/KLAX_Spring_Min_lead72h.pkl,ACTIVE_PRODUCTION_MODEL,2000-2018,"scripts/retrain_p4_active10_matrix.py (spec a3cb9954...4fb3, Statutory Multi-Start)",e22ae266401bd5f1a600527a2ded46b75628679867ff4031019f7bc723bc5d87,AUXILIARY_POOLED_FALLBACK
KLAX,Max,lead6h,Summer,data/models/KLAX_Summer_Max_lead6h.pkl,ACTIVE_PRODUCTION_MODEL,2000-2018,"scripts/retrain_p4_active10_matrix.py (spec a3cb9954...4fb3, Statutory Multi-Start)",ec6f921cf2a412df6baae1b14ef3e4915b50889ae2aec00562ed308144870821,POOLED-FALLBACK
KLAX,Max,lead12h,Summer,data/models/KLAX_Summer_Max_lead12h.pkl,ACTIVE_PRODUCTION_MODEL,2000-2018,"scripts/retrain_p4_active10_matrix.py (spec a3cb9954...4fb3, Statutory Multi-Start)",b59392c312ee80322e01265c671ae5f7aac1cc2df8a217d8df3c8306c155740e,STATUTORY_TRADING_MASTER
KLAX,Max,lead18h,Summer,data/models/KLAX_Summer_Max_lead18h.pkl,ACTIVE_PRODUCTION_MODEL,2000-2018,"scripts/retrain_p4_active10_matrix.py (spec a3cb9954...4fb3, Statutory Multi-Start)",8a61f8ad1af67f79eb8b63f3610507beed6d3d11aee3ab6836949e893b7f53b8,STATUTORY_TRADING_MASTER
KLAX,Max,lead24h,Summer,data/models/KLAX_Summer_Max_lead24h.pkl,ACTIVE_PRODUCTION_MODEL,2000-2018,"scripts/retrain_p4_active10_matrix.py (spec a3cb9954...4fb3, Statutory Multi-Start)",375bd4f48bb768f32442d0283d06a6d1d1e3864fa7640bfc3885a47de34395e8,STATUTORY_TRADING_MASTER
KLAX,Max,lead30h,Summer,data/models/KLAX_Summer_Max_lead30h.pkl,ACTIVE_PRODUCTION_MODEL,2000-2018,"scripts/retrain_p4_active10_matrix.py (spec a3cb9954...4fb3, Statutory Multi-Start)",57178c8f7770d12db0d96c8e19646089a4d7db6c310dbb610085c84b7c6d2384,STATUTORY_TRADING_MASTER
KLAX,Max,lead36h,Summer,data/models/KLAX_Summer_Max_lead36h.pkl,ACTIVE_PRODUCTION_MODEL,2000-2018,"scripts/retrain_p4_active10_matrix.py (spec a3cb9954...4fb3, Statutory Multi-Start)",f9cbb3742f51fc38698658711e04fdb2a5be2c34b3e26f8acd3c4431b44b6d67,STATUTORY_TRADING_MASTER
KLAX,Max,lead42h,Summer,data/models/KLAX_Summer_Max_lead42h.pkl,ACTIVE_PRODUCTION_MODEL,2000-2018,"scripts/retrain_p4_active10_matrix.py (spec a3cb9954...4fb3, Statutory Multi-Start)",0d0cae259b0a205a0c4cd158e2491e66c28581d643e7f423ccb952a9c9c89770,STATUTORY_TRADING_MASTER
KLAX,Max,lead48h,Summer,data/models/KLAX_Summer_Max_lead48h.pkl,ACTIVE_PRODUCTION_MODEL,2000-2018,"scripts/retrain_p4_active10_matrix.py (spec a3cb9954...4fb3, Statutory Multi-Start)",a35b454c98c7f8b42e96c349f131b22f0a769c003375f3cb84473ac89d088f9b,STATUTORY_TRADING_MASTER
KLAX,Max,lead54h,Summer,data/models/KLAX_Summer_Max_lead54h.pkl,ACTIVE_PRODUCTION_MODEL,2000-2018,"scripts/retrain_p4_active10_matrix.py (spec a3cb9954...4fb3, Statutory Multi-Start)",a508a9068622b8c6f1f8e9ee777c0e76f2db212a41a484ca03968fcadd9d078a,STATUTORY_TRADING_MASTER
KLAX,Max,lead60h,Summer,data/models/KLAX_Summer_Max_lead60h.pkl,ACTIVE_PRODUCTION_MODEL,2000-2018,"scripts/retrain_p4_active10_matrix.py (spec a3cb9954...4fb3, Statutory Multi-Start)",9a77f667b66579547355451788bf2012f8b2e8fdeffc878297c61a12fe13653c,AUXILIARY_POOLED_FALLBACK
KLAX,Max,lead66h,Summer,data/models/KLAX_Summer_Max_lead66h.pkl,ACTIVE_PRODUCTION_MODEL,2000-2018,"scripts/retrain_p4_active10_matrix.py (spec a3cb9954...4fb3, Statutory Multi-Start)",e9bf04eb619d8c8e92bd225f17e34cfb8c008565b36b568522d73b450d75c44f,AUXILIARY_POOLED_FALLBACK
KLAX,Max,lead72h,Summer,data/models/KLAX_Summer_Max_lead72h.pkl,ACTIVE_PRODUCTION_MODEL,2000-2018,"scripts/retrain_p4_active10_matrix.py (spec a3cb9954...4fb3, Statutory Multi-Start)",ebebea251180199843a4118bbe48e17678a068a2cb7aff093b0fb6eb04311faf,STATUTORY_TRADING_MASTER
KLAX,Min,lead6h,Summer,data/models/KLAX_Summer_Min_lead6h.pkl,ACTIVE_PRODUCTION_MODEL,2000-2018,"scripts/retrain_p4_active10_matrix.py (spec a3cb9954...4fb3, Statutory Multi-Start)",fd363d39d69f3fe75a9f12cf936dc3c50804c386c203acf712cc30d4b8f180b9,POOLED-FALLBACK
KLAX,Min,lead12h,Summer,data/models/KLAX_Summer_Min_lead12h.pkl,ACTIVE_PRODUCTION_MODEL,2000-2018,"scripts/retrain_p4_active10_matrix.py (spec a3cb9954...4fb3, Statutory Multi-Start)",48e7737f22b25ca43391d2d43da523e93b6a6cf84ae88ce70bbf34728f490ae8,STATUTORY_TRADING_MASTER
KLAX,Min,lead18h,Summer,data/models/KLAX_Summer_Min_lead18h.pkl,ACTIVE_PRODUCTION_MODEL,2000-2018,"scripts/retrain_p4_active10_matrix.py (spec a3cb9954...4fb3, Statutory Multi-Start)",5aec603cf86f3afdfc44eb77b728c96d2070be7624407382bc379188ff5275df,STATUTORY_TRADING_MASTER
KLAX,Min,lead24h,Summer,data/models/KLAX_Summer_Min_lead24h.pkl,ACTIVE_PRODUCTION_MODEL,2000-2018,"scripts/retrain_p4_active10_matrix.py (spec a3cb9954...4fb3, Statutory Multi-Start)",2b4930d3f876dadc8f7bd14346f9ca936c51773fa17466aa01ab19d0a30c92b2,STATUTORY_TRADING_MASTER
KLAX,Min,lead30h,Summer,data/models/KLAX_Summer_Min_lead30h.pkl,ACTIVE_PRODUCTION_MODEL,2000-2018,"scripts/retrain_p4_active10_matrix.py (spec a3cb9954...4fb3, Statutory Multi-Start)",932629b529d0166cedd3e84f5f007ca83ed889064e10f8c2c9a4009dc6ba4ffb,STATUTORY_TRADING_MASTER
KLAX,Min,lead36h,Summer,data/models/KLAX_Summer_Min_lead36h.pkl,ACTIVE_PRODUCTION_MODEL,2000-2018,"scripts/retrain_p4_active10_matrix.py (spec a3cb9954...4fb3, Statutory Multi-Start)",46536fa8e5af5b014b3c7d24ca4bc79a05e5a5428645d5992ab6430e70d8a22d,STATUTORY_TRADING_MASTER
KLAX,Min,lead42h,Summer,data/models/KLAX_Summer_Min_lead42h.pkl,ACTIVE_PRODUCTION_MODEL,2000-2018,"scripts/retrain_p4_active10_matrix.py (spec a3cb9954...4fb3, Statutory Multi-Start)",93b294c1b61875dba69d4c8b2df0c8755e811317226d592fae78d7ef1cbc30a0,STATUTORY_TRADING_MASTER
KLAX,Min,lead48h,Summer,data/models/KLAX_Summer_Min_lead48h.pkl,ACTIVE_PRODUCTION_MODEL,2000-2018,"scripts/retrain_p4_active10_matrix.py (spec a3cb9954...4fb3, Statutory Multi-Start)",91c1bf9865f5d99c36028935f005e9a2b0d51cd8d8949b09b5610a1927eb5133,STATUTORY_TRADING_MASTER
KLAX,Min,lead54h,Summer,data/models/KLAX_Summer_Min_lead54h.pkl,ACTIVE_PRODUCTION_MODEL,2000-2018,"scripts/retrain_p4_active10_matrix.py (spec a3cb9954...4fb3, Statutory Multi-Start)",5be527b3583718003bb72fbb827863bc57fd0298ced6d51cc6b7e97993bc110f,STATUTORY_TRADING_MASTER
KLAX,Min,lead60h,Summer,data/models/KLAX_Summer_Min_lead60h.pkl,ACTIVE_PRODUCTION_MODEL,2000-2018,"scripts/retrain_p4_active10_matrix.py (spec a3cb9954...4fb3, Statutory Multi-Start)",bf1f58206a8d76aa24b5bec9143c0ad86c989e56f6dd444eec98ed4a090a1fce,AUXILIARY_POOLED_FALLBACK
KLAX,Min,lead66h,Summer,data/models/KLAX_Summer_Min_lead66h.pkl,ACTIVE_PRODUCTION_MODEL,2000-2018,"scripts/retrain_p4_active10_matrix.py (spec a3cb9954...4fb3, Statutory Multi-Start)",5e256b2e0687a0591f2a44751afe732057de7ebee492ea8cf24c77c0bf3f6c4a,STATUTORY_TRADING_MASTER
KLAX,Min,lead72h,Summer,data/models/KLAX_Summer_Min_lead72h.pkl,ACTIVE_PRODUCTION_MODEL,2000-2018,"scripts/retrain_p4_active10_matrix.py (spec a3cb9954...4fb3, Statutory Multi-Start)",e831c530874958df2f41465f85094398ba7302c269e47f6ad732c923bf75f226,AUXILIARY_POOLED_FALLBACK
KLAX,Max,lead6h,Autumn,data/models/KLAX_Autumn_Max_lead6h.pkl,ACTIVE_PRODUCTION_MODEL,2000-2018,"scripts/retrain_p4_active10_matrix.py (spec a3cb9954...4fb3, Statutory Multi-Start)",e1071ba05e2181457c8488e7a1866f0150a362d677d1501829432b358ab949b4,POOLED-FALLBACK
KLAX,Max,lead12h,Autumn,data/models/KLAX_Autumn_Max_lead12h.pkl,ACTIVE_PRODUCTION_MODEL,2000-2018,"scripts/retrain_p4_active10_matrix.py (spec a3cb9954...4fb3, Statutory Multi-Start)",8a8815e88efc24e26a0a3d12b3e8f26fa4777054ca6a3e967828bddc4bf6a53d,STATUTORY_TRADING_MASTER
KLAX,Max,lead18h,Autumn,data/models/KLAX_Autumn_Max_lead18h.pkl,ACTIVE_PRODUCTION_MODEL,2000-2018,"scripts/retrain_p4_active10_matrix.py (spec a3cb9954...4fb3, Statutory Multi-Start)",9b2caf7d6cef302890f8c32c3ebbccdea7df075b23f1ce17cee8a4c9811ca5f2,STATUTORY_TRADING_MASTER
KLAX,Max,lead24h,Autumn,data/models/KLAX_Autumn_Max_lead24h.pkl,ACTIVE_PRODUCTION_MODEL,2000-2018,"scripts/retrain_p4_active10_matrix.py (spec a3cb9954...4fb3, Statutory Multi-Start)",6a13045334749383f33832b7b07130538efbc73ae24e4dc5a07a82af364a78e3,STATUTORY_TRADING_MASTER
KLAX,Max,lead30h,Autumn,data/models/KLAX_Autumn_Max_lead30h.pkl,ACTIVE_PRODUCTION_MODEL,2000-2018,"scripts/retrain_p4_active10_matrix.py (spec a3cb9954...4fb3, Statutory Multi-Start)",2592eb368e6a029cc9d42264a64586233759d676eb650284dfe48f9004f76c90,STATUTORY_TRADING_MASTER
KLAX,Max,lead36h,Autumn,data/models/KLAX_Autumn_Max_lead36h.pkl,ACTIVE_PRODUCTION_MODEL,2000-2018,"scripts/retrain_p4_active10_matrix.py (spec a3cb9954...4fb3, Statutory Multi-Start)",39c96584831d6cfbf8491c6acb0e225f0ed4534a3e5b92ade9eb3e81685496c5,STATUTORY_TRADING_MASTER
KLAX,Max,lead42h,Autumn,data/models/KLAX_Autumn_Max_lead42h.pkl,ACTIVE_PRODUCTION_MODEL,2000-2018,"scripts/retrain_p4_active10_matrix.py (spec a3cb9954...4fb3, Statutory Multi-Start)",f6548a1220a7aebc3b48d406ebcc0e7c5eddb9fcf9692a740012cafb818cdfd1,STATUTORY_TRADING_MASTER
KLAX,Max,lead48h,Autumn,data/models/KLAX_Autumn_Max_lead48h.pkl,ACTIVE_PRODUCTION_MODEL,2000-2018,"scripts/retrain_p4_active10_matrix.py (spec a3cb9954...4fb3, Statutory Multi-Start)",4133f80c811276878a9c8892cb53a27c18e531781a3f9ab69b5c8e19b162de1c,STATUTORY_TRADING_MASTER
KLAX,Max,lead54h,Autumn,data/models/KLAX_Autumn_Max_lead54h.pkl,ACTIVE_PRODUCTION_MODEL,2000-2018,"scripts/retrain_p4_active10_matrix.py (spec a3cb9954...4fb3, Statutory Multi-Start)",acfa1611f1c29f392e1136c9c2b0b30b5dd31287908bad2bbbba3d461214e60a,STATUTORY_TRADING_MASTER
KLAX,Max,lead60h,Autumn,data/models/KLAX_Autumn_Max_lead60h.pkl,ACTIVE_PRODUCTION_MODEL,2000-2018,"scripts/retrain_p4_active10_matrix.py (spec a3cb9954...4fb3, Statutory Multi-Start)",bdd5f9befd3ed1df011b4e64f74369848648b0cae45f5a236210ff6d68711d64,AUXILIARY_POOLED_FALLBACK
KLAX,Max,lead66h,Autumn,data/models/KLAX_Autumn_Max_lead66h.pkl,ACTIVE_PRODUCTION_MODEL,2000-2018,"scripts/retrain_p4_active10_matrix.py (spec a3cb9954...4fb3, Statutory Multi-Start)",b6475e457b194a19b2b1f09a363095a67ad66dace00231907312d5f08c820895,AUXILIARY_POOLED_FALLBACK
KLAX,Max,lead72h,Autumn,data/models/KLAX_Autumn_Max_lead72h.pkl,ACTIVE_PRODUCTION_MODEL,2000-2018,"scripts/retrain_p4_active10_matrix.py (spec a3cb9954...4fb3, Statutory Multi-Start)",94de529183f3db96adf0562c7f48bc175584ff73a0e938d5783f8849def3ad7f,STATUTORY_TRADING_MASTER
KLAX,Min,lead6h,Autumn,data/models/KLAX_Autumn_Min_lead6h.pkl,ACTIVE_PRODUCTION_MODEL,2000-2018,"scripts/retrain_p4_active10_matrix.py (spec a3cb9954...4fb3, Statutory Multi-Start)",d10f44949ae4d5a83879e28607df9f80563c9caa0ec607758f3168946c091b99,POOLED-FALLBACK
KLAX,Min,lead12h,Autumn,data/models/KLAX_Autumn_Min_lead12h.pkl,ACTIVE_PRODUCTION_MODEL,2000-2018,"scripts/retrain_p4_active10_matrix.py (spec a3cb9954...4fb3, Statutory Multi-Start)",27d5056f3b8cfaaf8ac8d544e152ebacb55047f9fcdd6db790ca444afeb77a56,STATUTORY_TRADING_MASTER
KLAX,Min,lead18h,Autumn,data/models/KLAX_Autumn_Min_lead18h.pkl,ACTIVE_PRODUCTION_MODEL,2000-2018,"scripts/retrain_p4_active10_matrix.py (spec a3cb9954...4fb3, Statutory Multi-Start)",dde009295df37a459c8a1eed879b9eea59a2f72d5d4a35f737587fb1a03fcd42,STATUTORY_TRADING_MASTER
KLAX,Min,lead24h,Autumn,data/models/KLAX_Autumn_Min_lead24h.pkl,ACTIVE_PRODUCTION_MODEL,2000-2018,"scripts/retrain_p4_active10_matrix.py (spec a3cb9954...4fb3, Statutory Multi-Start)",3b177abbe7fa164296063872c9c38feeac5f34718e5defcb8a4928aa0519f88a,STATUTORY_TRADING_MASTER
KLAX,Min,lead30h,Autumn,data/models/KLAX_Autumn_Min_lead30h.pkl,ACTIVE_PRODUCTION_MODEL,2000-2018,"scripts/retrain_p4_active10_matrix.py (spec a3cb9954...4fb3, Statutory Multi-Start)",de801f1a7d99281c4db6bf394d0e2c07cb0a9070a690586de2a795c88472d69b,STATUTORY_TRADING_MASTER
KLAX,Min,lead36h,Autumn,data/models/KLAX_Autumn_Min_lead36h.pkl,ACTIVE_PRODUCTION_MODEL,2000-2018,"scripts/retrain_p4_active10_matrix.py (spec a3cb9954...4fb3, Statutory Multi-Start)",ca238860f7e5b64f1709bfb5374877111e496b23138e1fd798aecf2c5447bda6,STATUTORY_TRADING_MASTER
KLAX,Min,lead42h,Autumn,data/models/KLAX_Autumn_Min_lead42h.pkl,ACTIVE_PRODUCTION_MODEL,2000-2018,"scripts/retrain_p4_active10_matrix.py (spec a3cb9954...4fb3, Statutory Multi-Start)",8d77d799907fef087b4c622bc1d79702f40b8693cd02e0ccbc0c50e748c04116,STATUTORY_TRADING_MASTER
KLAX,Min,lead48h,Autumn,data/models/KLAX_Autumn_Min_lead48h.pkl,ACTIVE_PRODUCTION_MODEL,2000-2018,"scripts/retrain_p4_active10_matrix.py (spec a3cb9954...4fb3, Statutory Multi-Start)",eec2c88b6f9829dbc28c55d7267123c95ba1cb6e5a77ed58d7658e4932ec42c4,STATUTORY_TRADING_MASTER
KLAX,Min,lead54h,Autumn,data/models/KLAX_Autumn_Min_lead54h.pkl,ACTIVE_PRODUCTION_MODEL,2000-2018,"scripts/retrain_p4_active10_matrix.py (spec a3cb9954...4fb3, Statutory Multi-Start)",1c13e5ddc1d14e3387317859019ac55904f0ba014e71a2079822eaa4618e88e9,STATUTORY_TRADING_MASTER
KLAX,Min,lead60h,Autumn,data/models/KLAX_Autumn_Min_lead60h.pkl,ACTIVE_PRODUCTION_MODEL,2000-2018,"scripts/retrain_p4_active10_matrix.py (spec a3cb9954...4fb3, Statutory Multi-Start)",27c5174d2554f25b9aecd7713a3bd51100a2171b79b71f2e8e85ed5aee18e3bf,AUXILIARY_POOLED_FALLBACK
KLAX,Min,lead66h,Autumn,data/models/KLAX_Autumn_Min_lead66h.pkl,ACTIVE_PRODUCTION_MODEL,2000-2018,"scripts/retrain_p4_active10_matrix.py (spec a3cb9954...4fb3, Statutory Multi-Start)",d56029291165b9825b66b6302c5db8790a72927507fda7b5c40f41189ce8c0fc,STATUTORY_TRADING_MASTER
KLAX,Min,lead72h,Autumn,data/models/KLAX_Autumn_Min_lead72h.pkl,ACTIVE_PRODUCTION_MODEL,2000-2018,"scripts/retrain_p4_active10_matrix.py (spec a3cb9954...4fb3, Statutory Multi-Start)",f65915eaf758250029ad782996563b22b77db685836a9b56b5fab5f3dd4f6220,AUXILIARY_POOLED_FALLBACK
KHOU,Max,lead6h,Winter,data/models/KHOU_Winter_Max_lead6h.pkl,ACTIVE_PRODUCTION_MODEL,2000-2018,"scripts/retrain_p4_active10_matrix.py (spec a3cb9954...4fb3, Statutory Multi-Start)",89009851b3ed6efb5ed131c3b266f6a4c156f90ac4f9fcc044429ce6715aebdd,POOLED-FALLBACK
KHOU,Max,lead12h,Winter,data/models/KHOU_Winter_Max_lead12h.pkl,ACTIVE_PRODUCTION_MODEL,2000-2018,"scripts/retrain_p4_active10_matrix.py (spec a3cb9954...4fb3, Statutory Multi-Start)",906ff66b7c356b24fb418cd5aa7c2551c1108eb9f8f5afec974497d0836697b9,STATUTORY_TRADING_MASTER
KHOU,Max,lead18h,Winter,data/models/KHOU_Winter_Max_lead18h.pkl,ACTIVE_PRODUCTION_MODEL,2000-2018,"scripts/retrain_p4_active10_matrix.py (spec a3cb9954...4fb3, Statutory Multi-Start)",a4c0b1c92cc0831c081e76f994cb0e32b3dc70faf2713a9443cbff72440cf46a,STATUTORY_TRADING_MASTER
KHOU,Max,lead24h,Winter,data/models/KHOU_Winter_Max_lead24h.pkl,ACTIVE_PRODUCTION_MODEL,2000-2018,"scripts/retrain_p4_active10_matrix.py (spec a3cb9954...4fb3, Statutory Multi-Start)",4413f54f9610e20b49e4c7b16ec3eb12a78abcc587d6c660246038a53c859cb5,STATUTORY_TRADING_MASTER
KHOU,Max,lead30h,Winter,data/models/KHOU_Winter_Max_lead30h.pkl,ACTIVE_PRODUCTION_MODEL,2000-2018,"scripts/retrain_p4_active10_matrix.py (spec a3cb9954...4fb3, Statutory Multi-Start)",1e4f4a89cea0d99f1a9defb1fd7ac8a6fc20c977468446f82452dd8a08c5a32f,STATUTORY_TRADING_MASTER
KHOU,Max,lead36h,Winter,data/models/KHOU_Winter_Max_lead36h.pkl,ACTIVE_PRODUCTION_MODEL,2000-2018,"scripts/retrain_p4_active10_matrix.py (spec a3cb9954...4fb3, Statutory Multi-Start)",b4534688ec3ebebd35d11c382361d8c25190e1ddb86eece97e3c2b41ff19683c,STATUTORY_TRADING_MASTER
KHOU,Max,lead42h,Winter,data/models/KHOU_Winter_Max_lead42h.pkl,ACTIVE_PRODUCTION_MODEL,2000-2018,"scripts/retrain_p4_active10_matrix.py (spec a3cb9954...4fb3, Statutory Multi-Start)",d3926d94eae985527b9e33857c3a8c6462c9ac60fff71169b78ce39dc763e340,STATUTORY_TRADING_MASTER
KHOU,Max,lead48h,Winter,data/models/KHOU_Winter_Max_lead48h.pkl,ACTIVE_PRODUCTION_MODEL,2000-2018,"scripts/retrain_p4_active10_matrix.py (spec a3cb9954...4fb3, Statutory Multi-Start)",2e09ba5d6b7a1398e60bc3049bbf2bb56d2f055cf70dd2a500b20ed8871c0659,STATUTORY_TRADING_MASTER
KHOU,Max,lead54h,Winter,data/models/KHOU_Winter_Max_lead54h.pkl,ACTIVE_PRODUCTION_MODEL,2000-2018,"scripts/retrain_p4_active10_matrix.py (spec a3cb9954...4fb3, Statutory Multi-Start)",809d4b4a4d5a98676ffc1c886b42c6a2d177a40e604751d8f849a3367ed70513,STATUTORY_TRADING_MASTER
KHOU,Max,lead60h,Winter,data/models/KHOU_Winter_Max_lead60h.pkl,ACTIVE_PRODUCTION_MODEL,2000-2018,"scripts/retrain_p4_active10_matrix.py (spec a3cb9954...4fb3, Statutory Multi-Start)",01618bdb14414058be7f24c3f97a7d1e25c7e4188f0f60cb30d6715c31ab221a,AUXILIARY_POOLED_FALLBACK
KHOU,Max,lead66h,Winter,data/models/KHOU_Winter_Max_lead66h.pkl,ACTIVE_PRODUCTION_MODEL,2000-2018,"scripts/retrain_p4_active10_matrix.py (spec a3cb9954...4fb3, Statutory Multi-Start)",067a9114cacfd6e4b2ae5115dabee21a9d463cb67ec5c6fed31cbb7d4c0c0f86,AUXILIARY_POOLED_FALLBACK
KHOU,Max,lead72h,Winter,data/models/KHOU_Winter_Max_lead72h.pkl,ACTIVE_PRODUCTION_MODEL,2000-2018,"scripts/retrain_p4_active10_matrix.py (spec a3cb9954...4fb3, Statutory Multi-Start)",13c4e9259a230c306fd00d2a81abd2e34ddef644284d682569dafdf2394039d2,STATUTORY_TRADING_MASTER
KHOU,Min,lead6h,Winter,data/models/KHOU_Winter_Min_lead6h.pkl,ACTIVE_PRODUCTION_MODEL,2000-2018,"scripts/retrain_p4_active10_matrix.py (spec a3cb9954...4fb3, Statutory Multi-Start)",abf3c0e5a9edad5018591fedde5254f2cb7e62dd5d1d74e392ba8f4a931795a7,POOLED-FALLBACK
KHOU,Min,lead12h,Winter,data/models/KHOU_Winter_Min_lead12h.pkl,ACTIVE_PRODUCTION_MODEL,2000-2018,"scripts/retrain_p4_active10_matrix.py (spec a3cb9954...4fb3, Statutory Multi-Start)",24ac38b175cda21a72fccc80f3ec303ea43179a0c8e9f97c832c37132836e2c1,STATUTORY_TRADING_MASTER
KHOU,Min,lead18h,Winter,data/models/KHOU_Winter_Min_lead18h.pkl,ACTIVE_PRODUCTION_MODEL,2000-2018,"scripts/retrain_p4_active10_matrix.py (spec a3cb9954...4fb3, Statutory Multi-Start)",fb02bcc173efcc2b7746b53214afb0b516a425a5e8b494c9ce5ce5d30a87cf9c,STATUTORY_TRADING_MASTER
KHOU,Min,lead24h,Winter,data/models/KHOU_Winter_Min_lead24h.pkl,ACTIVE_PRODUCTION_MODEL,2000-2018,"scripts/retrain_p4_active10_matrix.py (spec a3cb9954...4fb3, Statutory Multi-Start)",42a899333b4dcd46d4b49ed40d43ade44148d081cc25bf471e212d3a83058d47,STATUTORY_TRADING_MASTER
KHOU,Min,lead30h,Winter,data/models/KHOU_Winter_Min_lead30h.pkl,ACTIVE_PRODUCTION_MODEL,2000-2018,"scripts/retrain_p4_active10_matrix.py (spec a3cb9954...4fb3, Statutory Multi-Start)",ecf701e6c60a00217230920ed110d95427403a46768d236a489eafe0b0e077c8,STATUTORY_TRADING_MASTER
KHOU,Min,lead36h,Winter,data/models/KHOU_Winter_Min_lead36h.pkl,ACTIVE_PRODUCTION_MODEL,2000-2018,"scripts/retrain_p4_active10_matrix.py (spec a3cb9954...4fb3, Statutory Multi-Start)",ac745169060f5de337a8d21ef8a5be508bf4cd5b79eb990db6ccede977fae5f1,STATUTORY_TRADING_MASTER
KHOU,Min,lead42h,Winter,data/models/KHOU_Winter_Min_lead42h.pkl,ACTIVE_PRODUCTION_MODEL,2000-2018,"scripts/retrain_p4_active10_matrix.py (spec a3cb9954...4fb3, Statutory Multi-Start)",b402c18e97f9bf29cfca6f48e2026b7e06a6e562b867d2914ff6a29c020c9a54,STATUTORY_TRADING_MASTER
KHOU,Min,lead48h,Winter,data/models/KHOU_Winter_Min_lead48h.pkl,ACTIVE_PRODUCTION_MODEL,2000-2018,"scripts/retrain_p4_active10_matrix.py (spec a3cb9954...4fb3, Statutory Multi-Start)",e5555062f499308e4ebe04f1dd7490371d115a2834d755b7fa91d889794ecaf6,STATUTORY_TRADING_MASTER
KHOU,Min,lead54h,Winter,data/models/KHOU_Winter_Min_lead54h.pkl,ACTIVE_PRODUCTION_MODEL,2000-2018,"scripts/retrain_p4_active10_matrix.py (spec a3cb9954...4fb3, Statutory Multi-Start)",d5c01bd46e8094a692320dddc54ed11ad211a67695ee39c25e5008b5c2299e44,STATUTORY_TRADING_MASTER
KHOU,Min,lead60h,Winter,data/models/KHOU_Winter_Min_lead60h.pkl,ACTIVE_PRODUCTION_MODEL,2000-2018,"scripts/retrain_p4_active10_matrix.py (spec a3cb9954...4fb3, Statutory Multi-Start)",762079c7760de55bab57879a9da8799583ebfca41ffccbec29dc3ecfd51a4c0f,STATUTORY_TRADING_MASTER
KHOU,Min,lead66h,Winter,data/models/KHOU_Winter_Min_lead66h.pkl,ACTIVE_PRODUCTION_MODEL,2000-2018,"scripts/retrain_p4_active10_matrix.py (spec a3cb9954...4fb3, Statutory Multi-Start)",44c27753090ee4796ce21c4873f816d706501c73a3a8e3499120fa7ba181e37e,AUXILIARY_POOLED_FALLBACK
KHOU,Min,lead72h,Winter,data/models/KHOU_Winter_Min_lead72h.pkl,ACTIVE_PRODUCTION_MODEL,2000-2018,"scripts/retrain_p4_active10_matrix.py (spec a3cb9954...4fb3, Statutory Multi-Start)",54d5778d1a7641d6082983529f8f30ba7b8bf11c9dac863386451a668526463c,AUXILIARY_POOLED_FALLBACK
KHOU,Max,lead6h,Spring,data/models/KHOU_Spring_Max_lead6h.pkl,ACTIVE_PRODUCTION_MODEL,2000-2018,"scripts/retrain_p4_active10_matrix.py (spec a3cb9954...4fb3, Statutory Multi-Start)",1e5ddc1bc03c310c9eb64a63c2837706129565fe3266a8f368a0c2731273ea0c,POOLED-FALLBACK
KHOU,Max,lead12h,Spring,data/models/KHOU_Spring_Max_lead12h.pkl,ACTIVE_PRODUCTION_MODEL,2000-2018,"scripts/retrain_p4_active10_matrix.py (spec a3cb9954...4fb3, Statutory Multi-Start)",1efce05b39aa67dcac997c846873c8c810520655e77c9c41ac773fed19f89d20,STATUTORY_TRADING_MASTER
KHOU,Max,lead18h,Spring,data/models/KHOU_Spring_Max_lead18h.pkl,ACTIVE_PRODUCTION_MODEL,2000-2018,"scripts/retrain_p4_active10_matrix.py (spec a3cb9954...4fb3, Statutory Multi-Start)",fab65c5631ced99888f573a2948529c215877cd32e973ac30611694c4d0652ee,STATUTORY_TRADING_MASTER
KHOU,Max,lead24h,Spring,data/models/KHOU_Spring_Max_lead24h.pkl,ACTIVE_PRODUCTION_MODEL,2000-2018,"scripts/retrain_p4_active10_matrix.py (spec a3cb9954...4fb3, Statutory Multi-Start)",fcb24739bbb5d43f4c858a8ba256ac9bcb9dd874dadbd1f4ee6ca53faff4ee1e,STATUTORY_TRADING_MASTER
KHOU,Max,lead30h,Spring,data/models/KHOU_Spring_Max_lead30h.pkl,ACTIVE_PRODUCTION_MODEL,2000-2018,"scripts/retrain_p4_active10_matrix.py (spec a3cb9954...4fb3, Statutory Multi-Start)",5b6351e9f2d8c0add674c2e73bc766e1696074a4b0975136e598610b4321c6bc,STATUTORY_TRADING_MASTER
KHOU,Max,lead36h,Spring,data/models/KHOU_Spring_Max_lead36h.pkl,ACTIVE_PRODUCTION_MODEL,2000-2018,"scripts/retrain_p4_active10_matrix.py (spec a3cb9954...4fb3, Statutory Multi-Start)",e81966da7602592dd896554a6a247892271f8b6166a59c695bad8372f1eb2a74,STATUTORY_TRADING_MASTER
KHOU,Max,lead42h,Spring,data/models/KHOU_Spring_Max_lead42h.pkl,ACTIVE_PRODUCTION_MODEL,2000-2018,"scripts/retrain_p4_active10_matrix.py (spec a3cb9954...4fb3, Statutory Multi-Start)",b672968da0f259f3977aa45a73451b3a42e8d2a71c6f8f021188ba366c63b551,STATUTORY_TRADING_MASTER
KHOU,Max,lead48h,Spring,data/models/KHOU_Spring_Max_lead48h.pkl,ACTIVE_PRODUCTION_MODEL,2000-2018,"scripts/retrain_p4_active10_matrix.py (spec a3cb9954...4fb3, Statutory Multi-Start)",3036d84b03852ff10fbb16f8c1b998eb6efd16ce697c4b247c48e56c9688e145,STATUTORY_TRADING_MASTER
KHOU,Max,lead54h,Spring,data/models/KHOU_Spring_Max_lead54h.pkl,ACTIVE_PRODUCTION_MODEL,2000-2018,"scripts/retrain_p4_active10_matrix.py (spec a3cb9954...4fb3, Statutory Multi-Start)",e5f9b04cb344dc27ffae07b6811cb3994640f1e29291244ebf70e062be38484c,STATUTORY_TRADING_MASTER
KHOU,Max,lead60h,Spring,data/models/KHOU_Spring_Max_lead60h.pkl,ACTIVE_PRODUCTION_MODEL,2000-2018,"scripts/retrain_p4_active10_matrix.py (spec a3cb9954...4fb3, Statutory Multi-Start)",37b44cb0fbb1c3c115fa4b03e677cb4501e13cd26dacc003781e4645e4432d97,AUXILIARY_POOLED_FALLBACK
KHOU,Max,lead66h,Spring,data/models/KHOU_Spring_Max_lead66h.pkl,ACTIVE_PRODUCTION_MODEL,2000-2018,"scripts/retrain_p4_active10_matrix.py (spec a3cb9954...4fb3, Statutory Multi-Start)",fe741b5de24844ebe7b94892e5cde523d7395cc514677debbc16ba4fb00c8e9f,STATUTORY_TRADING_MASTER
KHOU,Max,lead72h,Spring,data/models/KHOU_Spring_Max_lead72h.pkl,ACTIVE_PRODUCTION_MODEL,2000-2018,"scripts/retrain_p4_active10_matrix.py (spec a3cb9954...4fb3, Statutory Multi-Start)",08fad41bfa71d79fcb992fe5a069b4c2b555c25bb95cfaa80e904c87e56acc9f,AUXILIARY_POOLED_FALLBACK
KHOU,Min,lead6h,Spring,data/models/KHOU_Spring_Min_lead6h.pkl,ACTIVE_PRODUCTION_MODEL,2000-2018,"scripts/retrain_p4_active10_matrix.py (spec a3cb9954...4fb3, Statutory Multi-Start)",1762379366c72725eb813f15ecd4c6396c017f3fe68eafc8f853223daa0d6c69,POOLED-FALLBACK
KHOU,Min,lead12h,Spring,data/models/KHOU_Spring_Min_lead12h.pkl,ACTIVE_PRODUCTION_MODEL,2000-2018,"scripts/retrain_p4_active10_matrix.py (spec a3cb9954...4fb3, Statutory Multi-Start)",2aefe34b24b863b4eea5a2fe7fb1b6b9bfb42274602d777e4653c2b75070f593,STATUTORY_TRADING_MASTER
KHOU,Min,lead18h,Spring,data/models/KHOU_Spring_Min_lead18h.pkl,ACTIVE_PRODUCTION_MODEL,2000-2018,"scripts/retrain_p4_active10_matrix.py (spec a3cb9954...4fb3, Statutory Multi-Start)",f3e7ed113faf4459b20383f078754c612c76f430f4f576c097668c7839fc02e8,STATUTORY_TRADING_MASTER
KHOU,Min,lead24h,Spring,data/models/KHOU_Spring_Min_lead24h.pkl,ACTIVE_PRODUCTION_MODEL,2000-2018,"scripts/retrain_p4_active10_matrix.py (spec a3cb9954...4fb3, Statutory Multi-Start)",9996385e940f75ad0182935f3c477f339106a37e6c2c6feb436a4f623131305a,STATUTORY_TRADING_MASTER
KHOU,Min,lead30h,Spring,data/models/KHOU_Spring_Min_lead30h.pkl,ACTIVE_PRODUCTION_MODEL,2000-2018,"scripts/retrain_p4_active10_matrix.py (spec a3cb9954...4fb3, Statutory Multi-Start)",aeb1cc769fd9ff0597727127ffab1b9d17729e678b2cbf993e7f80d768c546be,STATUTORY_TRADING_MASTER
KHOU,Min,lead36h,Spring,data/models/KHOU_Spring_Min_lead36h.pkl,ACTIVE_PRODUCTION_MODEL,2000-2018,"scripts/retrain_p4_active10_matrix.py (spec a3cb9954...4fb3, Statutory Multi-Start)",85d1a2ce8a8ade1f91ed396c627af9d7228f89ebb7c32e79aefa89cfd3655600,STATUTORY_TRADING_MASTER
KHOU,Min,lead42h,Spring,data/models/KHOU_Spring_Min_lead42h.pkl,ACTIVE_PRODUCTION_MODEL,2000-2018,"scripts/retrain_p4_active10_matrix.py (spec a3cb9954...4fb3, Statutory Multi-Start)",bb8a6591288361895421c60c1340c2af47aae3ff01da8a960bd5e016df052ab2,STATUTORY_TRADING_MASTER
KHOU,Min,lead48h,Spring,data/models/KHOU_Spring_Min_lead48h.pkl,ACTIVE_PRODUCTION_MODEL,2000-2018,"scripts/retrain_p4_active10_matrix.py (spec a3cb9954...4fb3, Statutory Multi-Start)",cfed0b8769f19d8b7afaf8f5aca79b10f534cd4010655f69c55294e179254a78,STATUTORY_TRADING_MASTER
KHOU,Min,lead54h,Spring,data/models/KHOU_Spring_Min_lead54h.pkl,ACTIVE_PRODUCTION_MODEL,2000-2018,"scripts/retrain_p4_active10_matrix.py (spec a3cb9954...4fb3, Statutory Multi-Start)",3e523dd3cbfbbca374f06727455e7b7d032545f7dc91583b9005ea973cfbf246,STATUTORY_TRADING_MASTER
KHOU,Min,lead60h,Spring,data/models/KHOU_Spring_Min_lead60h.pkl,ACTIVE_PRODUCTION_MODEL,2000-2018,"scripts/retrain_p4_active10_matrix.py (spec a3cb9954...4fb3, Statutory Multi-Start)",346508842a6d68360e7b02940e5c0bb7b6ca3bfde38b0ceb5bcc6b881098544b,STATUTORY_TRADING_MASTER
KHOU,Min,lead66h,Spring,data/models/KHOU_Spring_Min_lead66h.pkl,ACTIVE_PRODUCTION_MODEL,2000-2018,"scripts/retrain_p4_active10_matrix.py (spec a3cb9954...4fb3, Statutory Multi-Start)",cf3ec11650bbe56773cf83cedc8f780cd53627f918f37ea77bb1e0d804b1348c,AUXILIARY_POOLED_FALLBACK
KHOU,Min,lead72h,Spring,data/models/KHOU_Spring_Min_lead72h.pkl,ACTIVE_PRODUCTION_MODEL,2000-2018,"scripts/retrain_p4_active10_matrix.py (spec a3cb9954...4fb3, Statutory Multi-Start)",619023db19829e76ed51383392efa299a8e5c8c43da744bc74a79ae289b90de3,AUXILIARY_POOLED_FALLBACK
KHOU,Max,lead6h,Summer,data/models/KHOU_Summer_Max_lead6h.pkl,ACTIVE_PRODUCTION_MODEL,2000-2018,"scripts/retrain_p4_active10_matrix.py (spec a3cb9954...4fb3, Statutory Multi-Start)",590c1e9de9368b52d0a96af6d7bca81ba09a8f63f5b76a57f88f4a01b12ce3e9,POOLED-FALLBACK
KHOU,Max,lead12h,Summer,data/models/KHOU_Summer_Max_lead12h.pkl,ACTIVE_PRODUCTION_MODEL,2000-2018,"scripts/retrain_p4_active10_matrix.py (spec a3cb9954...4fb3, Statutory Multi-Start)",bba95ab22ba35dbacf3191bf12b496eef8665eb6bba3ababddc56b0e515f04f9,STATUTORY_TRADING_MASTER
KHOU,Max,lead18h,Summer,data/models/KHOU_Summer_Max_lead18h.pkl,ACTIVE_PRODUCTION_MODEL,2000-2018,"scripts/retrain_p4_active10_matrix.py (spec a3cb9954...4fb3, Statutory Multi-Start)",ba1f4e15c0eebc9996032426c3cf56f584e246fd89cd6ff73882ae1086e0892a,STATUTORY_TRADING_MASTER
KHOU,Max,lead24h,Summer,data/models/KHOU_Summer_Max_lead24h.pkl,ACTIVE_PRODUCTION_MODEL,2000-2018,"scripts/retrain_p4_active10_matrix.py (spec a3cb9954...4fb3, Statutory Multi-Start)",a9d7e29d3cfb1bd8b683ceb403b36ade59c9cf6fbbb1ff2e8249a885ec436e02,STATUTORY_TRADING_MASTER
KHOU,Max,lead30h,Summer,data/models/KHOU_Summer_Max_lead30h.pkl,ACTIVE_PRODUCTION_MODEL,2000-2018,"scripts/retrain_p4_active10_matrix.py (spec a3cb9954...4fb3, Statutory Multi-Start)",5a6c52db852de2781a799cfbcbf5a6b4a9328d7362d8f914e7b5d53a6e3507d1,STATUTORY_TRADING_MASTER
KHOU,Max,lead36h,Summer,data/models/KHOU_Summer_Max_lead36h.pkl,ACTIVE_PRODUCTION_MODEL,2000-2018,"scripts/retrain_p4_active10_matrix.py (spec a3cb9954...4fb3, Statutory Multi-Start)",999ed18d4efb0feb1bdd78bee40e04b4441872b8a0b290773afe677bea50e75b,STATUTORY_TRADING_MASTER
KHOU,Max,lead42h,Summer,data/models/KHOU_Summer_Max_lead42h.pkl,ACTIVE_PRODUCTION_MODEL,2000-2018,"scripts/retrain_p4_active10_matrix.py (spec a3cb9954...4fb3, Statutory Multi-Start)",94d29394377648660f2b59fe27dc1f29d5400bbc053d0584f77364b20d4191c6,STATUTORY_TRADING_MASTER
KHOU,Max,lead48h,Summer,data/models/KHOU_Summer_Max_lead48h.pkl,ACTIVE_PRODUCTION_MODEL,2000-2018,"scripts/retrain_p4_active10_matrix.py (spec a3cb9954...4fb3, Statutory Multi-Start)",157c8526ffb3c1d6ee4e101b7229b4b1a443d64c763994215974f5c695d020f5,STATUTORY_TRADING_MASTER
KHOU,Max,lead54h,Summer,data/models/KHOU_Summer_Max_lead54h.pkl,ACTIVE_PRODUCTION_MODEL,2000-2018,"scripts/retrain_p4_active10_matrix.py (spec a3cb9954...4fb3, Statutory Multi-Start)",7412dc6ccd274b93fe2e9552f875b03fb984545c9ef33f626c4534274dbdac38,STATUTORY_TRADING_MASTER
KHOU,Max,lead60h,Summer,data/models/KHOU_Summer_Max_lead60h.pkl,ACTIVE_PRODUCTION_MODEL,2000-2018,"scripts/retrain_p4_active10_matrix.py (spec a3cb9954...4fb3, Statutory Multi-Start)",8016b3d90ab1c5b571f3ec797a892a3fe999b92c0ec2e90d99258ce2c37d40af,AUXILIARY_POOLED_FALLBACK
KHOU,Max,lead66h,Summer,data/models/KHOU_Summer_Max_lead66h.pkl,ACTIVE_PRODUCTION_MODEL,2000-2018,"scripts/retrain_p4_active10_matrix.py (spec a3cb9954...4fb3, Statutory Multi-Start)",76ea08758c64d5d01528a8d3b3f4fc9755d51846e51c156d7f6b6020caa63acd,STATUTORY_TRADING_MASTER
KHOU,Max,lead72h,Summer,data/models/KHOU_Summer_Max_lead72h.pkl,ACTIVE_PRODUCTION_MODEL,2000-2018,"scripts/retrain_p4_active10_matrix.py (spec a3cb9954...4fb3, Statutory Multi-Start)",fa5b16a5aee036e7910c0c43e5ec296d7d34eecb76a8339d75fb6ce6dd606bdc,AUXILIARY_POOLED_FALLBACK
KHOU,Min,lead6h,Summer,data/models/KHOU_Summer_Min_lead6h.pkl,ACTIVE_PRODUCTION_MODEL,2000-2018,"scripts/retrain_p4_active10_matrix.py (spec a3cb9954...4fb3, Statutory Multi-Start)",e868e5a12a4ff89c7cdfcbff079e874fb27029389af0db8fc2ce4cff5d05116f,POOLED-FALLBACK
KHOU,Min,lead12h,Summer,data/models/KHOU_Summer_Min_lead12h.pkl,ACTIVE_PRODUCTION_MODEL,2000-2018,"scripts/retrain_p4_active10_matrix.py (spec a3cb9954...4fb3, Statutory Multi-Start)",9e03be1bf4871a4b64075c9c1cad2894222ff2d576dcd4487c850c165dae6039,STATUTORY_TRADING_MASTER
KHOU,Min,lead18h,Summer,data/models/KHOU_Summer_Min_lead18h.pkl,ACTIVE_PRODUCTION_MODEL,2000-2018,"scripts/retrain_p4_active10_matrix.py (spec a3cb9954...4fb3, Statutory Multi-Start)",39c14ec105a03181da2636a8d0f148e712f24563487715bf4395d6c340677ae4,STATUTORY_TRADING_MASTER
KHOU,Min,lead24h,Summer,data/models/KHOU_Summer_Min_lead24h.pkl,ACTIVE_PRODUCTION_MODEL,2000-2018,"scripts/retrain_p4_active10_matrix.py (spec a3cb9954...4fb3, Statutory Multi-Start)",41b3ad23e776f052f29015370f4c6ea0e153f8b93a27f9b4a97a140eeffe74e6,STATUTORY_TRADING_MASTER
KHOU,Min,lead30h,Summer,data/models/KHOU_Summer_Min_lead30h.pkl,ACTIVE_PRODUCTION_MODEL,2000-2018,"scripts/retrain_p4_active10_matrix.py (spec a3cb9954...4fb3, Statutory Multi-Start)",c74c83e5eef91a4f28b5a70a532182e4cd9019c7dc5acf4a630297692ce100e6,STATUTORY_TRADING_MASTER
KHOU,Min,lead36h,Summer,data/models/KHOU_Summer_Min_lead36h.pkl,ACTIVE_PRODUCTION_MODEL,2000-2018,"scripts/retrain_p4_active10_matrix.py (spec a3cb9954...4fb3, Statutory Multi-Start)",4c7ff4f095ec1114b24efcdeaaaf187f0b362999defdebe4529cdb139e3ad6bd,STATUTORY_TRADING_MASTER
KHOU,Min,lead42h,Summer,data/models/KHOU_Summer_Min_lead42h.pkl,ACTIVE_PRODUCTION_MODEL,2000-2018,"scripts/retrain_p4_active10_matrix.py (spec a3cb9954...4fb3, Statutory Multi-Start)",18faa093c6e8323baaa332027f27fbc32ab85512a611b8fa53d15eb62b3f3a79,STATUTORY_TRADING_MASTER
KHOU,Min,lead48h,Summer,data/models/KHOU_Summer_Min_lead48h.pkl,ACTIVE_PRODUCTION_MODEL,2000-2018,"scripts/retrain_p4_active10_matrix.py (spec a3cb9954...4fb3, Statutory Multi-Start)",150a18f9674b6bf187b863c7a6dd69f23dd288f67d8094228eccbaa9d03b5a2a,STATUTORY_TRADING_MASTER
KHOU,Min,lead54h,Summer,data/models/KHOU_Summer_Min_lead54h.pkl,ACTIVE_PRODUCTION_MODEL,2000-2018,"scripts/retrain_p4_active10_matrix.py (spec a3cb9954...4fb3, Statutory Multi-Start)",2a88ffac17b96588b190d57f491936379264f27249890895345bca2009418e16,STATUTORY_TRADING_MASTER
KHOU,Min,lead60h,Summer,data/models/KHOU_Summer_Min_lead60h.pkl,ACTIVE_PRODUCTION_MODEL,2000-2018,"scripts/retrain_p4_active10_matrix.py (spec a3cb9954...4fb3, Statutory Multi-Start)",61bf5b9b32caa6ba1c24a8248238cb877dd5c2e852259529342b283f67378520,STATUTORY_TRADING_MASTER
KHOU,Min,lead66h,Summer,data/models/KHOU_Summer_Min_lead66h.pkl,ACTIVE_PRODUCTION_MODEL,2000-2018,"scripts/retrain_p4_active10_matrix.py (spec a3cb9954...4fb3, Statutory Multi-Start)",efce5e31b9078dbaa2bdd3608cb3e4a6ce8b48fe396923822ea081f0e4ffc9f7,AUXILIARY_POOLED_FALLBACK
KHOU,Min,lead72h,Summer,data/models/KHOU_Summer_Min_lead72h.pkl,ACTIVE_PRODUCTION_MODEL,2000-2018,"scripts/retrain_p4_active10_matrix.py (spec a3cb9954...4fb3, Statutory Multi-Start)",8ee77d85171bedafe9021b6cf7305f165063ffab06cf95ece6c00fd211b440a6,AUXILIARY_POOLED_FALLBACK
KHOU,Max,lead6h,Autumn,data/models/KHOU_Autumn_Max_lead6h.pkl,ACTIVE_PRODUCTION_MODEL,2000-2018,"scripts/retrain_p4_active10_matrix.py (spec a3cb9954...4fb3, Statutory Multi-Start)",5e15aff98e95be058ff99e67cd93fa4c3832b850040cdc0942d7dc66cfb81c50,POOLED-FALLBACK
KHOU,Max,lead12h,Autumn,data/models/KHOU_Autumn_Max_lead12h.pkl,ACTIVE_PRODUCTION_MODEL,2000-2018,"scripts/retrain_p4_active10_matrix.py (spec a3cb9954...4fb3, Statutory Multi-Start)",81566f6138aff3ebcae971270b48d1b62c69dfa5bbc54680190ad8eb5baaf27c,STATUTORY_TRADING_MASTER
KHOU,Max,lead18h,Autumn,data/models/KHOU_Autumn_Max_lead18h.pkl,ACTIVE_PRODUCTION_MODEL,2000-2018,"scripts/retrain_p4_active10_matrix.py (spec a3cb9954...4fb3, Statutory Multi-Start)",e19687db267d6d5258655027787e6d96bfaea6b0671e76433940087211b9fd1f,STATUTORY_TRADING_MASTER
KHOU,Max,lead24h,Autumn,data/models/KHOU_Autumn_Max_lead24h.pkl,ACTIVE_PRODUCTION_MODEL,2000-2018,"scripts/retrain_p4_active10_matrix.py (spec a3cb9954...4fb3, Statutory Multi-Start)",71717a285900632ae4dfeab4e51b0a8f7b375228cede1f0ac4f68a52ce3947d9,STATUTORY_TRADING_MASTER
KHOU,Max,lead30h,Autumn,data/models/KHOU_Autumn_Max_lead30h.pkl,ACTIVE_PRODUCTION_MODEL,2000-2018,"scripts/retrain_p4_active10_matrix.py (spec a3cb9954...4fb3, Statutory Multi-Start)",239361a1d691a8b1bd60ba374d985e036b911e444525bf4dd62e46e2b2493322,STATUTORY_TRADING_MASTER
KHOU,Max,lead36h,Autumn,data/models/KHOU_Autumn_Max_lead36h.pkl,ACTIVE_PRODUCTION_MODEL,2000-2018,"scripts/retrain_p4_active10_matrix.py (spec a3cb9954...4fb3, Statutory Multi-Start)",77e9656b0a79b0dffe65571440706a82f5df97fc0d52451d579ea1bb9ec29ef8,STATUTORY_TRADING_MASTER
KHOU,Max,lead42h,Autumn,data/models/KHOU_Autumn_Max_lead42h.pkl,ACTIVE_PRODUCTION_MODEL,2000-2018,"scripts/retrain_p4_active10_matrix.py (spec a3cb9954...4fb3, Statutory Multi-Start)",b9d97a2e1d0b90684e299f3e70682b115ab6a05666d5039e4c7ac74b4b7b2932,STATUTORY_TRADING_MASTER
KHOU,Max,lead48h,Autumn,data/models/KHOU_Autumn_Max_lead48h.pkl,ACTIVE_PRODUCTION_MODEL,2000-2018,"scripts/retrain_p4_active10_matrix.py (spec a3cb9954...4fb3, Statutory Multi-Start)",ad8901b71316cd35dcc0c02727b0de8d085bb5e94e240341fa1484278e877a7f,STATUTORY_TRADING_MASTER
KHOU,Max,lead54h,Autumn,data/models/KHOU_Autumn_Max_lead54h.pkl,ACTIVE_PRODUCTION_MODEL,2000-2018,"scripts/retrain_p4_active10_matrix.py (spec a3cb9954...4fb3, Statutory Multi-Start)",ca858cc662782a05a9099d08a88a81d2c615cef2b9f803a4570dddf8be7129ff,STATUTORY_TRADING_MASTER
KHOU,Max,lead60h,Autumn,data/models/KHOU_Autumn_Max_lead60h.pkl,ACTIVE_PRODUCTION_MODEL,2000-2018,"scripts/retrain_p4_active10_matrix.py (spec a3cb9954...4fb3, Statutory Multi-Start)",ced9d6d7f5960f79b6d0b5b0a757111298f8e5a6ecc581acae498887d0b02020,AUXILIARY_POOLED_FALLBACK
KHOU,Max,lead66h,Autumn,data/models/KHOU_Autumn_Max_lead66h.pkl,ACTIVE_PRODUCTION_MODEL,2000-2018,"scripts/retrain_p4_active10_matrix.py (spec a3cb9954...4fb3, Statutory Multi-Start)",478bd33d441e299140ace0ef9555d1e23b08c46541365878c6d37ae56614446c,STATUTORY_TRADING_MASTER
KHOU,Max,lead72h,Autumn,data/models/KHOU_Autumn_Max_lead72h.pkl,ACTIVE_PRODUCTION_MODEL,2000-2018,"scripts/retrain_p4_active10_matrix.py (spec a3cb9954...4fb3, Statutory Multi-Start)",9836e25b1718aaa68752dadd15c6d38502bc076bbddaa3b67c098e9d1b8d4061,AUXILIARY_POOLED_FALLBACK
KHOU,Min,lead6h,Autumn,data/models/KHOU_Autumn_Min_lead6h.pkl,ACTIVE_PRODUCTION_MODEL,2000-2018,"scripts/retrain_p4_active10_matrix.py (spec a3cb9954...4fb3, Statutory Multi-Start)",2d73364d2852b82939673591e5d6644780a68718a4ccf26d2ab3bd7c9acb914e,POOLED-FALLBACK
KHOU,Min,lead12h,Autumn,data/models/KHOU_Autumn_Min_lead12h.pkl,ACTIVE_PRODUCTION_MODEL,2000-2018,"scripts/retrain_p4_active10_matrix.py (spec a3cb9954...4fb3, Statutory Multi-Start)",14a81568755f858a31b3b6528de01fe35ca2b16357bf4296d5f70befce9a96cb,STATUTORY_TRADING_MASTER
KHOU,Min,lead18h,Autumn,data/models/KHOU_Autumn_Min_lead18h.pkl,ACTIVE_PRODUCTION_MODEL,2000-2018,"scripts/retrain_p4_active10_matrix.py (spec a3cb9954...4fb3, Statutory Multi-Start)",b7d1fed33c2b95d0de6475350d11de06559f3860d843ce721d814dac676a104c,STATUTORY_TRADING_MASTER
KHOU,Min,lead24h,Autumn,data/models/KHOU_Autumn_Min_lead24h.pkl,ACTIVE_PRODUCTION_MODEL,2000-2018,"scripts/retrain_p4_active10_matrix.py (spec a3cb9954...4fb3, Statutory Multi-Start)",9715c84294084c431cac6130c2ae34c9d8137b266dc02587abc1def72043a37b,STATUTORY_TRADING_MASTER
KHOU,Min,lead30h,Autumn,data/models/KHOU_Autumn_Min_lead30h.pkl,ACTIVE_PRODUCTION_MODEL,2000-2018,"scripts/retrain_p4_active10_matrix.py (spec a3cb9954...4fb3, Statutory Multi-Start)",1a48ef183d3255a066c2721e9562855cc1ea0dc007320c5c6a752a0014041a8d,STATUTORY_TRADING_MASTER
KHOU,Min,lead36h,Autumn,data/models/KHOU_Autumn_Min_lead36h.pkl,ACTIVE_PRODUCTION_MODEL,2000-2018,"scripts/retrain_p4_active10_matrix.py (spec a3cb9954...4fb3, Statutory Multi-Start)",a6e9ad8427d0f35d05c60a41e1d85ce573dc090ab2fc45404118c0d5aaeae29f,STATUTORY_TRADING_MASTER
KHOU,Min,lead42h,Autumn,data/models/KHOU_Autumn_Min_lead42h.pkl,ACTIVE_PRODUCTION_MODEL,2000-2018,"scripts/retrain_p4_active10_matrix.py (spec a3cb9954...4fb3, Statutory Multi-Start)",dd4c1181f5517185a1badb5cafbf289ba0e60559ef20f067a696db85145571f6,STATUTORY_TRADING_MASTER
KHOU,Min,lead48h,Autumn,data/models/KHOU_Autumn_Min_lead48h.pkl,ACTIVE_PRODUCTION_MODEL,2000-2018,"scripts/retrain_p4_active10_matrix.py (spec a3cb9954...4fb3, Statutory Multi-Start)",d66096de2f1ad68aea234a752aa14a870dca0678116571e0246433dcc7112332,STATUTORY_TRADING_MASTER
KHOU,Min,lead54h,Autumn,data/models/KHOU_Autumn_Min_lead54h.pkl,ACTIVE_PRODUCTION_MODEL,2000-2018,"scripts/retrain_p4_active10_matrix.py (spec a3cb9954...4fb3, Statutory Multi-Start)",e372f9016485a25bc9de4b2495d027735316a2f330305447a7e9c7d2d2c991d6,STATUTORY_TRADING_MASTER
KHOU,Min,lead60h,Autumn,data/models/KHOU_Autumn_Min_lead60h.pkl,ACTIVE_PRODUCTION_MODEL,2000-2018,"scripts/retrain_p4_active10_matrix.py (spec a3cb9954...4fb3, Statutory Multi-Start)",62b1b1187511ab9b4fe50a5491cbf3ab61418381a8a9f0ee1b052789132a31e4,STATUTORY_TRADING_MASTER
KHOU,Min,lead66h,Autumn,data/models/KHOU_Autumn_Min_lead66h.pkl,ACTIVE_PRODUCTION_MODEL,2000-2018,"scripts/retrain_p4_active10_matrix.py (spec a3cb9954...4fb3, Statutory Multi-Start)",64f9290240197ada46496566ce4eac447aa369f2f563b8bae219a0f7ce4766ef,AUXILIARY_POOLED_FALLBACK
KHOU,Min,lead72h,Autumn,data/models/KHOU_Autumn_Min_lead72h.pkl,ACTIVE_PRODUCTION_MODEL,2000-2018,"scripts/retrain_p4_active10_matrix.py (spec a3cb9954...4fb3, Statutory Multi-Start)",2938d3a0e50c351f83431c6a44fa5d5ef9ef9425307a94b4938c6d2dcd75d5d5,AUXILIARY_POOLED_FALLBACK
KMIA,Max,lead6h,Winter,data/models/KMIA_Winter_Max_lead6h.pkl,ACTIVE_PRODUCTION_MODEL,2000-2018,"scripts/retrain_p4_active10_matrix.py (spec a3cb9954...4fb3, Statutory Multi-Start)",e7492d5f2991000393cbefd948a0e5532ac85bf4e2f8120e287ebd864a3e16d9,POOLED-FALLBACK
KMIA,Max,lead12h,Winter,data/models/KMIA_Winter_Max_lead12h.pkl,ACTIVE_PRODUCTION_MODEL,2000-2018,"scripts/retrain_p4_active10_matrix.py (spec a3cb9954...4fb3, Statutory Multi-Start)",8535b979c7e1f700c6b8528380e801389429874d76f0c6aee6ea25aa08ba1274,STATUTORY_TRADING_MASTER
KMIA,Max,lead18h,Winter,data/models/KMIA_Winter_Max_lead18h.pkl,ACTIVE_PRODUCTION_MODEL,2000-2018,"scripts/retrain_p4_active10_matrix.py (spec a3cb9954...4fb3, Statutory Multi-Start)",13f6f0e4539b4818dc277c32ce06c267ae8073d36c02d6cc1ee3eb67ded2b99a,STATUTORY_TRADING_MASTER
KMIA,Max,lead24h,Winter,data/models/KMIA_Winter_Max_lead24h.pkl,ACTIVE_PRODUCTION_MODEL,2000-2018,"scripts/retrain_p4_active10_matrix.py (spec a3cb9954...4fb3, Statutory Multi-Start)",6a772a0418fa726c109ff280798ba87b765ee9f7ed9b7404306cccd0a371101b,STATUTORY_TRADING_MASTER
KMIA,Max,lead30h,Winter,data/models/KMIA_Winter_Max_lead30h.pkl,ACTIVE_PRODUCTION_MODEL,2000-2018,"scripts/retrain_p4_active10_matrix.py (spec a3cb9954...4fb3, Statutory Multi-Start)",97ed9ffd3aaab9d48e0aa147ee39fbca4bc619d072638ac9daf6cf7c04005990,STATUTORY_TRADING_MASTER
KMIA,Max,lead36h,Winter,data/models/KMIA_Winter_Max_lead36h.pkl,ACTIVE_PRODUCTION_MODEL,2000-2018,"scripts/retrain_p4_active10_matrix.py (spec a3cb9954...4fb3, Statutory Multi-Start)",f8906cc0b39acb24935335a482365d9477f2752959e4024fa0e00ce34a11a911,STATUTORY_TRADING_MASTER
KMIA,Max,lead42h,Winter,data/models/KMIA_Winter_Max_lead42h.pkl,ACTIVE_PRODUCTION_MODEL,2000-2018,"scripts/retrain_p4_active10_matrix.py (spec a3cb9954...4fb3, Statutory Multi-Start)",359b1321059ec48b6a29fb6ce321b4b086102beb1992596c1446e45c26209623,STATUTORY_TRADING_MASTER
KMIA,Max,lead48h,Winter,data/models/KMIA_Winter_Max_lead48h.pkl,ACTIVE_PRODUCTION_MODEL,2000-2018,"scripts/retrain_p4_active10_matrix.py (spec a3cb9954...4fb3, Statutory Multi-Start)",96ee10fee5b0238e7bd0f3e603e5a89ef8667ac0696580704f6ebad94b288931,STATUTORY_TRADING_MASTER
KMIA,Max,lead54h,Winter,data/models/KMIA_Winter_Max_lead54h.pkl,ACTIVE_PRODUCTION_MODEL,2000-2018,"scripts/retrain_p4_active10_matrix.py (spec a3cb9954...4fb3, Statutory Multi-Start)",fd9923f54fbff4bafa20367e70de774c5db31f6c85c33d2c0a2bf3704b139942,STATUTORY_TRADING_MASTER
KMIA,Max,lead60h,Winter,data/models/KMIA_Winter_Max_lead60h.pkl,ACTIVE_PRODUCTION_MODEL,2000-2018,"scripts/retrain_p4_active10_matrix.py (spec a3cb9954...4fb3, Statutory Multi-Start)",18dcc8c290a9690c5ed1a27f2682079ce16d0c6ffc9367e0d18511de1c9b74e4,AUXILIARY_POOLED_FALLBACK
KMIA,Max,lead66h,Winter,data/models/KMIA_Winter_Max_lead66h.pkl,ACTIVE_PRODUCTION_MODEL,2000-2018,"scripts/retrain_p4_active10_matrix.py (spec a3cb9954...4fb3, Statutory Multi-Start)",7441d6ca80be377dacec501c7ab00300edaef4e7deb32f77cd07e34a1b41bc6b,STATUTORY_TRADING_MASTER
KMIA,Max,lead72h,Winter,data/models/KMIA_Winter_Max_lead72h.pkl,ACTIVE_PRODUCTION_MODEL,2000-2018,"scripts/retrain_p4_active10_matrix.py (spec a3cb9954...4fb3, Statutory Multi-Start)",efaceefa203dd7b546b6fb5dcb6e81adfe87dd42e9731044fca08cb38dd93fda,AUXILIARY_POOLED_FALLBACK
KMIA,Min,lead6h,Winter,data/models/KMIA_Winter_Min_lead6h.pkl,ACTIVE_PRODUCTION_MODEL,2000-2018,"scripts/retrain_p4_active10_matrix.py (spec a3cb9954...4fb3, Statutory Multi-Start)",77b55a3a55500ab1fa9ba5f81b7c08328463ceb285687cc4c1d62cbaa17bc45f,POOLED-FALLBACK
KMIA,Min,lead12h,Winter,data/models/KMIA_Winter_Min_lead12h.pkl,ACTIVE_PRODUCTION_MODEL,2000-2018,"scripts/retrain_p4_active10_matrix.py (spec a3cb9954...4fb3, Statutory Multi-Start)",4f3f56d5b98bfcf770fec70e4cd7b83f6f96b12876e0ee446357ceb2ee8c2f05,STATUTORY_TRADING_MASTER
KMIA,Min,lead18h,Winter,data/models/KMIA_Winter_Min_lead18h.pkl,ACTIVE_PRODUCTION_MODEL,2000-2018,"scripts/retrain_p4_active10_matrix.py (spec a3cb9954...4fb3, Statutory Multi-Start)",c9306ce9596a5ccf2bd6ce529312d4ea758ea864fa63e9b9c58992cc4c8ed3cf,STATUTORY_TRADING_MASTER
KMIA,Min,lead24h,Winter,data/models/KMIA_Winter_Min_lead24h.pkl,ACTIVE_PRODUCTION_MODEL,2000-2018,"scripts/retrain_p4_active10_matrix.py (spec a3cb9954...4fb3, Statutory Multi-Start)",c753766f80115d30eaa700084728bdf8ab649f6ec37a182e00e0a0fc91afe006,STATUTORY_TRADING_MASTER
KMIA,Min,lead30h,Winter,data/models/KMIA_Winter_Min_lead30h.pkl,ACTIVE_PRODUCTION_MODEL,2000-2018,"scripts/retrain_p4_active10_matrix.py (spec a3cb9954...4fb3, Statutory Multi-Start)",eac2d5d0d0f561a72dcb066b395c99b98c5b694254314d7436f128ff13421c03,STATUTORY_TRADING_MASTER
KMIA,Min,lead36h,Winter,data/models/KMIA_Winter_Min_lead36h.pkl,ACTIVE_PRODUCTION_MODEL,2000-2018,"scripts/retrain_p4_active10_matrix.py (spec a3cb9954...4fb3, Statutory Multi-Start)",6c9411313924f18ac221ecab7ca24683a2aa056b67302c91771b786eaa24f488,STATUTORY_TRADING_MASTER
KMIA,Min,lead42h,Winter,data/models/KMIA_Winter_Min_lead42h.pkl,ACTIVE_PRODUCTION_MODEL,2000-2018,"scripts/retrain_p4_active10_matrix.py (spec a3cb9954...4fb3, Statutory Multi-Start)",f5682f4cde77b855ec52d0808ba2ccfa32ca15f8e5882400b4800f5d221612d8,STATUTORY_TRADING_MASTER
KMIA,Min,lead48h,Winter,data/models/KMIA_Winter_Min_lead48h.pkl,ACTIVE_PRODUCTION_MODEL,2000-2018,"scripts/retrain_p4_active10_matrix.py (spec a3cb9954...4fb3, Statutory Multi-Start)",97dd456f049e6cb8ef720c7118851d4acd960c26be15f0e519172cb56285fa60,STATUTORY_TRADING_MASTER
KMIA,Min,lead54h,Winter,data/models/KMIA_Winter_Min_lead54h.pkl,ACTIVE_PRODUCTION_MODEL,2000-2018,"scripts/retrain_p4_active10_matrix.py (spec a3cb9954...4fb3, Statutory Multi-Start)",d3e6b2194aa7c8b40ab436fe7a0dcb3ea41ce3e0bafe0c2f1779ca60d74ed785,STATUTORY_TRADING_MASTER
KMIA,Min,lead60h,Winter,data/models/KMIA_Winter_Min_lead60h.pkl,ACTIVE_PRODUCTION_MODEL,2000-2018,"scripts/retrain_p4_active10_matrix.py (spec a3cb9954...4fb3, Statutory Multi-Start)",9f09300140616dffd090e85be5e146f23ac42f705aada0cc12b6774fc19b3930,STATUTORY_TRADING_MASTER
KMIA,Min,lead66h,Winter,data/models/KMIA_Winter_Min_lead66h.pkl,ACTIVE_PRODUCTION_MODEL,2000-2018,"scripts/retrain_p4_active10_matrix.py (spec a3cb9954...4fb3, Statutory Multi-Start)",302971c7b78e21cbc103d330860b25da3499cb30f24add570f32c567a0769e92,AUXILIARY_POOLED_FALLBACK
KMIA,Min,lead72h,Winter,data/models/KMIA_Winter_Min_lead72h.pkl,ACTIVE_PRODUCTION_MODEL,2000-2018,"scripts/retrain_p4_active10_matrix.py (spec a3cb9954...4fb3, Statutory Multi-Start)",d0d82aef65f01b71b9ca3565df6ac16174e584e72ccf3339af27b85886722787,AUXILIARY_POOLED_FALLBACK
KMIA,Max,lead6h,Spring,data/models/KMIA_Spring_Max_lead6h.pkl,ACTIVE_PRODUCTION_MODEL,2000-2018,"scripts/retrain_p4_active10_matrix.py (spec a3cb9954...4fb3, Statutory Multi-Start)",f66378a10addfdfe322f54c802ed908b72478373519b3275d61539b02084af9e,POOLED-FALLBACK
KMIA,Max,lead12h,Spring,data/models/KMIA_Spring_Max_lead12h.pkl,ACTIVE_PRODUCTION_MODEL,2000-2018,"scripts/retrain_p4_active10_matrix.py (spec a3cb9954...4fb3, Statutory Multi-Start)",d917b4506a18ff96090b7b9a26740d4991b6ee7844e03a7fbff8de5030d767cc,STATUTORY_TRADING_MASTER
KMIA,Max,lead18h,Spring,data/models/KMIA_Spring_Max_lead18h.pkl,ACTIVE_PRODUCTION_MODEL,2000-2018,"scripts/retrain_p4_active10_matrix.py (spec a3cb9954...4fb3, Statutory Multi-Start)",780b83f24e0321c46a6c52704eec96deadbbc8143bf0bb5662395bbeaa6b19c6,STATUTORY_TRADING_MASTER
KMIA,Max,lead24h,Spring,data/models/KMIA_Spring_Max_lead24h.pkl,ACTIVE_PRODUCTION_MODEL,2000-2018,"scripts/retrain_p4_active10_matrix.py (spec a3cb9954...4fb3, Statutory Multi-Start)",550f1364c1df84be0c6561c1d7b184abe775b5d1a24b87c2357b95527201bf52,STATUTORY_TRADING_MASTER
KMIA,Max,lead30h,Spring,data/models/KMIA_Spring_Max_lead30h.pkl,ACTIVE_PRODUCTION_MODEL,2000-2018,"scripts/retrain_p4_active10_matrix.py (spec a3cb9954...4fb3, Statutory Multi-Start)",8ebf1474b191603981930c6bd5d517467b47e8dce2e7403fbd8b2c3853ae868e,STATUTORY_TRADING_MASTER
KMIA,Max,lead36h,Spring,data/models/KMIA_Spring_Max_lead36h.pkl,ACTIVE_PRODUCTION_MODEL,2000-2018,"scripts/retrain_p4_active10_matrix.py (spec a3cb9954...4fb3, Statutory Multi-Start)",66d7d1086e945f609cafc57b3e97479a3818955f0f4ad4cac6122a2063737068,STATUTORY_TRADING_MASTER
KMIA,Max,lead42h,Spring,data/models/KMIA_Spring_Max_lead42h.pkl,ACTIVE_PRODUCTION_MODEL,2000-2018,"scripts/retrain_p4_active10_matrix.py (spec a3cb9954...4fb3, Statutory Multi-Start)",7a2b7ce7b1a0c34d27fc360ffb46513926a75a958330071f85ec13c7c671141b,STATUTORY_TRADING_MASTER
KMIA,Max,lead48h,Spring,data/models/KMIA_Spring_Max_lead48h.pkl,ACTIVE_PRODUCTION_MODEL,2000-2018,"scripts/retrain_p4_active10_matrix.py (spec a3cb9954...4fb3, Statutory Multi-Start)",bd9024e745967773b13857fc65dd5bb76eddf71bb683f3693a86afcd2f6a38c4,STATUTORY_TRADING_MASTER
KMIA,Max,lead54h,Spring,data/models/KMIA_Spring_Max_lead54h.pkl,ACTIVE_PRODUCTION_MODEL,2000-2018,"scripts/retrain_p4_active10_matrix.py (spec a3cb9954...4fb3, Statutory Multi-Start)",0687bf2c393a67755eb64547d63d37efed4a27f7c7d203b542be6c75bf816932,STATUTORY_TRADING_MASTER
KMIA,Max,lead60h,Spring,data/models/KMIA_Spring_Max_lead60h.pkl,ACTIVE_PRODUCTION_MODEL,2000-2018,"scripts/retrain_p4_active10_matrix.py (spec a3cb9954...4fb3, Statutory Multi-Start)",81bb0e3fb64a6c6527e2f99a6b56fbc7ae66ade867d44888957bc8552ec84ed7,AUXILIARY_POOLED_FALLBACK
KMIA,Max,lead66h,Spring,data/models/KMIA_Spring_Max_lead66h.pkl,ACTIVE_PRODUCTION_MODEL,2000-2018,"scripts/retrain_p4_active10_matrix.py (spec a3cb9954...4fb3, Statutory Multi-Start)",fe79689c5fdd0860524ada4c7c291006a4e89b410173787f0fe3f302e5226c73,STATUTORY_TRADING_MASTER
KMIA,Max,lead72h,Spring,data/models/KMIA_Spring_Max_lead72h.pkl,ACTIVE_PRODUCTION_MODEL,2000-2018,"scripts/retrain_p4_active10_matrix.py (spec a3cb9954...4fb3, Statutory Multi-Start)",d5265223cbfb8187361a44b49b7e14492130b009edcb3ea59d061e0e187d87af,AUXILIARY_POOLED_FALLBACK
KMIA,Min,lead6h,Spring,data/models/KMIA_Spring_Min_lead6h.pkl,ACTIVE_PRODUCTION_MODEL,2000-2018,"scripts/retrain_p4_active10_matrix.py (spec a3cb9954...4fb3, Statutory Multi-Start)",6e940e542e49299df1901c1712798817bc658cb913770a1f01c0d50e5cd604ed,POOLED-FALLBACK
KMIA,Min,lead12h,Spring,data/models/KMIA_Spring_Min_lead12h.pkl,ACTIVE_PRODUCTION_MODEL,2000-2018,"scripts/retrain_p4_active10_matrix.py (spec a3cb9954...4fb3, Statutory Multi-Start)",b62f2f49f4940a1f52631e57149be8996d1e6f488f82ff28f6a3a6f3f6218be1,STATUTORY_TRADING_MASTER
KMIA,Min,lead18h,Spring,data/models/KMIA_Spring_Min_lead18h.pkl,ACTIVE_PRODUCTION_MODEL,2000-2018,"scripts/retrain_p4_active10_matrix.py (spec a3cb9954...4fb3, Statutory Multi-Start)",7f6dad625856aff166c5281c7316be8875ef28ae942d60577f22573b4d7eb024,STATUTORY_TRADING_MASTER
KMIA,Min,lead24h,Spring,data/models/KMIA_Spring_Min_lead24h.pkl,ACTIVE_PRODUCTION_MODEL,2000-2018,"scripts/retrain_p4_active10_matrix.py (spec a3cb9954...4fb3, Statutory Multi-Start)",947591988ff7bc832f552c30d9d82a8e31d28f9657902180110c88e8387dd595,STATUTORY_TRADING_MASTER
KMIA,Min,lead30h,Spring,data/models/KMIA_Spring_Min_lead30h.pkl,ACTIVE_PRODUCTION_MODEL,2000-2018,"scripts/retrain_p4_active10_matrix.py (spec a3cb9954...4fb3, Statutory Multi-Start)",d7b080645b0c17ead375358c3ee010de80142e200ba8eb30e0d8d6c26b30f612,STATUTORY_TRADING_MASTER
KMIA,Min,lead36h,Spring,data/models/KMIA_Spring_Min_lead36h.pkl,ACTIVE_PRODUCTION_MODEL,2000-2018,"scripts/retrain_p4_active10_matrix.py (spec a3cb9954...4fb3, Statutory Multi-Start)",a1c9bfc404ef9f46cdc411f4e6f608305781d32ee521764c90a86e0384701e19,STATUTORY_TRADING_MASTER
KMIA,Min,lead42h,Spring,data/models/KMIA_Spring_Min_lead42h.pkl,ACTIVE_PRODUCTION_MODEL,2000-2018,"scripts/retrain_p4_active10_matrix.py (spec a3cb9954...4fb3, Statutory Multi-Start)",7e58b5636d981929b974e88da15da583ebc3e65d5b03333f51e5c3b84d003756,STATUTORY_TRADING_MASTER
KMIA,Min,lead48h,Spring,data/models/KMIA_Spring_Min_lead48h.pkl,ACTIVE_PRODUCTION_MODEL,2000-2018,"scripts/retrain_p4_active10_matrix.py (spec a3cb9954...4fb3, Statutory Multi-Start)",6fd954dfd9646cc2a51c273a13c8bfe438d412be04a39d2e6f7706d27794634a,STATUTORY_TRADING_MASTER
KMIA,Min,lead54h,Spring,data/models/KMIA_Spring_Min_lead54h.pkl,ACTIVE_PRODUCTION_MODEL,2000-2018,"scripts/retrain_p4_active10_matrix.py (spec a3cb9954...4fb3, Statutory Multi-Start)",e62a1f198c31f0c468338a7984ce2a83321199c80b5d7d283c831a572ccafd61,STATUTORY_TRADING_MASTER
KMIA,Min,lead60h,Spring,data/models/KMIA_Spring_Min_lead60h.pkl,ACTIVE_PRODUCTION_MODEL,2000-2018,"scripts/retrain_p4_active10_matrix.py (spec a3cb9954...4fb3, Statutory Multi-Start)",8f420bd4389c93efbdecfca42f9d2f770d74c8ddae144937b683ef8e60488768,STATUTORY_TRADING_MASTER
KMIA,Min,lead66h,Spring,data/models/KMIA_Spring_Min_lead66h.pkl,ACTIVE_PRODUCTION_MODEL,2000-2018,"scripts/retrain_p4_active10_matrix.py (spec a3cb9954...4fb3, Statutory Multi-Start)",3191e1c421388e167d84bd11e05af72d0d85529e3ecae1b7b9a721a470f44426,AUXILIARY_POOLED_FALLBACK
KMIA,Min,lead72h,Spring,data/models/KMIA_Spring_Min_lead72h.pkl,ACTIVE_PRODUCTION_MODEL,2000-2018,"scripts/retrain_p4_active10_matrix.py (spec a3cb9954...4fb3, Statutory Multi-Start)",eeebfa62d154bd2424348663e607568d03a85a2e9fb8d35bc1e2e4138786f6e5,AUXILIARY_POOLED_FALLBACK
KMIA,Max,lead6h,Summer,data/models/KMIA_Summer_Max_lead6h.pkl,ACTIVE_PRODUCTION_MODEL,2000-2018,"scripts/retrain_p4_active10_matrix.py (spec a3cb9954...4fb3, Statutory Multi-Start)",2115b6b0f63c79c608bcf97c7ea1d1da0981f61d0931b669964c11ba45eb7a1d,POOLED-FALLBACK
KMIA,Max,lead12h,Summer,data/models/KMIA_Summer_Max_lead12h.pkl,ACTIVE_PRODUCTION_MODEL,2000-2018,"scripts/retrain_p4_active10_matrix.py (spec a3cb9954...4fb3, Statutory Multi-Start)",b909c76678739d5ef2d926ac9fd98449c9b6a0872b6ac3a0b0249fa182af9842,STATUTORY_TRADING_MASTER
KMIA,Max,lead18h,Summer,data/models/KMIA_Summer_Max_lead18h.pkl,ACTIVE_PRODUCTION_MODEL,2000-2018,"scripts/retrain_p4_active10_matrix.py (spec a3cb9954...4fb3, Statutory Multi-Start)",09985128caf301fd9044d860487a112727502aa05530c6c8155a4d65efdd8fa1,STATUTORY_TRADING_MASTER
KMIA,Max,lead24h,Summer,data/models/KMIA_Summer_Max_lead24h.pkl,ACTIVE_PRODUCTION_MODEL,2000-2018,"scripts/retrain_p4_active10_matrix.py (spec a3cb9954...4fb3, Statutory Multi-Start)",b83882bf86fed8e62ef97ea0f1bb8ab4491be71222cb40dc0c7847fc37057bd0,STATUTORY_TRADING_MASTER
KMIA,Max,lead30h,Summer,data/models/KMIA_Summer_Max_lead30h.pkl,ACTIVE_PRODUCTION_MODEL,2000-2018,"scripts/retrain_p4_active10_matrix.py (spec a3cb9954...4fb3, Statutory Multi-Start)",141bef60636fe7ccf93f9bceaac6b0591b9c11e0b26a7ca98834a8f37e827694,STATUTORY_TRADING_MASTER
KMIA,Max,lead36h,Summer,data/models/KMIA_Summer_Max_lead36h.pkl,ACTIVE_PRODUCTION_MODEL,2000-2018,"scripts/retrain_p4_active10_matrix.py (spec a3cb9954...4fb3, Statutory Multi-Start)",6467e71444c084641b3cf5aba5d9a0e7a59c4f87224a64728e502ec95be785de,STATUTORY_TRADING_MASTER
KMIA,Max,lead42h,Summer,data/models/KMIA_Summer_Max_lead42h.pkl,ACTIVE_PRODUCTION_MODEL,2000-2018,"scripts/retrain_p4_active10_matrix.py (spec a3cb9954...4fb3, Statutory Multi-Start)",920e22db806590ef79df7a53f7bafce55a5dd5bfe1fd3a384944704934f83a45,STATUTORY_TRADING_MASTER
KMIA,Max,lead48h,Summer,data/models/KMIA_Summer_Max_lead48h.pkl,ACTIVE_PRODUCTION_MODEL,2000-2018,"scripts/retrain_p4_active10_matrix.py (spec a3cb9954...4fb3, Statutory Multi-Start)",1ad36347092afb80c15fa1add99ed70e90dd4abc915207357b3484d6e2acf183,STATUTORY_TRADING_MASTER
KMIA,Max,lead54h,Summer,data/models/KMIA_Summer_Max_lead54h.pkl,ACTIVE_PRODUCTION_MODEL,2000-2018,"scripts/retrain_p4_active10_matrix.py (spec a3cb9954...4fb3, Statutory Multi-Start)",72ddfce7db86cacd625f7167316a743cf2d3ef40c197b2a8ab62670830ad1fde,STATUTORY_TRADING_MASTER
KMIA,Max,lead60h,Summer,data/models/KMIA_Summer_Max_lead60h.pkl,ACTIVE_PRODUCTION_MODEL,2000-2018,"scripts/retrain_p4_active10_matrix.py (spec a3cb9954...4fb3, Statutory Multi-Start)",2cbd278b6a21e70806ce2a382005980e0f74fc12ee53fe55208c74e184265cff,AUXILIARY_POOLED_FALLBACK
KMIA,Max,lead66h,Summer,data/models/KMIA_Summer_Max_lead66h.pkl,ACTIVE_PRODUCTION_MODEL,2000-2018,"scripts/retrain_p4_active10_matrix.py (spec a3cb9954...4fb3, Statutory Multi-Start)",9b7cbc7c874a5b661df18e3dd4feb95cd18b6988da26288e5dcebccb18471fb0,STATUTORY_TRADING_MASTER
KMIA,Max,lead72h,Summer,data/models/KMIA_Summer_Max_lead72h.pkl,ACTIVE_PRODUCTION_MODEL,2000-2018,"scripts/retrain_p4_active10_matrix.py (spec a3cb9954...4fb3, Statutory Multi-Start)",526c37cae0d3461f6886d52aef59f74ffd47190dd9e9a11ed41f823b5936edc6,AUXILIARY_POOLED_FALLBACK
KMIA,Min,lead6h,Summer,data/models/KMIA_Summer_Min_lead6h.pkl,ACTIVE_PRODUCTION_MODEL,2000-2018,"scripts/retrain_p4_active10_matrix.py (spec a3cb9954...4fb3, Statutory Multi-Start)",8900b5c268d1ab33f79eb00e6108082b14b7fa262646ae26dcb3fbbe9341c765,POOLED-FALLBACK
KMIA,Min,lead12h,Summer,data/models/KMIA_Summer_Min_lead12h.pkl,ACTIVE_PRODUCTION_MODEL,2000-2018,"scripts/retrain_p4_active10_matrix.py (spec a3cb9954...4fb3, Statutory Multi-Start)",0c813a5272106653cd0b81189abc093d61ecf7b0fbad85625c7b02dda7a42fad,STATUTORY_TRADING_MASTER
KMIA,Min,lead18h,Summer,data/models/KMIA_Summer_Min_lead18h.pkl,ACTIVE_PRODUCTION_MODEL,2000-2018,"scripts/retrain_p4_active10_matrix.py (spec a3cb9954...4fb3, Statutory Multi-Start)",8831432624af7389e0735d837e0abae4a33d948f14601c80bdf0c818f43bc30f,STATUTORY_TRADING_MASTER
KMIA,Min,lead24h,Summer,data/models/KMIA_Summer_Min_lead24h.pkl,ACTIVE_PRODUCTION_MODEL,2000-2018,"scripts/retrain_p4_active10_matrix.py (spec a3cb9954...4fb3, Statutory Multi-Start)",1c5fc4464f6d3943c50801862b5c119603ac8c222263296ae5004f0ff9a725db,STATUTORY_TRADING_MASTER
KMIA,Min,lead30h,Summer,data/models/KMIA_Summer_Min_lead30h.pkl,ACTIVE_PRODUCTION_MODEL,2000-2018,"scripts/retrain_p4_active10_matrix.py (spec a3cb9954...4fb3, Statutory Multi-Start)",d3b2834835f1ef79b5368f31755cba30449ccc5fde351e6d6d7f4c0e6a0d0361,STATUTORY_TRADING_MASTER
KMIA,Min,lead36h,Summer,data/models/KMIA_Summer_Min_lead36h.pkl,ACTIVE_PRODUCTION_MODEL,2000-2018,"scripts/retrain_p4_active10_matrix.py (spec a3cb9954...4fb3, Statutory Multi-Start)",e96a0811ceb4ac610c3ddb4270565afb3ab79153600fb70e72d20cd4964ddd65,STATUTORY_TRADING_MASTER
KMIA,Min,lead42h,Summer,data/models/KMIA_Summer_Min_lead42h.pkl,ACTIVE_PRODUCTION_MODEL,2000-2018,"scripts/retrain_p4_active10_matrix.py (spec a3cb9954...4fb3, Statutory Multi-Start)",ef5fd07840857755d2411e8bde037c68744cf310d66433d688909eff0122fc1b,STATUTORY_TRADING_MASTER
KMIA,Min,lead48h,Summer,data/models/KMIA_Summer_Min_lead48h.pkl,ACTIVE_PRODUCTION_MODEL,2000-2018,"scripts/retrain_p4_active10_matrix.py (spec a3cb9954...4fb3, Statutory Multi-Start)",2ee7b4c04b9095f4763a28a6d7f81187b4e7828944cbbc42266bd2eb4fd815f5,STATUTORY_TRADING_MASTER
KMIA,Min,lead54h,Summer,data/models/KMIA_Summer_Min_lead54h.pkl,ACTIVE_PRODUCTION_MODEL,2000-2018,"scripts/retrain_p4_active10_matrix.py (spec a3cb9954...4fb3, Statutory Multi-Start)",9f145b42fa30bc5768dd1d172d932745a97dc3959ba6e9b74a99892924c5156d,STATUTORY_TRADING_MASTER
KMIA,Min,lead60h,Summer,data/models/KMIA_Summer_Min_lead60h.pkl,ACTIVE_PRODUCTION_MODEL,2000-2018,"scripts/retrain_p4_active10_matrix.py (spec a3cb9954...4fb3, Statutory Multi-Start)",a91db0b9fe4fc64be6a5f1de0209a56cb5c191f28b7d69593c1a28fa5037387a,STATUTORY_TRADING_MASTER
KMIA,Min,lead66h,Summer,data/models/KMIA_Summer_Min_lead66h.pkl,ACTIVE_PRODUCTION_MODEL,2000-2018,"scripts/retrain_p4_active10_matrix.py (spec a3cb9954...4fb3, Statutory Multi-Start)",6c263f4c1f6c0a3a98f8c94847e48b2827027c9905be55722f4b34675b33ae64,AUXILIARY_POOLED_FALLBACK
KMIA,Min,lead72h,Summer,data/models/KMIA_Summer_Min_lead72h.pkl,ACTIVE_PRODUCTION_MODEL,2000-2018,"scripts/retrain_p4_active10_matrix.py (spec a3cb9954...4fb3, Statutory Multi-Start)",2517b2ab73609f76cac39c12d77490fb8a38fabb2cb7b556531c8f4e590765e4,AUXILIARY_POOLED_FALLBACK
KMIA,Max,lead6h,Autumn,data/models/KMIA_Autumn_Max_lead6h.pkl,ACTIVE_PRODUCTION_MODEL,2000-2018,"scripts/retrain_p4_active10_matrix.py (spec a3cb9954...4fb3, Statutory Multi-Start)",f96ae8712b8da5c2d112134d7c02429688af8500a4e104c6d9e38637baf2004d,POOLED-FALLBACK
KMIA,Max,lead12h,Autumn,data/models/KMIA_Autumn_Max_lead12h.pkl,ACTIVE_PRODUCTION_MODEL,2000-2018,"scripts/retrain_p4_active10_matrix.py (spec a3cb9954...4fb3, Statutory Multi-Start)",91b80d91afc389e5dd09feb7dcf04024cd555af0830d7befdc42fa3e15522b67,STATUTORY_TRADING_MASTER
KMIA,Max,lead18h,Autumn,data/models/KMIA_Autumn_Max_lead18h.pkl,ACTIVE_PRODUCTION_MODEL,2000-2018,"scripts/retrain_p4_active10_matrix.py (spec a3cb9954...4fb3, Statutory Multi-Start)",cdd53abe25ef7df57f2f9b0832625c02baf6fa03b3b80c5fd93856bebccce4d0,STATUTORY_TRADING_MASTER
KMIA,Max,lead24h,Autumn,data/models/KMIA_Autumn_Max_lead24h.pkl,ACTIVE_PRODUCTION_MODEL,2000-2018,"scripts/retrain_p4_active10_matrix.py (spec a3cb9954...4fb3, Statutory Multi-Start)",4b1fde1640daa16671b520983f3eaf01c00b1adc39275bae9ae2153fd558854a,STATUTORY_TRADING_MASTER
KMIA,Max,lead30h,Autumn,data/models/KMIA_Autumn_Max_lead30h.pkl,ACTIVE_PRODUCTION_MODEL,2000-2018,"scripts/retrain_p4_active10_matrix.py (spec a3cb9954...4fb3, Statutory Multi-Start)",58a4de4d34b9ad76fd7ebf129cc606c2d08a9a86f7212be58859d64e8b8accd4,STATUTORY_TRADING_MASTER
KMIA,Max,lead36h,Autumn,data/models/KMIA_Autumn_Max_lead36h.pkl,ACTIVE_PRODUCTION_MODEL,2000-2018,"scripts/retrain_p4_active10_matrix.py (spec a3cb9954...4fb3, Statutory Multi-Start)",589bd4943e148bc5f8435f9fa8b55a4a426574abbc478902aec14638529be9ca,STATUTORY_TRADING_MASTER
KMIA,Max,lead42h,Autumn,data/models/KMIA_Autumn_Max_lead42h.pkl,ACTIVE_PRODUCTION_MODEL,2000-2018,"scripts/retrain_p4_active10_matrix.py (spec a3cb9954...4fb3, Statutory Multi-Start)",243cc7e5200c6917b8df29bff71a3d6bad8c1921b37744e75859dfe62dcf4adb,STATUTORY_TRADING_MASTER
KMIA,Max,lead48h,Autumn,data/models/KMIA_Autumn_Max_lead48h.pkl,ACTIVE_PRODUCTION_MODEL,2000-2018,"scripts/retrain_p4_active10_matrix.py (spec a3cb9954...4fb3, Statutory Multi-Start)",3b02da57f83056c24dd54b24bdc36fcaacba7727d9e812e6b56c96d11d2f7b05,STATUTORY_TRADING_MASTER
KMIA,Max,lead54h,Autumn,data/models/KMIA_Autumn_Max_lead54h.pkl,ACTIVE_PRODUCTION_MODEL,2000-2018,"scripts/retrain_p4_active10_matrix.py (spec a3cb9954...4fb3, Statutory Multi-Start)",d55977cb1cde3b8a970421408e7f21447813adfcd6f6628d021d736a82db2199,STATUTORY_TRADING_MASTER
KMIA,Max,lead60h,Autumn,data/models/KMIA_Autumn_Max_lead60h.pkl,ACTIVE_PRODUCTION_MODEL,2000-2018,"scripts/retrain_p4_active10_matrix.py (spec a3cb9954...4fb3, Statutory Multi-Start)",17a937c86747cf517f3ebd7a617099630b4dc212ace5058ae636d51957cdbe2a,AUXILIARY_POOLED_FALLBACK
KMIA,Max,lead66h,Autumn,data/models/KMIA_Autumn_Max_lead66h.pkl,ACTIVE_PRODUCTION_MODEL,2000-2018,"scripts/retrain_p4_active10_matrix.py (spec a3cb9954...4fb3, Statutory Multi-Start)",30814d8759600f9a8f3349f18c87e688b05f725733dd92b6af97678b7d7f2520,STATUTORY_TRADING_MASTER
KMIA,Max,lead72h,Autumn,data/models/KMIA_Autumn_Max_lead72h.pkl,ACTIVE_PRODUCTION_MODEL,2000-2018,"scripts/retrain_p4_active10_matrix.py (spec a3cb9954...4fb3, Statutory Multi-Start)",b1048439803a2569d852ab49d889bbce76cbf5419c185248e974bd2a70b74af8,AUXILIARY_POOLED_FALLBACK
KMIA,Min,lead6h,Autumn,data/models/KMIA_Autumn_Min_lead6h.pkl,ACTIVE_PRODUCTION_MODEL,2000-2018,"scripts/retrain_p4_active10_matrix.py (spec a3cb9954...4fb3, Statutory Multi-Start)",2ef2fa06c03f6cf6b7e6cdab1ed4ffd959ed0db94405b15c156af5b35b3d7431,POOLED-FALLBACK
KMIA,Min,lead12h,Autumn,data/models/KMIA_Autumn_Min_lead12h.pkl,ACTIVE_PRODUCTION_MODEL,2000-2018,"scripts/retrain_p4_active10_matrix.py (spec a3cb9954...4fb3, Statutory Multi-Start)",0db3c12c39dcd18c01d1fe14df645c23676bbd2d59f6d26ab308238113413b33,STATUTORY_TRADING_MASTER
KMIA,Min,lead18h,Autumn,data/models/KMIA_Autumn_Min_lead18h.pkl,ACTIVE_PRODUCTION_MODEL,2000-2018,"scripts/retrain_p4_active10_matrix.py (spec a3cb9954...4fb3, Statutory Multi-Start)",54da14a1e14e97016640ddfcefeb658d06784bf19a3615feb122a90e49882946,STATUTORY_TRADING_MASTER
KMIA,Min,lead24h,Autumn,data/models/KMIA_Autumn_Min_lead24h.pkl,ACTIVE_PRODUCTION_MODEL,2000-2018,"scripts/retrain_p4_active10_matrix.py (spec a3cb9954...4fb3, Statutory Multi-Start)",217a757845b6f9bc8e8dbdf43ebf33f232e8074f7d92dca0c47f5413f78eadfb,STATUTORY_TRADING_MASTER
KMIA,Min,lead30h,Autumn,data/models/KMIA_Autumn_Min_lead30h.pkl,ACTIVE_PRODUCTION_MODEL,2000-2018,"scripts/retrain_p4_active10_matrix.py (spec a3cb9954...4fb3, Statutory Multi-Start)",668c0d42b100101da4b25ebee58359694c4a554e9a29ab3d82e8ce22ecf88fbb,STATUTORY_TRADING_MASTER
KMIA,Min,lead36h,Autumn,data/models/KMIA_Autumn_Min_lead36h.pkl,ACTIVE_PRODUCTION_MODEL,2000-2018,"scripts/retrain_p4_active10_matrix.py (spec a3cb9954...4fb3, Statutory Multi-Start)",b5adcc594ae0fe86631b94f87fcd1033f8b8a3b9c06a3ef4d45ce1a3665c04a3,STATUTORY_TRADING_MASTER
KMIA,Min,lead42h,Autumn,data/models/KMIA_Autumn_Min_lead42h.pkl,ACTIVE_PRODUCTION_MODEL,2000-2018,"scripts/retrain_p4_active10_matrix.py (spec a3cb9954...4fb3, Statutory Multi-Start)",267616c46da093a60438c6a06b95799f6aec6c5584fd6ab778db4d892d8e0c3a,STATUTORY_TRADING_MASTER
KMIA,Min,lead48h,Autumn,data/models/KMIA_Autumn_Min_lead48h.pkl,ACTIVE_PRODUCTION_MODEL,2000-2018,"scripts/retrain_p4_active10_matrix.py (spec a3cb9954...4fb3, Statutory Multi-Start)",350bbb469e3a8f8a1b8a7be511aa47199cce08d4db4b12f926429d3cb725299a,STATUTORY_TRADING_MASTER
KMIA,Min,lead54h,Autumn,data/models/KMIA_Autumn_Min_lead54h.pkl,ACTIVE_PRODUCTION_MODEL,2000-2018,"scripts/retrain_p4_active10_matrix.py (spec a3cb9954...4fb3, Statutory Multi-Start)",5f3e92892427c62305f5b807b8fb1acd1ff0ff0af11f5c1665aebca4ff99b393,STATUTORY_TRADING_MASTER
KMIA,Min,lead60h,Autumn,data/models/KMIA_Autumn_Min_lead60h.pkl,ACTIVE_PRODUCTION_MODEL,2000-2018,"scripts/retrain_p4_active10_matrix.py (spec a3cb9954...4fb3, Statutory Multi-Start)",ff03b872195e4faccc0902a9fc474ea0e3ea21ebff3326954813c507a9f114a3,STATUTORY_TRADING_MASTER
KMIA,Min,lead66h,Autumn,data/models/KMIA_Autumn_Min_lead66h.pkl,ACTIVE_PRODUCTION_MODEL,2000-2018,"scripts/retrain_p4_active10_matrix.py (spec a3cb9954...4fb3, Statutory Multi-Start)",a3eee8786ebb94f54cfbe301e29e0836b626fbe3092317e605d905327c99b3d5,AUXILIARY_POOLED_FALLBACK
KMIA,Min,lead72h,Autumn,data/models/KMIA_Autumn_Min_lead72h.pkl,ACTIVE_PRODUCTION_MODEL,2000-2018,"scripts/retrain_p4_active10_matrix.py (spec a3cb9954...4fb3, Statutory Multi-Start)",e7c8c9145558e85760276fbef9ed9ed616021056c3d782680a52a4ddfac45718,AUXILIARY_POOLED_FALLBACK
KSFO,Max,lead6h,Winter,data/models/KSFO_Winter_Max_lead6h.pkl,ACTIVE_PRODUCTION_MODEL,2000-2018,"scripts/retrain_p4_active10_matrix.py (spec a3cb9954...4fb3, Statutory Multi-Start)",223e8e678d3417be5e0107b37a24b6021b184697cd484dd4362f1dcf0ce04206,POOLED-FALLBACK
KSFO,Max,lead12h,Winter,data/models/KSFO_Winter_Max_lead12h.pkl,ACTIVE_PRODUCTION_MODEL,2000-2018,"scripts/retrain_p4_active10_matrix.py (spec a3cb9954...4fb3, Statutory Multi-Start)",e5745100d16088dc18f04a68205cec8414ad89cb0a4dbdc0dad9056fad9ae271,STATUTORY_TRADING_MASTER
KSFO,Max,lead18h,Winter,data/models/KSFO_Winter_Max_lead18h.pkl,ACTIVE_PRODUCTION_MODEL,2000-2018,"scripts/retrain_p4_active10_matrix.py (spec a3cb9954...4fb3, Statutory Multi-Start)",23077f3650990363120b943b8fea33e2bae4584ae1e88ec3ce78c2d25065b35f,STATUTORY_TRADING_MASTER
KSFO,Max,lead24h,Winter,data/models/KSFO_Winter_Max_lead24h.pkl,ACTIVE_PRODUCTION_MODEL,2000-2018,"scripts/retrain_p4_active10_matrix.py (spec a3cb9954...4fb3, Statutory Multi-Start)",5ab47f842b247832fe83cd07349e68e62d20b9472327122c962c6d88863f8428,STATUTORY_TRADING_MASTER
KSFO,Max,lead30h,Winter,data/models/KSFO_Winter_Max_lead30h.pkl,ACTIVE_PRODUCTION_MODEL,2000-2018,"scripts/retrain_p4_active10_matrix.py (spec a3cb9954...4fb3, Statutory Multi-Start)",2a4874fd873f6467a834e0445d23c0aaacfbbcb91dd7114d3315bfc4601e698c,STATUTORY_TRADING_MASTER
KSFO,Max,lead36h,Winter,data/models/KSFO_Winter_Max_lead36h.pkl,ACTIVE_PRODUCTION_MODEL,2000-2018,"scripts/retrain_p4_active10_matrix.py (spec a3cb9954...4fb3, Statutory Multi-Start)",cadda5e2c23a26b2c7abec1e2afe5058685bab7559c8514c8a413e303c1c778c,STATUTORY_TRADING_MASTER
KSFO,Max,lead42h,Winter,data/models/KSFO_Winter_Max_lead42h.pkl,ACTIVE_PRODUCTION_MODEL,2000-2018,"scripts/retrain_p4_active10_matrix.py (spec a3cb9954...4fb3, Statutory Multi-Start)",30e51018ac2f0009b216f115292f2b18d15c03ead3a8da5211e50821371b361f,STATUTORY_TRADING_MASTER
KSFO,Max,lead48h,Winter,data/models/KSFO_Winter_Max_lead48h.pkl,ACTIVE_PRODUCTION_MODEL,2000-2018,"scripts/retrain_p4_active10_matrix.py (spec a3cb9954...4fb3, Statutory Multi-Start)",7a1732236e96f43395a23e3b8411feb32337ab09fa0d8cce6b8180ee1873fc2b,STATUTORY_TRADING_MASTER
KSFO,Max,lead54h,Winter,data/models/KSFO_Winter_Max_lead54h.pkl,ACTIVE_PRODUCTION_MODEL,2000-2018,"scripts/retrain_p4_active10_matrix.py (spec a3cb9954...4fb3, Statutory Multi-Start)",2667dd28e6c7db881430aa3a4b19b94444459f5d249a31c0ad5a10ec67be9d70,STATUTORY_TRADING_MASTER
KSFO,Max,lead60h,Winter,data/models/KSFO_Winter_Max_lead60h.pkl,ACTIVE_PRODUCTION_MODEL,2000-2018,"scripts/retrain_p4_active10_matrix.py (spec a3cb9954...4fb3, Statutory Multi-Start)",cfdbf20379de669b391c204c5624b32a36e40e3d97b00469f27300d6118a9c03,AUXILIARY_POOLED_FALLBACK
KSFO,Max,lead66h,Winter,data/models/KSFO_Winter_Max_lead66h.pkl,ACTIVE_PRODUCTION_MODEL,2000-2018,"scripts/retrain_p4_active10_matrix.py (spec a3cb9954...4fb3, Statutory Multi-Start)",37c9f8671844ce216521046c2d36a93d02a59fc6604b2fbfd2e14e9b6030223d,AUXILIARY_POOLED_FALLBACK
KSFO,Max,lead72h,Winter,data/models/KSFO_Winter_Max_lead72h.pkl,ACTIVE_PRODUCTION_MODEL,2000-2018,"scripts/retrain_p4_active10_matrix.py (spec a3cb9954...4fb3, Statutory Multi-Start)",0fb0ca80897c492c2759aaa81c659e2074ef733a385286568f4c6ca8ee19a95a,STATUTORY_TRADING_MASTER
KSFO,Min,lead6h,Winter,data/models/KSFO_Winter_Min_lead6h.pkl,ACTIVE_PRODUCTION_MODEL,2000-2018,"scripts/retrain_p4_active10_matrix.py (spec a3cb9954...4fb3, Statutory Multi-Start)",b121510aea30c47ab198559fd19b7a7717bb5f2e33e2df5a1607e924f808d86f,POOLED-FALLBACK
KSFO,Min,lead12h,Winter,data/models/KSFO_Winter_Min_lead12h.pkl,ACTIVE_PRODUCTION_MODEL,2000-2018,"scripts/retrain_p4_active10_matrix.py (spec a3cb9954...4fb3, Statutory Multi-Start)",ff746ba76c58cc82d655e96ce52f5a3ac4f25f5c1af6e1754bd725763daaba26,STATUTORY_TRADING_MASTER
KSFO,Min,lead18h,Winter,data/models/KSFO_Winter_Min_lead18h.pkl,ACTIVE_PRODUCTION_MODEL,2000-2018,"scripts/retrain_p4_active10_matrix.py (spec a3cb9954...4fb3, Statutory Multi-Start)",58e5f9abc795ecc23f76f0af96933b4505ffcdfdcbef596ee78b6ce8243f9825,STATUTORY_TRADING_MASTER
KSFO,Min,lead24h,Winter,data/models/KSFO_Winter_Min_lead24h.pkl,ACTIVE_PRODUCTION_MODEL,2000-2018,"scripts/retrain_p4_active10_matrix.py (spec a3cb9954...4fb3, Statutory Multi-Start)",b7074fb4ea20773734749181e719f9bf119a2c11730996459b65f708337191ad,STATUTORY_TRADING_MASTER
KSFO,Min,lead30h,Winter,data/models/KSFO_Winter_Min_lead30h.pkl,ACTIVE_PRODUCTION_MODEL,2000-2018,"scripts/retrain_p4_active10_matrix.py (spec a3cb9954...4fb3, Statutory Multi-Start)",0b667bfb233f6d5e1fe3c877c2584363234d64de40a0a33715cc5bf92896f129,STATUTORY_TRADING_MASTER
KSFO,Min,lead36h,Winter,data/models/KSFO_Winter_Min_lead36h.pkl,ACTIVE_PRODUCTION_MODEL,2000-2018,"scripts/retrain_p4_active10_matrix.py (spec a3cb9954...4fb3, Statutory Multi-Start)",95b2405e6cb362f21530aa049ca4a9d338d6090b07d4b3204bbc5d361298fb4b,STATUTORY_TRADING_MASTER
KSFO,Min,lead42h,Winter,data/models/KSFO_Winter_Min_lead42h.pkl,ACTIVE_PRODUCTION_MODEL,2000-2018,"scripts/retrain_p4_active10_matrix.py (spec a3cb9954...4fb3, Statutory Multi-Start)",010ed217e343b559b7fc636eb6a7ae659bc08c7f7992bd7d2e00fe4df6704f36,STATUTORY_TRADING_MASTER
KSFO,Min,lead48h,Winter,data/models/KSFO_Winter_Min_lead48h.pkl,ACTIVE_PRODUCTION_MODEL,2000-2018,"scripts/retrain_p4_active10_matrix.py (spec a3cb9954...4fb3, Statutory Multi-Start)",81a1e19cf1fdbb574a3011175ab61e6e4b37fc05679927d6d54dd6d9f88b585f,STATUTORY_TRADING_MASTER
KSFO,Min,lead54h,Winter,data/models/KSFO_Winter_Min_lead54h.pkl,ACTIVE_PRODUCTION_MODEL,2000-2018,"scripts/retrain_p4_active10_matrix.py (spec a3cb9954...4fb3, Statutory Multi-Start)",3c335c82b23b76d3dd326915b5ea33d8bfadb6939e5d0153dd6188f196a6148d,STATUTORY_TRADING_MASTER
KSFO,Min,lead60h,Winter,data/models/KSFO_Winter_Min_lead60h.pkl,ACTIVE_PRODUCTION_MODEL,2000-2018,"scripts/retrain_p4_active10_matrix.py (spec a3cb9954...4fb3, Statutory Multi-Start)",abc296cbfd40c2b355f0eb11c17252a81e212f83334b0c4bc1dba66f83518575,AUXILIARY_POOLED_FALLBACK
KSFO,Min,lead66h,Winter,data/models/KSFO_Winter_Min_lead66h.pkl,ACTIVE_PRODUCTION_MODEL,2000-2018,"scripts/retrain_p4_active10_matrix.py (spec a3cb9954...4fb3, Statutory Multi-Start)",4eac5b9d7591eb9238dfd18e75f6dd41ad4441b21dd42ab91a1c782572199110,STATUTORY_TRADING_MASTER
KSFO,Min,lead72h,Winter,data/models/KSFO_Winter_Min_lead72h.pkl,ACTIVE_PRODUCTION_MODEL,2000-2018,"scripts/retrain_p4_active10_matrix.py (spec a3cb9954...4fb3, Statutory Multi-Start)",72ba9231f42b5da4b4643c994105d1425be6b34189cb5432faff4922a1d6e3a0,AUXILIARY_POOLED_FALLBACK
KSFO,Max,lead6h,Spring,data/models/KSFO_Spring_Max_lead6h.pkl,ACTIVE_PRODUCTION_MODEL,2000-2018,"scripts/retrain_p4_active10_matrix.py (spec a3cb9954...4fb3, Statutory Multi-Start)",306b829480caab8ba8d48e658ad5d8e47818fc96424982856f74ded625b4df1f,POOLED-FALLBACK
KSFO,Max,lead12h,Spring,data/models/KSFO_Spring_Max_lead12h.pkl,ACTIVE_PRODUCTION_MODEL,2000-2018,"scripts/retrain_p4_active10_matrix.py (spec a3cb9954...4fb3, Statutory Multi-Start)",52e6a7a65bc72b21d6b6e3501715ee8c32bd4cdf93262f40e4a40aadc87b0269,STATUTORY_TRADING_MASTER
KSFO,Max,lead18h,Spring,data/models/KSFO_Spring_Max_lead18h.pkl,ACTIVE_PRODUCTION_MODEL,2000-2018,"scripts/retrain_p4_active10_matrix.py (spec a3cb9954...4fb3, Statutory Multi-Start)",0bacf4e9cabbae3708cb286b217141d56e0854035ebc89f7c801387eb6adfb3c,STATUTORY_TRADING_MASTER
KSFO,Max,lead24h,Spring,data/models/KSFO_Spring_Max_lead24h.pkl,ACTIVE_PRODUCTION_MODEL,2000-2018,"scripts/retrain_p4_active10_matrix.py (spec a3cb9954...4fb3, Statutory Multi-Start)",38574023fa08a9b63e86a7357db75fb026d9f259e34ed2fef7e4ae6a274c5f91,STATUTORY_TRADING_MASTER
KSFO,Max,lead30h,Spring,data/models/KSFO_Spring_Max_lead30h.pkl,ACTIVE_PRODUCTION_MODEL,2000-2018,"scripts/retrain_p4_active10_matrix.py (spec a3cb9954...4fb3, Statutory Multi-Start)",780c9d4ca0229861c11ed33e4b97994044582b623e8057bc54311ba2e13b08e2,STATUTORY_TRADING_MASTER
KSFO,Max,lead36h,Spring,data/models/KSFO_Spring_Max_lead36h.pkl,ACTIVE_PRODUCTION_MODEL,2000-2018,"scripts/retrain_p4_active10_matrix.py (spec a3cb9954...4fb3, Statutory Multi-Start)",5cb269c2dacf51a7c86220b96e8324f1d55958a459385818761baec29858a819,STATUTORY_TRADING_MASTER
KSFO,Max,lead42h,Spring,data/models/KSFO_Spring_Max_lead42h.pkl,ACTIVE_PRODUCTION_MODEL,2000-2018,"scripts/retrain_p4_active10_matrix.py (spec a3cb9954...4fb3, Statutory Multi-Start)",f401d2dd5cf1a1edf3fc88534bec4cab38abf41f90654776bd1cdb5d4e7ad93a,STATUTORY_TRADING_MASTER
KSFO,Max,lead48h,Spring,data/models/KSFO_Spring_Max_lead48h.pkl,ACTIVE_PRODUCTION_MODEL,2000-2018,"scripts/retrain_p4_active10_matrix.py (spec a3cb9954...4fb3, Statutory Multi-Start)",6b9b81a5794ebb0e4dea55aa6ef3c3b7e04dbf74a39f6f226c7c1048e5c6f140,STATUTORY_TRADING_MASTER
KSFO,Max,lead54h,Spring,data/models/KSFO_Spring_Max_lead54h.pkl,ACTIVE_PRODUCTION_MODEL,2000-2018,"scripts/retrain_p4_active10_matrix.py (spec a3cb9954...4fb3, Statutory Multi-Start)",40e561229b6a88ac4a76874f3a41b453659dbd608f347ab94d576075791aebad,STATUTORY_TRADING_MASTER
KSFO,Max,lead60h,Spring,data/models/KSFO_Spring_Max_lead60h.pkl,ACTIVE_PRODUCTION_MODEL,2000-2018,"scripts/retrain_p4_active10_matrix.py (spec a3cb9954...4fb3, Statutory Multi-Start)",2779cb9a684f5f370b386e4139b6e1ef903fe6f853cbc6f6917b152ec1e4441c,AUXILIARY_POOLED_FALLBACK
KSFO,Max,lead66h,Spring,data/models/KSFO_Spring_Max_lead66h.pkl,ACTIVE_PRODUCTION_MODEL,2000-2018,"scripts/retrain_p4_active10_matrix.py (spec a3cb9954...4fb3, Statutory Multi-Start)",90126b8e5063197ae4a9aebe560d01c01b19543ecfcfaca442b74cd10ad3346b,AUXILIARY_POOLED_FALLBACK
KSFO,Max,lead72h,Spring,data/models/KSFO_Spring_Max_lead72h.pkl,ACTIVE_PRODUCTION_MODEL,2000-2018,"scripts/retrain_p4_active10_matrix.py (spec a3cb9954...4fb3, Statutory Multi-Start)",0cf5b214f22e4bde744fa7652f26a0b4fe37b284e4492e3a5dc4961d0389dc0f,STATUTORY_TRADING_MASTER
KSFO,Min,lead6h,Spring,data/models/KSFO_Spring_Min_lead6h.pkl,ACTIVE_PRODUCTION_MODEL,2000-2018,"scripts/retrain_p4_active10_matrix.py (spec a3cb9954...4fb3, Statutory Multi-Start)",d0833ba474e688d8997bdf6c7a52c2331541f4276ae6638e0b67d5e252ce96a4,POOLED-FALLBACK
KSFO,Min,lead12h,Spring,data/models/KSFO_Spring_Min_lead12h.pkl,ACTIVE_PRODUCTION_MODEL,2000-2018,"scripts/retrain_p4_active10_matrix.py (spec a3cb9954...4fb3, Statutory Multi-Start)",a2249ae93698d815dca6aa22df7f21139986150bb6d17c6b92f58ba69ef2518c,STATUTORY_TRADING_MASTER
KSFO,Min,lead18h,Spring,data/models/KSFO_Spring_Min_lead18h.pkl,ACTIVE_PRODUCTION_MODEL,2000-2018,"scripts/retrain_p4_active10_matrix.py (spec a3cb9954...4fb3, Statutory Multi-Start)",988d41a83ebc1505b79f1328873664152717c75815d2d7f04ea75396bc92fa3e,STATUTORY_TRADING_MASTER
KSFO,Min,lead24h,Spring,data/models/KSFO_Spring_Min_lead24h.pkl,ACTIVE_PRODUCTION_MODEL,2000-2018,"scripts/retrain_p4_active10_matrix.py (spec a3cb9954...4fb3, Statutory Multi-Start)",487e82448fbc82fc4d9a3d9a919b684e9b583ef4c666d4f65177e76f4a378f55,STATUTORY_TRADING_MASTER
KSFO,Min,lead30h,Spring,data/models/KSFO_Spring_Min_lead30h.pkl,ACTIVE_PRODUCTION_MODEL,2000-2018,"scripts/retrain_p4_active10_matrix.py (spec a3cb9954...4fb3, Statutory Multi-Start)",7f4824deaf78479ef2d4aafa4fbf3718041abae1b5282253f992994c7a47125c,STATUTORY_TRADING_MASTER
KSFO,Min,lead36h,Spring,data/models/KSFO_Spring_Min_lead36h.pkl,ACTIVE_PRODUCTION_MODEL,2000-2018,"scripts/retrain_p4_active10_matrix.py (spec a3cb9954...4fb3, Statutory Multi-Start)",29db5d65aa7a8121d8afc6d2168d81d51731dc7b1785ae24efa4e1c4187c21e4,STATUTORY_TRADING_MASTER
KSFO,Min,lead42h,Spring,data/models/KSFO_Spring_Min_lead42h.pkl,ACTIVE_PRODUCTION_MODEL,2000-2018,"scripts/retrain_p4_active10_matrix.py (spec a3cb9954...4fb3, Statutory Multi-Start)",78292bb11494ef6312bd7342e7d19077b766dce849f6ea0b9976691424388e42,STATUTORY_TRADING_MASTER
KSFO,Min,lead48h,Spring,data/models/KSFO_Spring_Min_lead48h.pkl,ACTIVE_PRODUCTION_MODEL,2000-2018,"scripts/retrain_p4_active10_matrix.py (spec a3cb9954...4fb3, Statutory Multi-Start)",4ef48a74c3cc2c1420d5b24f1b37baf416ceac145dbe8ed0c7584133004f7445,STATUTORY_TRADING_MASTER
KSFO,Min,lead54h,Spring,data/models/KSFO_Spring_Min_lead54h.pkl,ACTIVE_PRODUCTION_MODEL,2000-2018,"scripts/retrain_p4_active10_matrix.py (spec a3cb9954...4fb3, Statutory Multi-Start)",7f45e72b4351c63ec7d8689e9a2fa83d2b22ae44dcf690b82dd32c5531620478,STATUTORY_TRADING_MASTER
KSFO,Min,lead60h,Spring,data/models/KSFO_Spring_Min_lead60h.pkl,ACTIVE_PRODUCTION_MODEL,2000-2018,"scripts/retrain_p4_active10_matrix.py (spec a3cb9954...4fb3, Statutory Multi-Start)",11b51675c34774285390f0767ce4c6054a2e5854d380c0d23ba862aae9e2ba8f,AUXILIARY_POOLED_FALLBACK
KSFO,Min,lead66h,Spring,data/models/KSFO_Spring_Min_lead66h.pkl,ACTIVE_PRODUCTION_MODEL,2000-2018,"scripts/retrain_p4_active10_matrix.py (spec a3cb9954...4fb3, Statutory Multi-Start)",e98e1596d6e87be9a539a2411ccc393e548fc525e80e5b575393d784a145bfa9,STATUTORY_TRADING_MASTER
KSFO,Min,lead72h,Spring,data/models/KSFO_Spring_Min_lead72h.pkl,ACTIVE_PRODUCTION_MODEL,2000-2018,"scripts/retrain_p4_active10_matrix.py (spec a3cb9954...4fb3, Statutory Multi-Start)",1a3aaab6ee8232476f84341a2b5c80d61be2e1271b795074a1abffc444f2424c,AUXILIARY_POOLED_FALLBACK
KSFO,Max,lead6h,Summer,data/models/KSFO_Summer_Max_lead6h.pkl,ACTIVE_PRODUCTION_MODEL,2000-2018,"scripts/retrain_p4_active10_matrix.py (spec a3cb9954...4fb3, Statutory Multi-Start)",1c31fe10d74dc018ebd615ed8e7527711cbcc485fc0668b4c88002c78c0095de,POOLED-FALLBACK
KSFO,Max,lead12h,Summer,data/models/KSFO_Summer_Max_lead12h.pkl,ACTIVE_PRODUCTION_MODEL,2000-2018,"scripts/retrain_p4_active10_matrix.py (spec a3cb9954...4fb3, Statutory Multi-Start)",cd4d457327d899a861146fe947428de764a3aea7c1a1209832b680818e952041,STATUTORY_TRADING_MASTER
KSFO,Max,lead18h,Summer,data/models/KSFO_Summer_Max_lead18h.pkl,ACTIVE_PRODUCTION_MODEL,2000-2018,"scripts/retrain_p4_active10_matrix.py (spec a3cb9954...4fb3, Statutory Multi-Start)",2495c75cc8fb6e707aa4839d5762a62843c219450c2e8225855e117a7df439a3,STATUTORY_TRADING_MASTER
KSFO,Max,lead24h,Summer,data/models/KSFO_Summer_Max_lead24h.pkl,ACTIVE_PRODUCTION_MODEL,2000-2018,"scripts/retrain_p4_active10_matrix.py (spec a3cb9954...4fb3, Statutory Multi-Start)",bc662ec303ad848ba404bbbee9d669035b601aab7aff358d0015f6d20915bffd,STATUTORY_TRADING_MASTER
KSFO,Max,lead30h,Summer,data/models/KSFO_Summer_Max_lead30h.pkl,ACTIVE_PRODUCTION_MODEL,2000-2018,"scripts/retrain_p4_active10_matrix.py (spec a3cb9954...4fb3, Statutory Multi-Start)",ef368c4837f085e2da70193a7c041d1f8146486d5b29d6c2a9bc383298cdf710,STATUTORY_TRADING_MASTER
KSFO,Max,lead36h,Summer,data/models/KSFO_Summer_Max_lead36h.pkl,ACTIVE_PRODUCTION_MODEL,2000-2018,"scripts/retrain_p4_active10_matrix.py (spec a3cb9954...4fb3, Statutory Multi-Start)",2b89581783c640e25c0e2570ee8261a85116e32703e20247fe8ef22118508b88,STATUTORY_TRADING_MASTER
KSFO,Max,lead42h,Summer,data/models/KSFO_Summer_Max_lead42h.pkl,ACTIVE_PRODUCTION_MODEL,2000-2018,"scripts/retrain_p4_active10_matrix.py (spec a3cb9954...4fb3, Statutory Multi-Start)",8ad7187ee99a350b8cc86c9fa45b439406e4f4f7191d7c5a1ba1c635a77bdf3e,STATUTORY_TRADING_MASTER
KSFO,Max,lead48h,Summer,data/models/KSFO_Summer_Max_lead48h.pkl,ACTIVE_PRODUCTION_MODEL,2000-2018,"scripts/retrain_p4_active10_matrix.py (spec a3cb9954...4fb3, Statutory Multi-Start)",8cc23c4c3882fbf6c0e5ebebea7eecbf155ead181843609ff1138a464c2a29cc,STATUTORY_TRADING_MASTER
KSFO,Max,lead54h,Summer,data/models/KSFO_Summer_Max_lead54h.pkl,ACTIVE_PRODUCTION_MODEL,2000-2018,"scripts/retrain_p4_active10_matrix.py (spec a3cb9954...4fb3, Statutory Multi-Start)",354d9a151a169d38efc345ef1a4170d22203d6747c38fdf3adbbbb0c352275f5,STATUTORY_TRADING_MASTER
KSFO,Max,lead60h,Summer,data/models/KSFO_Summer_Max_lead60h.pkl,ACTIVE_PRODUCTION_MODEL,2000-2018,"scripts/retrain_p4_active10_matrix.py (spec a3cb9954...4fb3, Statutory Multi-Start)",723a64a7adb860584135cd286f3845671d30929e621d11b7100cbc47051840f4,AUXILIARY_POOLED_FALLBACK
KSFO,Max,lead66h,Summer,data/models/KSFO_Summer_Max_lead66h.pkl,ACTIVE_PRODUCTION_MODEL,2000-2018,"scripts/retrain_p4_active10_matrix.py (spec a3cb9954...4fb3, Statutory Multi-Start)",db21e38149448bc2847c58591fecb26be4ff5411febee1d58fc756e774b6c83c,AUXILIARY_POOLED_FALLBACK
KSFO,Max,lead72h,Summer,data/models/KSFO_Summer_Max_lead72h.pkl,ACTIVE_PRODUCTION_MODEL,2000-2018,"scripts/retrain_p4_active10_matrix.py (spec a3cb9954...4fb3, Statutory Multi-Start)",cb1a1f25d58f66125d12083accf3d64ea860db1ce3f569d151082d32934fe8cd,STATUTORY_TRADING_MASTER
KSFO,Min,lead6h,Summer,data/models/KSFO_Summer_Min_lead6h.pkl,ACTIVE_PRODUCTION_MODEL,2000-2018,"scripts/retrain_p4_active10_matrix.py (spec a3cb9954...4fb3, Statutory Multi-Start)",1f372b2a90b9e2500ef0ea8eb4461bc889185a936d4c243217c156e6ea7135c2,POOLED-FALLBACK
KSFO,Min,lead12h,Summer,data/models/KSFO_Summer_Min_lead12h.pkl,ACTIVE_PRODUCTION_MODEL,2000-2018,"scripts/retrain_p4_active10_matrix.py (spec a3cb9954...4fb3, Statutory Multi-Start)",bcf8c475a76dcd872001148e37ea8734a78d77b30e124e62adfc9ff5542a8c45,STATUTORY_TRADING_MASTER
KSFO,Min,lead18h,Summer,data/models/KSFO_Summer_Min_lead18h.pkl,ACTIVE_PRODUCTION_MODEL,2000-2018,"scripts/retrain_p4_active10_matrix.py (spec a3cb9954...4fb3, Statutory Multi-Start)",dc2fd74f58bd7e952834b9d8bc3a8790a38b59eb074336c6906920297c71654a,STATUTORY_TRADING_MASTER
KSFO,Min,lead24h,Summer,data/models/KSFO_Summer_Min_lead24h.pkl,ACTIVE_PRODUCTION_MODEL,2000-2018,"scripts/retrain_p4_active10_matrix.py (spec a3cb9954...4fb3, Statutory Multi-Start)",721953c2de6c21173d3584eb706856960cea8ca6ce47797b146527188335d36c,STATUTORY_TRADING_MASTER
KSFO,Min,lead30h,Summer,data/models/KSFO_Summer_Min_lead30h.pkl,ACTIVE_PRODUCTION_MODEL,2000-2018,"scripts/retrain_p4_active10_matrix.py (spec a3cb9954...4fb3, Statutory Multi-Start)",ba361fcaf6232003ed5036dc5fff0d6bd4f1aeaa6682f2026b920c64d3636b2b,STATUTORY_TRADING_MASTER
KSFO,Min,lead36h,Summer,data/models/KSFO_Summer_Min_lead36h.pkl,ACTIVE_PRODUCTION_MODEL,2000-2018,"scripts/retrain_p4_active10_matrix.py (spec a3cb9954...4fb3, Statutory Multi-Start)",de1e2cf1799abce4dd420dae9930f28ed14fea745f5f71817675a1528eebbaf4,STATUTORY_TRADING_MASTER
KSFO,Min,lead42h,Summer,data/models/KSFO_Summer_Min_lead42h.pkl,ACTIVE_PRODUCTION_MODEL,2000-2018,"scripts/retrain_p4_active10_matrix.py (spec a3cb9954...4fb3, Statutory Multi-Start)",e54176ed4c15b47468a6a1bfe6def78b959318fed335f6edbfc49d0dc83894a1,STATUTORY_TRADING_MASTER
KSFO,Min,lead48h,Summer,data/models/KSFO_Summer_Min_lead48h.pkl,ACTIVE_PRODUCTION_MODEL,2000-2018,"scripts/retrain_p4_active10_matrix.py (spec a3cb9954...4fb3, Statutory Multi-Start)",39d6b7fc42982f87dce83c257625b0ceac62fdbfa755c25ae3ecc209d22d68af,STATUTORY_TRADING_MASTER
KSFO,Min,lead54h,Summer,data/models/KSFO_Summer_Min_lead54h.pkl,ACTIVE_PRODUCTION_MODEL,2000-2018,"scripts/retrain_p4_active10_matrix.py (spec a3cb9954...4fb3, Statutory Multi-Start)",1f356daa98e35aaf72fa1e8287be4912a30933792b40cb34ac9d5935ceb99898,STATUTORY_TRADING_MASTER
KSFO,Min,lead60h,Summer,data/models/KSFO_Summer_Min_lead60h.pkl,ACTIVE_PRODUCTION_MODEL,2000-2018,"scripts/retrain_p4_active10_matrix.py (spec a3cb9954...4fb3, Statutory Multi-Start)",550be17cfea650f27dc50fdead1d9740aad09738c8310de03d2b0efef4f0275a,AUXILIARY_POOLED_FALLBACK
KSFO,Min,lead66h,Summer,data/models/KSFO_Summer_Min_lead66h.pkl,ACTIVE_PRODUCTION_MODEL,2000-2018,"scripts/retrain_p4_active10_matrix.py (spec a3cb9954...4fb3, Statutory Multi-Start)",22b5a88c790e7f679c3019c1f132bcb7f6f040a42a7a9c9729856528be356d5d,STATUTORY_TRADING_MASTER
KSFO,Min,lead72h,Summer,data/models/KSFO_Summer_Min_lead72h.pkl,ACTIVE_PRODUCTION_MODEL,2000-2018,"scripts/retrain_p4_active10_matrix.py (spec a3cb9954...4fb3, Statutory Multi-Start)",1d9cab6acb45c2a8e3eda8d3b41d9b86d10508b8b8e5bf11429c974ee16c4208,AUXILIARY_POOLED_FALLBACK
KSFO,Max,lead6h,Autumn,data/models/KSFO_Autumn_Max_lead6h.pkl,ACTIVE_PRODUCTION_MODEL,2000-2018,"scripts/retrain_p4_active10_matrix.py (spec a3cb9954...4fb3, Statutory Multi-Start)",a19506b4d4d439dd70265c2e8d9542ed39aad0aadbfdc602dff73e1fe307de96,POOLED-FALLBACK
KSFO,Max,lead12h,Autumn,data/models/KSFO_Autumn_Max_lead12h.pkl,ACTIVE_PRODUCTION_MODEL,2000-2018,"scripts/retrain_p4_active10_matrix.py (spec a3cb9954...4fb3, Statutory Multi-Start)",4e8edc2841150d354ee533398b77f1ca7de40d4813d2ed588e3baad7b74ccbd7,STATUTORY_TRADING_MASTER
KSFO,Max,lead18h,Autumn,data/models/KSFO_Autumn_Max_lead18h.pkl,ACTIVE_PRODUCTION_MODEL,2000-2018,"scripts/retrain_p4_active10_matrix.py (spec a3cb9954...4fb3, Statutory Multi-Start)",54e88521252d846887aa6fcf641ec5d7ae5010a2284512bc8ee9e484c01a83cd,STATUTORY_TRADING_MASTER
KSFO,Max,lead24h,Autumn,data/models/KSFO_Autumn_Max_lead24h.pkl,ACTIVE_PRODUCTION_MODEL,2000-2018,"scripts/retrain_p4_active10_matrix.py (spec a3cb9954...4fb3, Statutory Multi-Start)",aa6f82d3890055db52dbf7602bc50d75a6453f43704ac3f4ce2f72169fbfad3a,STATUTORY_TRADING_MASTER
KSFO,Max,lead30h,Autumn,data/models/KSFO_Autumn_Max_lead30h.pkl,ACTIVE_PRODUCTION_MODEL,2000-2018,"scripts/retrain_p4_active10_matrix.py (spec a3cb9954...4fb3, Statutory Multi-Start)",b056f04869d36aac1c232f8d05416e4149ded13fd2f1ea4f0c86ccccc413e05f,STATUTORY_TRADING_MASTER
KSFO,Max,lead36h,Autumn,data/models/KSFO_Autumn_Max_lead36h.pkl,ACTIVE_PRODUCTION_MODEL,2000-2018,"scripts/retrain_p4_active10_matrix.py (spec a3cb9954...4fb3, Statutory Multi-Start)",d3b923251876c4e83938a8277725a5a6055592567814d20885c9344e36efe221,STATUTORY_TRADING_MASTER
KSFO,Max,lead42h,Autumn,data/models/KSFO_Autumn_Max_lead42h.pkl,ACTIVE_PRODUCTION_MODEL,2000-2018,"scripts/retrain_p4_active10_matrix.py (spec a3cb9954...4fb3, Statutory Multi-Start)",048479e04d24d430fb6fec56d6e69f402caf3ce5c8d9f4c4482c24fca2fa86c1,STATUTORY_TRADING_MASTER
KSFO,Max,lead48h,Autumn,data/models/KSFO_Autumn_Max_lead48h.pkl,ACTIVE_PRODUCTION_MODEL,2000-2018,"scripts/retrain_p4_active10_matrix.py (spec a3cb9954...4fb3, Statutory Multi-Start)",dd2ac26499074feda4802a160596ce5a9d3e23db5b134bbf0a0fc3c5b5dedf1b,STATUTORY_TRADING_MASTER
KSFO,Max,lead54h,Autumn,data/models/KSFO_Autumn_Max_lead54h.pkl,ACTIVE_PRODUCTION_MODEL,2000-2018,"scripts/retrain_p4_active10_matrix.py (spec a3cb9954...4fb3, Statutory Multi-Start)",69067e33741ac83e1937442932cda2fe0def58cbbaa5bf44b4381499a9b93d4e,STATUTORY_TRADING_MASTER
KSFO,Max,lead60h,Autumn,data/models/KSFO_Autumn_Max_lead60h.pkl,ACTIVE_PRODUCTION_MODEL,2000-2018,"scripts/retrain_p4_active10_matrix.py (spec a3cb9954...4fb3, Statutory Multi-Start)",85053a6483600ae065cf6df12e9ad634baf988890c6b106c434d6fb280d2eed8,AUXILIARY_POOLED_FALLBACK
KSFO,Max,lead66h,Autumn,data/models/KSFO_Autumn_Max_lead66h.pkl,ACTIVE_PRODUCTION_MODEL,2000-2018,"scripts/retrain_p4_active10_matrix.py (spec a3cb9954...4fb3, Statutory Multi-Start)",9888bc46ad408bf28f85f6703d832f0228ff5d73ccba3c87e7195a65dd7c81c7,AUXILIARY_POOLED_FALLBACK
KSFO,Max,lead72h,Autumn,data/models/KSFO_Autumn_Max_lead72h.pkl,ACTIVE_PRODUCTION_MODEL,2000-2018,"scripts/retrain_p4_active10_matrix.py (spec a3cb9954...4fb3, Statutory Multi-Start)",7780cfff39091968e6fcc074d99b18da668b5290446f7f9ed80031918546c038,STATUTORY_TRADING_MASTER
KSFO,Min,lead6h,Autumn,data/models/KSFO_Autumn_Min_lead6h.pkl,ACTIVE_PRODUCTION_MODEL,2000-2018,"scripts/retrain_p4_active10_matrix.py (spec a3cb9954...4fb3, Statutory Multi-Start)",cb35993f09c7af5c1ade8fa386e83dcb0cf04e78bda6ad9b5e9867d970227aeb,POOLED-FALLBACK
KSFO,Min,lead12h,Autumn,data/models/KSFO_Autumn_Min_lead12h.pkl,ACTIVE_PRODUCTION_MODEL,2000-2018,"scripts/retrain_p4_active10_matrix.py (spec a3cb9954...4fb3, Statutory Multi-Start)",e55c7afa4cb999db908c227695d96d986b9af1c51ac08a60b30e1457df38a85c,STATUTORY_TRADING_MASTER
KSFO,Min,lead18h,Autumn,data/models/KSFO_Autumn_Min_lead18h.pkl,ACTIVE_PRODUCTION_MODEL,2000-2018,"scripts/retrain_p4_active10_matrix.py (spec a3cb9954...4fb3, Statutory Multi-Start)",b78c25fb89c73053b1f46b94b94b6dd173e2040aea3118327d495d8b10d3f9a6,STATUTORY_TRADING_MASTER
KSFO,Min,lead24h,Autumn,data/models/KSFO_Autumn_Min_lead24h.pkl,ACTIVE_PRODUCTION_MODEL,2000-2018,"scripts/retrain_p4_active10_matrix.py (spec a3cb9954...4fb3, Statutory Multi-Start)",b23cb9f0d3c2bdeafff8006752f92ba8ffbef5a98e1ecff9032b00e26c1fdd85,STATUTORY_TRADING_MASTER
KSFO,Min,lead30h,Autumn,data/models/KSFO_Autumn_Min_lead30h.pkl,ACTIVE_PRODUCTION_MODEL,2000-2018,"scripts/retrain_p4_active10_matrix.py (spec a3cb9954...4fb3, Statutory Multi-Start)",cbf0c829f05873a6be72c636806d131b0e61f251567b529bc63fd5912c95415c,STATUTORY_TRADING_MASTER
KSFO,Min,lead36h,Autumn,data/models/KSFO_Autumn_Min_lead36h.pkl,ACTIVE_PRODUCTION_MODEL,2000-2018,"scripts/retrain_p4_active10_matrix.py (spec a3cb9954...4fb3, Statutory Multi-Start)",6365b9eca3d3847b9d4cd24fd0acde63c8b81e7e7f54b8e9eb5e35d6cc17784c,STATUTORY_TRADING_MASTER
KSFO,Min,lead42h,Autumn,data/models/KSFO_Autumn_Min_lead42h.pkl,ACTIVE_PRODUCTION_MODEL,2000-2018,"scripts/retrain_p4_active10_matrix.py (spec a3cb9954...4fb3, Statutory Multi-Start)",5a21db21b8224439135ef2cb9b6a4e545caa9ea99f9d897a1e93866ef8bac7c3,STATUTORY_TRADING_MASTER
KSFO,Min,lead48h,Autumn,data/models/KSFO_Autumn_Min_lead48h.pkl,ACTIVE_PRODUCTION_MODEL,2000-2018,"scripts/retrain_p4_active10_matrix.py (spec a3cb9954...4fb3, Statutory Multi-Start)",a28d7425dca2f54e379c8fbccc22545fbf78228eb39477c00a1e45158f25d559,STATUTORY_TRADING_MASTER
KSFO,Min,lead54h,Autumn,data/models/KSFO_Autumn_Min_lead54h.pkl,ACTIVE_PRODUCTION_MODEL,2000-2018,"scripts/retrain_p4_active10_matrix.py (spec a3cb9954...4fb3, Statutory Multi-Start)",d08de3eddb421475afd340877099ab402f90f1e3107c806f3b4c38428670b0c1,STATUTORY_TRADING_MASTER
KSFO,Min,lead60h,Autumn,data/models/KSFO_Autumn_Min_lead60h.pkl,ACTIVE_PRODUCTION_MODEL,2000-2018,"scripts/retrain_p4_active10_matrix.py (spec a3cb9954...4fb3, Statutory Multi-Start)",07fec98dc23ee16f0af489dd255a3ccdb8d7a4360d1b60b0eb9735842950fc8a,AUXILIARY_POOLED_FALLBACK
KSFO,Min,lead66h,Autumn,data/models/KSFO_Autumn_Min_lead66h.pkl,ACTIVE_PRODUCTION_MODEL,2000-2018,"scripts/retrain_p4_active10_matrix.py (spec a3cb9954...4fb3, Statutory Multi-Start)",0f2afdfc3a2804218f12094a6562e6881385a67b23b8d5b6bac5c0feb267b5c6,STATUTORY_TRADING_MASTER
KSFO,Min,lead72h,Autumn,data/models/KSFO_Autumn_Min_lead72h.pkl,ACTIVE_PRODUCTION_MODEL,2000-2018,"scripts/retrain_p4_active10_matrix.py (spec a3cb9954...4fb3, Statutory Multi-Start)",e4bc4103e06887532e59f00f1d67cc6436d999c5d2bfc50f3e0b8b8630ba796a,AUXILIARY_POOLED_FALLBACK
KAUS,Max,lead6h,Winter,data/models/KAUS_Winter_Max_lead6h.pkl,ACTIVE_PRODUCTION_MODEL,2000-2018,"scripts/retrain_p4_active10_matrix.py (spec a3cb9954...4fb3, Statutory Multi-Start)",44e0166260e35a9a852a5bc08076771bd99a4e70c4556e88855f55329bea6337,POOLED-FALLBACK
KAUS,Max,lead12h,Winter,data/models/KAUS_Winter_Max_lead12h.pkl,ACTIVE_PRODUCTION_MODEL,2000-2018,"scripts/retrain_p4_active10_matrix.py (spec a3cb9954...4fb3, Statutory Multi-Start)",2a361480c273abe776f57e36b187c470cb31833bb8c3e9c7eca815f2b5746ad3,STATUTORY_TRADING_MASTER
KAUS,Max,lead18h,Winter,data/models/KAUS_Winter_Max_lead18h.pkl,ACTIVE_PRODUCTION_MODEL,2000-2018,"scripts/retrain_p4_active10_matrix.py (spec a3cb9954...4fb3, Statutory Multi-Start)",b241710b954ab78b1c8492a81526546b86d3d9358ee4cbc9140574cdf300f805,STATUTORY_TRADING_MASTER
KAUS,Max,lead24h,Winter,data/models/KAUS_Winter_Max_lead24h.pkl,ACTIVE_PRODUCTION_MODEL,2000-2018,"scripts/retrain_p4_active10_matrix.py (spec a3cb9954...4fb3, Statutory Multi-Start)",6769a136e7e46ef26609feb48690fac9beadb7cc017ff5af4ff52cf5fd93963b,STATUTORY_TRADING_MASTER
KAUS,Max,lead30h,Winter,data/models/KAUS_Winter_Max_lead30h.pkl,ACTIVE_PRODUCTION_MODEL,2000-2018,"scripts/retrain_p4_active10_matrix.py (spec a3cb9954...4fb3, Statutory Multi-Start)",77a3f1fd4cb2ab64ac15ee89f99ecfd68d21c44ffb0e8c545d68497fc503f850,STATUTORY_TRADING_MASTER
KAUS,Max,lead36h,Winter,data/models/KAUS_Winter_Max_lead36h.pkl,ACTIVE_PRODUCTION_MODEL,2000-2018,"scripts/retrain_p4_active10_matrix.py (spec a3cb9954...4fb3, Statutory Multi-Start)",1c5588f3fd1657603bd051eec704de7dbd0ac943f074f16230afd21a53e4047e,STATUTORY_TRADING_MASTER
KAUS,Max,lead42h,Winter,data/models/KAUS_Winter_Max_lead42h.pkl,ACTIVE_PRODUCTION_MODEL,2000-2018,"scripts/retrain_p4_active10_matrix.py (spec a3cb9954...4fb3, Statutory Multi-Start)",d4bb7c56179198148f766d83a0ac7a5f7d76d563c3ed9f5245c799587c027d67,STATUTORY_TRADING_MASTER
KAUS,Max,lead48h,Winter,data/models/KAUS_Winter_Max_lead48h.pkl,ACTIVE_PRODUCTION_MODEL,2000-2018,"scripts/retrain_p4_active10_matrix.py (spec a3cb9954...4fb3, Statutory Multi-Start)",d165279ed7e69db1c9588aae5e865521b74f92282b31a628b37f51e96e2dab19,STATUTORY_TRADING_MASTER
KAUS,Max,lead54h,Winter,data/models/KAUS_Winter_Max_lead54h.pkl,ACTIVE_PRODUCTION_MODEL,2000-2018,"scripts/retrain_p4_active10_matrix.py (spec a3cb9954...4fb3, Statutory Multi-Start)",6d3666761df6d624fb3d5bb5f373a96529a9dddc4f227d95d412d22c26163487,STATUTORY_TRADING_MASTER
KAUS,Max,lead60h,Winter,data/models/KAUS_Winter_Max_lead60h.pkl,ACTIVE_PRODUCTION_MODEL,2000-2018,"scripts/retrain_p4_active10_matrix.py (spec a3cb9954...4fb3, Statutory Multi-Start)",3d7a98d4fe0401d6f8ba4064cc0e7d5a64f04b96fbda1588ad25905d3a4fffa3,AUXILIARY_POOLED_FALLBACK
KAUS,Max,lead66h,Winter,data/models/KAUS_Winter_Max_lead66h.pkl,ACTIVE_PRODUCTION_MODEL,2000-2018,"scripts/retrain_p4_active10_matrix.py (spec a3cb9954...4fb3, Statutory Multi-Start)",807430134e0dc0453498ba6344eeecf258a8624beac67b34accb368df0ac736b,AUXILIARY_POOLED_FALLBACK
KAUS,Max,lead72h,Winter,data/models/KAUS_Winter_Max_lead72h.pkl,ACTIVE_PRODUCTION_MODEL,2000-2018,"scripts/retrain_p4_active10_matrix.py (spec a3cb9954...4fb3, Statutory Multi-Start)",f076fb934a504f0c1f43c9aefaaa5aaedeed88b1a7a8f920644cb07d84996816,STATUTORY_TRADING_MASTER
KAUS,Min,lead6h,Winter,data/models/KAUS_Winter_Min_lead6h.pkl,ACTIVE_PRODUCTION_MODEL,2000-2018,"scripts/retrain_p4_active10_matrix.py (spec a3cb9954...4fb3, Statutory Multi-Start)",5fde9dbb72d735a31f4b72e4488fd1bd4b5633143d573a8005e74eaa099c71d4,POOLED-FALLBACK
KAUS,Min,lead12h,Winter,data/models/KAUS_Winter_Min_lead12h.pkl,ACTIVE_PRODUCTION_MODEL,2000-2018,"scripts/retrain_p4_active10_matrix.py (spec a3cb9954...4fb3, Statutory Multi-Start)",a67df95cec336e6936d54af02e0763801b55704d31731bd1e255b305cf873d02,STATUTORY_TRADING_MASTER
KAUS,Min,lead18h,Winter,data/models/KAUS_Winter_Min_lead18h.pkl,ACTIVE_PRODUCTION_MODEL,2000-2018,"scripts/retrain_p4_active10_matrix.py (spec a3cb9954...4fb3, Statutory Multi-Start)",1b19530a9a1320b7e55e5adbf94fd0a42a4985d3a15a62710c2639d904683ba0,STATUTORY_TRADING_MASTER
KAUS,Min,lead24h,Winter,data/models/KAUS_Winter_Min_lead24h.pkl,ACTIVE_PRODUCTION_MODEL,2000-2018,"scripts/retrain_p4_active10_matrix.py (spec a3cb9954...4fb3, Statutory Multi-Start)",eaff20ad05bfbfee11920e7e9eeb5c6532fd1571a32ca1a3ab264fedb161c7d4,STATUTORY_TRADING_MASTER
KAUS,Min,lead30h,Winter,data/models/KAUS_Winter_Min_lead30h.pkl,ACTIVE_PRODUCTION_MODEL,2000-2018,"scripts/retrain_p4_active10_matrix.py (spec a3cb9954...4fb3, Statutory Multi-Start)",cd51aaaba977a83a01ab0869234efb801bef7c68e1f853cce579868a1f676583,STATUTORY_TRADING_MASTER
KAUS,Min,lead36h,Winter,data/models/KAUS_Winter_Min_lead36h.pkl,ACTIVE_PRODUCTION_MODEL,2000-2018,"scripts/retrain_p4_active10_matrix.py (spec a3cb9954...4fb3, Statutory Multi-Start)",bf3122d1c207c3e5506f6666866f000645c6f6935aa69b95bf7c0f5ae99b771a,STATUTORY_TRADING_MASTER
KAUS,Min,lead42h,Winter,data/models/KAUS_Winter_Min_lead42h.pkl,ACTIVE_PRODUCTION_MODEL,2000-2018,"scripts/retrain_p4_active10_matrix.py (spec a3cb9954...4fb3, Statutory Multi-Start)",86568b97a21f84acb1374c2f70f6a3e9f016d6e338781b4c9578fdab67fc192c,STATUTORY_TRADING_MASTER
KAUS,Min,lead48h,Winter,data/models/KAUS_Winter_Min_lead48h.pkl,ACTIVE_PRODUCTION_MODEL,2000-2018,"scripts/retrain_p4_active10_matrix.py (spec a3cb9954...4fb3, Statutory Multi-Start)",d022df6ac5e8e7f2b2e190434746d08954c49a4e63574d9b8abf142d50f8ddc2,STATUTORY_TRADING_MASTER
KAUS,Min,lead54h,Winter,data/models/KAUS_Winter_Min_lead54h.pkl,ACTIVE_PRODUCTION_MODEL,2000-2018,"scripts/retrain_p4_active10_matrix.py (spec a3cb9954...4fb3, Statutory Multi-Start)",443631f4f8e1ffefd71c91a0e5ba60365265bfa1d42e7985bfa867fa1840136a,STATUTORY_TRADING_MASTER
KAUS,Min,lead60h,Winter,data/models/KAUS_Winter_Min_lead60h.pkl,ACTIVE_PRODUCTION_MODEL,2000-2018,"scripts/retrain_p4_active10_matrix.py (spec a3cb9954...4fb3, Statutory Multi-Start)",dc7868a015ca309f694667bfc69490e7524b76fa5da47eefa7865ac8fb4e6b62,STATUTORY_TRADING_MASTER
KAUS,Min,lead66h,Winter,data/models/KAUS_Winter_Min_lead66h.pkl,ACTIVE_PRODUCTION_MODEL,2000-2018,"scripts/retrain_p4_active10_matrix.py (spec a3cb9954...4fb3, Statutory Multi-Start)",d95c6c1f97c2bd317621e43d081e87c2e233844ba45b8dec3fcfcbfaa311882f,AUXILIARY_POOLED_FALLBACK
KAUS,Min,lead72h,Winter,data/models/KAUS_Winter_Min_lead72h.pkl,ACTIVE_PRODUCTION_MODEL,2000-2018,"scripts/retrain_p4_active10_matrix.py (spec a3cb9954...4fb3, Statutory Multi-Start)",8db26c9c1540bab7027dbec964fb3162bbc6492db760eb4cdc787cb91c36ce08,AUXILIARY_POOLED_FALLBACK
KAUS,Max,lead6h,Spring,data/models/KAUS_Spring_Max_lead6h.pkl,ACTIVE_PRODUCTION_MODEL,2000-2018,"scripts/retrain_p4_active10_matrix.py (spec a3cb9954...4fb3, Statutory Multi-Start)",d9df7795e44aa5a45271f3f0f74a42d3d807c448eea4b3b255e16d2889f26776,POOLED-FALLBACK
KAUS,Max,lead12h,Spring,data/models/KAUS_Spring_Max_lead12h.pkl,ACTIVE_PRODUCTION_MODEL,2000-2018,"scripts/retrain_p4_active10_matrix.py (spec a3cb9954...4fb3, Statutory Multi-Start)",9180b4ec44275b7c5005ac9b5522349fcf9f2a3fc8736f4b8c1c2729154e0721,STATUTORY_TRADING_MASTER
KAUS,Max,lead18h,Spring,data/models/KAUS_Spring_Max_lead18h.pkl,ACTIVE_PRODUCTION_MODEL,2000-2018,"scripts/retrain_p4_active10_matrix.py (spec a3cb9954...4fb3, Statutory Multi-Start)",750fdf573682525f2e7f1431cacf9c89e9292d923f2ccfe2699a89d0ed0a8344,STATUTORY_TRADING_MASTER
KAUS,Max,lead24h,Spring,data/models/KAUS_Spring_Max_lead24h.pkl,ACTIVE_PRODUCTION_MODEL,2000-2018,"scripts/retrain_p4_active10_matrix.py (spec a3cb9954...4fb3, Statutory Multi-Start)",dab5eaedb778e652beb0994802f72866830a0c3592131525e062c1f185bae1e8,STATUTORY_TRADING_MASTER
KAUS,Max,lead30h,Spring,data/models/KAUS_Spring_Max_lead30h.pkl,ACTIVE_PRODUCTION_MODEL,2000-2018,"scripts/retrain_p4_active10_matrix.py (spec a3cb9954...4fb3, Statutory Multi-Start)",89f85cd2474e20a0836a967b9e38ebb432a05d3c7452774bbd7e4bd705ccadb1,STATUTORY_TRADING_MASTER
KAUS,Max,lead36h,Spring,data/models/KAUS_Spring_Max_lead36h.pkl,ACTIVE_PRODUCTION_MODEL,2000-2018,"scripts/retrain_p4_active10_matrix.py (spec a3cb9954...4fb3, Statutory Multi-Start)",19b715e0977f2527751b1913d2a5428a684948b213b9bb13ee1e8d3b79380e30,STATUTORY_TRADING_MASTER
KAUS,Max,lead42h,Spring,data/models/KAUS_Spring_Max_lead42h.pkl,ACTIVE_PRODUCTION_MODEL,2000-2018,"scripts/retrain_p4_active10_matrix.py (spec a3cb9954...4fb3, Statutory Multi-Start)",8c398d00f23ce2b1613fa866e1c5ed8c5d89d8a7a99996bf0eb00059be331db4,STATUTORY_TRADING_MASTER
KAUS,Max,lead48h,Spring,data/models/KAUS_Spring_Max_lead48h.pkl,ACTIVE_PRODUCTION_MODEL,2000-2018,"scripts/retrain_p4_active10_matrix.py (spec a3cb9954...4fb3, Statutory Multi-Start)",e6e1c8d614a5f977b49f28da440a1ea3fd343946073d9b276f6c2f94e1b14ca8,STATUTORY_TRADING_MASTER
KAUS,Max,lead54h,Spring,data/models/KAUS_Spring_Max_lead54h.pkl,ACTIVE_PRODUCTION_MODEL,2000-2018,"scripts/retrain_p4_active10_matrix.py (spec a3cb9954...4fb3, Statutory Multi-Start)",1ec6d38dfe824022c88db3725d1918fed01cf1d7edb2f3e94e8dfec6b728b178,STATUTORY_TRADING_MASTER
KAUS,Max,lead60h,Spring,data/models/KAUS_Spring_Max_lead60h.pkl,ACTIVE_PRODUCTION_MODEL,2000-2018,"scripts/retrain_p4_active10_matrix.py (spec a3cb9954...4fb3, Statutory Multi-Start)",83d99d21851b0ce8eb1348a4ebbde8994dd45e7534421e890df9f5447021fc8f,AUXILIARY_POOLED_FALLBACK
KAUS,Max,lead66h,Spring,data/models/KAUS_Spring_Max_lead66h.pkl,ACTIVE_PRODUCTION_MODEL,2000-2018,"scripts/retrain_p4_active10_matrix.py (spec a3cb9954...4fb3, Statutory Multi-Start)",79b0e03c3ef8b143b93ad8816dc6551c1139bf3cc108458de074d7f2d122f975,STATUTORY_TRADING_MASTER
KAUS,Max,lead72h,Spring,data/models/KAUS_Spring_Max_lead72h.pkl,ACTIVE_PRODUCTION_MODEL,2000-2018,"scripts/retrain_p4_active10_matrix.py (spec a3cb9954...4fb3, Statutory Multi-Start)",7595cc7afd791d988875fe21081e0802a7bdc07e85ce667a3dc46970656f26f7,AUXILIARY_POOLED_FALLBACK
KAUS,Min,lead6h,Spring,data/models/KAUS_Spring_Min_lead6h.pkl,ACTIVE_PRODUCTION_MODEL,2000-2018,"scripts/retrain_p4_active10_matrix.py (spec a3cb9954...4fb3, Statutory Multi-Start)",6cbadbac47965173c2fd4d1b5ac5649101e3e1b8ef6e692b88d455c207ea9988,POOLED-FALLBACK
KAUS,Min,lead12h,Spring,data/models/KAUS_Spring_Min_lead12h.pkl,ACTIVE_PRODUCTION_MODEL,2000-2018,"scripts/retrain_p4_active10_matrix.py (spec a3cb9954...4fb3, Statutory Multi-Start)",1973415288ad96356ea478ca2d9c38bba43d14e4f47fb185ac9efe3b848afb09,STATUTORY_TRADING_MASTER
KAUS,Min,lead18h,Spring,data/models/KAUS_Spring_Min_lead18h.pkl,ACTIVE_PRODUCTION_MODEL,2000-2018,"scripts/retrain_p4_active10_matrix.py (spec a3cb9954...4fb3, Statutory Multi-Start)",fc4f0d6df54961ac8bd98fc25bfbf795c1c2bda44e007cb2639cb9b1b55f949f,STATUTORY_TRADING_MASTER
KAUS,Min,lead24h,Spring,data/models/KAUS_Spring_Min_lead24h.pkl,ACTIVE_PRODUCTION_MODEL,2000-2018,"scripts/retrain_p4_active10_matrix.py (spec a3cb9954...4fb3, Statutory Multi-Start)",986332f64e532c313df1b6ebc2505cf6a09112c679565d98ab6e4014ff0d1829,STATUTORY_TRADING_MASTER
KAUS,Min,lead30h,Spring,data/models/KAUS_Spring_Min_lead30h.pkl,ACTIVE_PRODUCTION_MODEL,2000-2018,"scripts/retrain_p4_active10_matrix.py (spec a3cb9954...4fb3, Statutory Multi-Start)",aae2880873f80cd41639dff560a7a87a32e6501e593683bd8ebab59f0a7294f2,STATUTORY_TRADING_MASTER
KAUS,Min,lead36h,Spring,data/models/KAUS_Spring_Min_lead36h.pkl,ACTIVE_PRODUCTION_MODEL,2000-2018,"scripts/retrain_p4_active10_matrix.py (spec a3cb9954...4fb3, Statutory Multi-Start)",d1cdd5327053dc224dd42d3fdd6242b5abe9f75bc2b65ca8417c4bd19bcc5b03,STATUTORY_TRADING_MASTER
KAUS,Min,lead42h,Spring,data/models/KAUS_Spring_Min_lead42h.pkl,ACTIVE_PRODUCTION_MODEL,2000-2018,"scripts/retrain_p4_active10_matrix.py (spec a3cb9954...4fb3, Statutory Multi-Start)",f33112ea4232be031a3a2a0d1686a4cec6f27814b352d21aa1fb34e86f125902,STATUTORY_TRADING_MASTER
KAUS,Min,lead48h,Spring,data/models/KAUS_Spring_Min_lead48h.pkl,ACTIVE_PRODUCTION_MODEL,2000-2018,"scripts/retrain_p4_active10_matrix.py (spec a3cb9954...4fb3, Statutory Multi-Start)",1426cc19717cf4f2cbd4aaedcfaef88f040fbc4dc2e352254fed0190e4a1f4e4,STATUTORY_TRADING_MASTER
KAUS,Min,lead54h,Spring,data/models/KAUS_Spring_Min_lead54h.pkl,ACTIVE_PRODUCTION_MODEL,2000-2018,"scripts/retrain_p4_active10_matrix.py (spec a3cb9954...4fb3, Statutory Multi-Start)",21d2fb6f6bb4ad9554c0d0ceae70b9a1eadc5a97f5f5bed0028ca97d1f5bef0b,STATUTORY_TRADING_MASTER
KAUS,Min,lead60h,Spring,data/models/KAUS_Spring_Min_lead60h.pkl,ACTIVE_PRODUCTION_MODEL,2000-2018,"scripts/retrain_p4_active10_matrix.py (spec a3cb9954...4fb3, Statutory Multi-Start)",910acd619afddecc3cd31ddabeb50bc469740f1af27f8e2bc076189dbe2eff44,STATUTORY_TRADING_MASTER
KAUS,Min,lead66h,Spring,data/models/KAUS_Spring_Min_lead66h.pkl,ACTIVE_PRODUCTION_MODEL,2000-2018,"scripts/retrain_p4_active10_matrix.py (spec a3cb9954...4fb3, Statutory Multi-Start)",2675d8f5df8984ecec97dd939c44f8967b3168f6722c2491001f77f7f3b14f33,AUXILIARY_POOLED_FALLBACK
KAUS,Min,lead72h,Spring,data/models/KAUS_Spring_Min_lead72h.pkl,ACTIVE_PRODUCTION_MODEL,2000-2018,"scripts/retrain_p4_active10_matrix.py (spec a3cb9954...4fb3, Statutory Multi-Start)",e3aef11f119d289f396815e1319c1e834e11834d41513a2c0bc6d67962ee3215,AUXILIARY_POOLED_FALLBACK
KAUS,Max,lead6h,Summer,data/models/KAUS_Summer_Max_lead6h.pkl,ACTIVE_PRODUCTION_MODEL,2000-2018,"scripts/retrain_p4_active10_matrix.py (spec a3cb9954...4fb3, Statutory Multi-Start)",4012d44bf4289e5c2b5de8dd879fe28dc01dc29a73929f1b589acb3a75e26e94,POOLED-FALLBACK
KAUS,Max,lead12h,Summer,data/models/KAUS_Summer_Max_lead12h.pkl,ACTIVE_PRODUCTION_MODEL,2000-2018,"scripts/retrain_p4_active10_matrix.py (spec a3cb9954...4fb3, Statutory Multi-Start)",191ab8b2fcb869ab11a97bea7d5de26a7740e38c1b610b5f9198a1da28c2d8c4,STATUTORY_TRADING_MASTER
KAUS,Max,lead18h,Summer,data/models/KAUS_Summer_Max_lead18h.pkl,ACTIVE_PRODUCTION_MODEL,2000-2018,"scripts/retrain_p4_active10_matrix.py (spec a3cb9954...4fb3, Statutory Multi-Start)",3d99b3ed0de01a2b587ca6983732bd81a2a6443e15670cc66535da0a012cc386,STATUTORY_TRADING_MASTER
KAUS,Max,lead24h,Summer,data/models/KAUS_Summer_Max_lead24h.pkl,ACTIVE_PRODUCTION_MODEL,2000-2018,"scripts/retrain_p4_active10_matrix.py (spec a3cb9954...4fb3, Statutory Multi-Start)",c172a52665698baea62669093812ec0db818a6db32bf7a754c891a46d5dc84bb,STATUTORY_TRADING_MASTER
KAUS,Max,lead30h,Summer,data/models/KAUS_Summer_Max_lead30h.pkl,ACTIVE_PRODUCTION_MODEL,2000-2018,"scripts/retrain_p4_active10_matrix.py (spec a3cb9954...4fb3, Statutory Multi-Start)",db24d3d5707b1c61da16a03d36b51e5775154586dbae9c3d321412cd4827dddc,STATUTORY_TRADING_MASTER
KAUS,Max,lead36h,Summer,data/models/KAUS_Summer_Max_lead36h.pkl,ACTIVE_PRODUCTION_MODEL,2000-2018,"scripts/retrain_p4_active10_matrix.py (spec a3cb9954...4fb3, Statutory Multi-Start)",b742f382484006ef44f6fbae491afa86431241719a909bef1ed06e647e3215ec,STATUTORY_TRADING_MASTER
KAUS,Max,lead42h,Summer,data/models/KAUS_Summer_Max_lead42h.pkl,ACTIVE_PRODUCTION_MODEL,2000-2018,"scripts/retrain_p4_active10_matrix.py (spec a3cb9954...4fb3, Statutory Multi-Start)",ab723d613f32cbca3b86edb83b897f3afd397f28f207ae21a0aaa211d8d3a1e6,STATUTORY_TRADING_MASTER
KAUS,Max,lead48h,Summer,data/models/KAUS_Summer_Max_lead48h.pkl,ACTIVE_PRODUCTION_MODEL,2000-2018,"scripts/retrain_p4_active10_matrix.py (spec a3cb9954...4fb3, Statutory Multi-Start)",e70841afcb3b049a8525349e41718477bf8f3c7173cb76c15de1a2c604b1030d,STATUTORY_TRADING_MASTER
KAUS,Max,lead54h,Summer,data/models/KAUS_Summer_Max_lead54h.pkl,ACTIVE_PRODUCTION_MODEL,2000-2018,"scripts/retrain_p4_active10_matrix.py (spec a3cb9954...4fb3, Statutory Multi-Start)",7e84746f11c71e1d048106b32ece5d89ce54854b465f916dafbd41a7951a3024,STATUTORY_TRADING_MASTER
KAUS,Max,lead60h,Summer,data/models/KAUS_Summer_Max_lead60h.pkl,ACTIVE_PRODUCTION_MODEL,2000-2018,"scripts/retrain_p4_active10_matrix.py (spec a3cb9954...4fb3, Statutory Multi-Start)",46a6e681317d519b563a7387ee9bbe82ed3b66daa53c7415fd7f5cb5f6d5ed4d,AUXILIARY_POOLED_FALLBACK
KAUS,Max,lead66h,Summer,data/models/KAUS_Summer_Max_lead66h.pkl,ACTIVE_PRODUCTION_MODEL,2000-2018,"scripts/retrain_p4_active10_matrix.py (spec a3cb9954...4fb3, Statutory Multi-Start)",cefc1d0843e9e0180dcbc9667a56c27c821ef87c0c852a4431ec1cf7a18c46c4,STATUTORY_TRADING_MASTER
KAUS,Max,lead72h,Summer,data/models/KAUS_Summer_Max_lead72h.pkl,ACTIVE_PRODUCTION_MODEL,2000-2018,"scripts/retrain_p4_active10_matrix.py (spec a3cb9954...4fb3, Statutory Multi-Start)",196ec991af5f64ab2da370854c70be02179ad9de1e8c8b06a5d683fd6e39161f,AUXILIARY_POOLED_FALLBACK
KAUS,Min,lead6h,Summer,data/models/KAUS_Summer_Min_lead6h.pkl,ACTIVE_PRODUCTION_MODEL,2000-2018,"scripts/retrain_p4_active10_matrix.py (spec a3cb9954...4fb3, Statutory Multi-Start)",92fad929a0b54543ac1fe010e9a82975c0e580131710b0ab81fd402d1e8c718c,POOLED-FALLBACK
KAUS,Min,lead12h,Summer,data/models/KAUS_Summer_Min_lead12h.pkl,ACTIVE_PRODUCTION_MODEL,2000-2018,"scripts/retrain_p4_active10_matrix.py (spec a3cb9954...4fb3, Statutory Multi-Start)",13ae56fa2ef5148354462fc8e142a131aa1011803e122020b43c0ae430bee640,STATUTORY_TRADING_MASTER
KAUS,Min,lead18h,Summer,data/models/KAUS_Summer_Min_lead18h.pkl,ACTIVE_PRODUCTION_MODEL,2000-2018,"scripts/retrain_p4_active10_matrix.py (spec a3cb9954...4fb3, Statutory Multi-Start)",fd8de4a548f0e215a0deac31beffccdf23d9950cd2b126e9dcce59b15e4ff90e,STATUTORY_TRADING_MASTER
KAUS,Min,lead24h,Summer,data/models/KAUS_Summer_Min_lead24h.pkl,ACTIVE_PRODUCTION_MODEL,2000-2018,"scripts/retrain_p4_active10_matrix.py (spec a3cb9954...4fb3, Statutory Multi-Start)",ecf57aebc2cd9141d55d689a9786788053824f263982a7ce9952809010ccdfdf,STATUTORY_TRADING_MASTER
KAUS,Min,lead30h,Summer,data/models/KAUS_Summer_Min_lead30h.pkl,ACTIVE_PRODUCTION_MODEL,2000-2018,"scripts/retrain_p4_active10_matrix.py (spec a3cb9954...4fb3, Statutory Multi-Start)",be3d1449f9186812f603f1a5bd6ed0d6e1fe1be512311b3aeead6285cca5e7ea,STATUTORY_TRADING_MASTER
KAUS,Min,lead36h,Summer,data/models/KAUS_Summer_Min_lead36h.pkl,ACTIVE_PRODUCTION_MODEL,2000-2018,"scripts/retrain_p4_active10_matrix.py (spec a3cb9954...4fb3, Statutory Multi-Start)",58b48b5b06afafd43c66f97c7fed6dcb56d6ee4aab62a288cf3a99190111b586,STATUTORY_TRADING_MASTER
KAUS,Min,lead42h,Summer,data/models/KAUS_Summer_Min_lead42h.pkl,ACTIVE_PRODUCTION_MODEL,2000-2018,"scripts/retrain_p4_active10_matrix.py (spec a3cb9954...4fb3, Statutory Multi-Start)",ef7048ed76fe874d19f6436ea115a47ab783e605b4ca50bf0d7b00ba74bc2292,STATUTORY_TRADING_MASTER
KAUS,Min,lead48h,Summer,data/models/KAUS_Summer_Min_lead48h.pkl,ACTIVE_PRODUCTION_MODEL,2000-2018,"scripts/retrain_p4_active10_matrix.py (spec a3cb9954...4fb3, Statutory Multi-Start)",3fb4efcdec11b0f2ff91fe325628ab772444e24ec59c2584609659ad1f9a4248,STATUTORY_TRADING_MASTER
KAUS,Min,lead54h,Summer,data/models/KAUS_Summer_Min_lead54h.pkl,ACTIVE_PRODUCTION_MODEL,2000-2018,"scripts/retrain_p4_active10_matrix.py (spec a3cb9954...4fb3, Statutory Multi-Start)",831ff5e183cd0d96c643898608ef08f0f65541f2870374fe667bc4e19a718a38,STATUTORY_TRADING_MASTER
KAUS,Min,lead60h,Summer,data/models/KAUS_Summer_Min_lead60h.pkl,ACTIVE_PRODUCTION_MODEL,2000-2018,"scripts/retrain_p4_active10_matrix.py (spec a3cb9954...4fb3, Statutory Multi-Start)",002dbe365f2ff2dd013a4e495ffff393bc1d94a1ad5bd0800db93de9b1c9ae61,STATUTORY_TRADING_MASTER
KAUS,Min,lead66h,Summer,data/models/KAUS_Summer_Min_lead66h.pkl,ACTIVE_PRODUCTION_MODEL,2000-2018,"scripts/retrain_p4_active10_matrix.py (spec a3cb9954...4fb3, Statutory Multi-Start)",f1a3d06622bd812c6edfabd01c1c5a41152f1a4a0ab759b5ca529cd190741ffe,AUXILIARY_POOLED_FALLBACK
KAUS,Min,lead72h,Summer,data/models/KAUS_Summer_Min_lead72h.pkl,ACTIVE_PRODUCTION_MODEL,2000-2018,"scripts/retrain_p4_active10_matrix.py (spec a3cb9954...4fb3, Statutory Multi-Start)",c070fc6235e43b0610f40865673a7202cb197919750192bce8a9e81061798d3f,AUXILIARY_POOLED_FALLBACK
KAUS,Max,lead6h,Autumn,data/models/KAUS_Autumn_Max_lead6h.pkl,ACTIVE_PRODUCTION_MODEL,2000-2018,"scripts/retrain_p4_active10_matrix.py (spec a3cb9954...4fb3, Statutory Multi-Start)",038fc56958feb6cce6cd9de03fa056770c333365f802c29aab9b7f75a82dcc6d,POOLED-FALLBACK
KAUS,Max,lead12h,Autumn,data/models/KAUS_Autumn_Max_lead12h.pkl,ACTIVE_PRODUCTION_MODEL,2000-2018,"scripts/retrain_p4_active10_matrix.py (spec a3cb9954...4fb3, Statutory Multi-Start)",c3c243494dccb43f05bb1d07b95427859aba24060b21a0c31eaa3d3f3f122ef2,STATUTORY_TRADING_MASTER
KAUS,Max,lead18h,Autumn,data/models/KAUS_Autumn_Max_lead18h.pkl,ACTIVE_PRODUCTION_MODEL,2000-2018,"scripts/retrain_p4_active10_matrix.py (spec a3cb9954...4fb3, Statutory Multi-Start)",5f8a591e750376907a8c8116cf8a9262b2e7df1f93348f9dead5358f0cdc40f1,STATUTORY_TRADING_MASTER
KAUS,Max,lead24h,Autumn,data/models/KAUS_Autumn_Max_lead24h.pkl,ACTIVE_PRODUCTION_MODEL,2000-2018,"scripts/retrain_p4_active10_matrix.py (spec a3cb9954...4fb3, Statutory Multi-Start)",60cca7df87e0e4c42eb432c11d1d5cefb83670b53fe5dbae4b73f87597159e0e,STATUTORY_TRADING_MASTER
KAUS,Max,lead30h,Autumn,data/models/KAUS_Autumn_Max_lead30h.pkl,ACTIVE_PRODUCTION_MODEL,2000-2018,"scripts/retrain_p4_active10_matrix.py (spec a3cb9954...4fb3, Statutory Multi-Start)",2565851f4fd5d8bb32eb2ca91e4bea25df25e7ab12d716e5fe69cf39479c891f,STATUTORY_TRADING_MASTER
KAUS,Max,lead36h,Autumn,data/models/KAUS_Autumn_Max_lead36h.pkl,ACTIVE_PRODUCTION_MODEL,2000-2018,"scripts/retrain_p4_active10_matrix.py (spec a3cb9954...4fb3, Statutory Multi-Start)",0e4b6be5a5608ea458698251ed45c622816aefda21e23b5e8dac3ccddb746d77,STATUTORY_TRADING_MASTER
KAUS,Max,lead42h,Autumn,data/models/KAUS_Autumn_Max_lead42h.pkl,ACTIVE_PRODUCTION_MODEL,2000-2018,"scripts/retrain_p4_active10_matrix.py (spec a3cb9954...4fb3, Statutory Multi-Start)",a43cac62034c45dc9039d724b7be60eae70c891fa11ff4d9fdc52c86fc104c81,STATUTORY_TRADING_MASTER
KAUS,Max,lead48h,Autumn,data/models/KAUS_Autumn_Max_lead48h.pkl,ACTIVE_PRODUCTION_MODEL,2000-2018,"scripts/retrain_p4_active10_matrix.py (spec a3cb9954...4fb3, Statutory Multi-Start)",8f1cf00f30cca8cfa828d992a76e9ab5a075437416fb51544d98fb0186f2a8ce,STATUTORY_TRADING_MASTER
KAUS,Max,lead54h,Autumn,data/models/KAUS_Autumn_Max_lead54h.pkl,ACTIVE_PRODUCTION_MODEL,2000-2018,"scripts/retrain_p4_active10_matrix.py (spec a3cb9954...4fb3, Statutory Multi-Start)",dfce56a1b552bc7cbfb365c393aeeec7cb430c4045267681fc128c315abd7ae9,STATUTORY_TRADING_MASTER
KAUS,Max,lead60h,Autumn,data/models/KAUS_Autumn_Max_lead60h.pkl,ACTIVE_PRODUCTION_MODEL,2000-2018,"scripts/retrain_p4_active10_matrix.py (spec a3cb9954...4fb3, Statutory Multi-Start)",8bbc0b85976438ea26c965dafa60ea6eff0548bb9fd8181cf4640f30ad103c29,AUXILIARY_POOLED_FALLBACK
KAUS,Max,lead66h,Autumn,data/models/KAUS_Autumn_Max_lead66h.pkl,ACTIVE_PRODUCTION_MODEL,2000-2018,"scripts/retrain_p4_active10_matrix.py (spec a3cb9954...4fb3, Statutory Multi-Start)",45cfd78774fd0e0fcbe70ed2e8f860e6b2f154b53900a6582f69cb3372d395d7,STATUTORY_TRADING_MASTER
KAUS,Max,lead72h,Autumn,data/models/KAUS_Autumn_Max_lead72h.pkl,ACTIVE_PRODUCTION_MODEL,2000-2018,"scripts/retrain_p4_active10_matrix.py (spec a3cb9954...4fb3, Statutory Multi-Start)",f6ea44c83228979521da73fe041932a2641ced1976b7a2a9f87536afdcd70d5c,AUXILIARY_POOLED_FALLBACK
KAUS,Min,lead6h,Autumn,data/models/KAUS_Autumn_Min_lead6h.pkl,ACTIVE_PRODUCTION_MODEL,2000-2018,"scripts/retrain_p4_active10_matrix.py (spec a3cb9954...4fb3, Statutory Multi-Start)",37349bbda2743721a5607abbe22f7e81d7af2380974f036a14b9145a02433dfe,POOLED-FALLBACK
KAUS,Min,lead12h,Autumn,data/models/KAUS_Autumn_Min_lead12h.pkl,ACTIVE_PRODUCTION_MODEL,2000-2018,"scripts/retrain_p4_active10_matrix.py (spec a3cb9954...4fb3, Statutory Multi-Start)",c5bed0bfb462e61d11b3e7a7430c70201f9c7e62561153e060d34a1c7c12e0d2,STATUTORY_TRADING_MASTER
KAUS,Min,lead18h,Autumn,data/models/KAUS_Autumn_Min_lead18h.pkl,ACTIVE_PRODUCTION_MODEL,2000-2018,"scripts/retrain_p4_active10_matrix.py (spec a3cb9954...4fb3, Statutory Multi-Start)",c0965417594472fc192c847ba9b6d0fc6d7b3fca8e0a5fe1c3c3ddbddc1ec8cc,STATUTORY_TRADING_MASTER
KAUS,Min,lead24h,Autumn,data/models/KAUS_Autumn_Min_lead24h.pkl,ACTIVE_PRODUCTION_MODEL,2000-2018,"scripts/retrain_p4_active10_matrix.py (spec a3cb9954...4fb3, Statutory Multi-Start)",b723506c3866bda98bbcb02e2d737f728f8dc3f9f9257140fb4d3d95f156a55f,STATUTORY_TRADING_MASTER
KAUS,Min,lead30h,Autumn,data/models/KAUS_Autumn_Min_lead30h.pkl,ACTIVE_PRODUCTION_MODEL,2000-2018,"scripts/retrain_p4_active10_matrix.py (spec a3cb9954...4fb3, Statutory Multi-Start)",0c64f297460c034018e005eb241081a141d3545a4de165e40871ce4ed9ad9182,STATUTORY_TRADING_MASTER
KAUS,Min,lead36h,Autumn,data/models/KAUS_Autumn_Min_lead36h.pkl,ACTIVE_PRODUCTION_MODEL,2000-2018,"scripts/retrain_p4_active10_matrix.py (spec a3cb9954...4fb3, Statutory Multi-Start)",650a6e670a70575b30ee2a3f7af15b17accd87d0847e8098c5309599a6b93715,STATUTORY_TRADING_MASTER
KAUS,Min,lead42h,Autumn,data/models/KAUS_Autumn_Min_lead42h.pkl,ACTIVE_PRODUCTION_MODEL,2000-2018,"scripts/retrain_p4_active10_matrix.py (spec a3cb9954...4fb3, Statutory Multi-Start)",9b7c95f8d1fb8a5371d473918062a57aaa4771c25fa7ff457dc49fbe202c1078,STATUTORY_TRADING_MASTER
KAUS,Min,lead48h,Autumn,data/models/KAUS_Autumn_Min_lead48h.pkl,ACTIVE_PRODUCTION_MODEL,2000-2018,"scripts/retrain_p4_active10_matrix.py (spec a3cb9954...4fb3, Statutory Multi-Start)",8008a01a3f38261caa3082468cfca30517dbfc0b4e0cda27815fece2ded69fb5,STATUTORY_TRADING_MASTER
KAUS,Min,lead54h,Autumn,data/models/KAUS_Autumn_Min_lead54h.pkl,ACTIVE_PRODUCTION_MODEL,2000-2018,"scripts/retrain_p4_active10_matrix.py (spec a3cb9954...4fb3, Statutory Multi-Start)",da24cb653b5b9ae88d2ab995573792ca9cfe95bbe792e7d7229d48f246d91aaa,STATUTORY_TRADING_MASTER
KAUS,Min,lead60h,Autumn,data/models/KAUS_Autumn_Min_lead60h.pkl,ACTIVE_PRODUCTION_MODEL,2000-2018,"scripts/retrain_p4_active10_matrix.py (spec a3cb9954...4fb3, Statutory Multi-Start)",af888a3b57c098a8e62e763cbc82d4e86422270e07205d604b64042f1b7662f8,STATUTORY_TRADING_MASTER
KAUS,Min,lead66h,Autumn,data/models/KAUS_Autumn_Min_lead66h.pkl,ACTIVE_PRODUCTION_MODEL,2000-2018,"scripts/retrain_p4_active10_matrix.py (spec a3cb9954...4fb3, Statutory Multi-Start)",d38e8f7b4a845e515acd9645418b606d28a46426540758fd47c7af3779327fab,AUXILIARY_POOLED_FALLBACK
KAUS,Min,lead72h,Autumn,data/models/KAUS_Autumn_Min_lead72h.pkl,ACTIVE_PRODUCTION_MODEL,2000-2018,"scripts/retrain_p4_active10_matrix.py (spec a3cb9954...4fb3, Statutory Multi-Start)",566f0a49e2500b4c06abcc6ad7687ff2ce5f46d416e540c35d11adc4d0cfd2da,AUXILIARY_POOLED_FALLBACK
